time,Actual,Simulation,Improvement,3.657969827,20.19542636
0:00,400,400,0,399.88,
0:02,400,400,0,400.75,
0:04,400,400,0,400.75,
0:06,400,400,0,401.04,
0:08,400,400,0,401.33,
0:10,400,400,0,400.46,
0:12,400,400,0,400.46,
0:14,400,400,0,399.88,
0:16,400,400,0,400.46,
0:18,400,400,0,400.75,
0:20,400,409.9824,9.9824,399.59,
0:22,400,402.90822,2.90822,400.46,
0:24,400,405.38626,5.38626,400.75,
0:26,400,400.10097,0.10097,400.46,
0:28,400,400.17251,0.17251,400.46,
0:30,400,399.88675,-0.11325,399.59,
0:32,400,399.65852,-0.34148,399.02,
0:34,400.8943266,399.95472,-0.939606587,399.02,
0:36,398.7090462,398.32762,-0.381426228,398.44,
0:38,399.5239295,400.59186,1.06793051,399.02,
0:40,398.0459974,397.92478,-0.121217401,399.31,
0:42,398.973123,399.73334,0.760216987,399.02,
0:44,399.7558355,401.26773,1.511894541,399.02,
0:46,399.9679201,401.61418,1.646259944,400.75,
0:48,399.519084,400.69301,1.173926025,400.46,
0:50,399.1120238,399.97173,0.859706207,399.59,
0:52,399.6391672,401.004,1.364832838,398.15,
0:54,399.3762239,400.46891,1.092686078,397.57,
0:56,400.3545458,402.29743,1.942884227,397.57,
0:58,398.2814619,398.2871,0.005638109,398.15,
1:00,399.7572871,401.08795,1.330662935,399.02,
1:02,399.1942796,400.03942,0.845140388,399.59,
1:04,398.7705814,399.18967,0.419088625,400.46,
1:06,399.4498844,400.53647,1.086585604,400.75,
1:08,399.5622369,400.76154,1.199303075,400.75,
1:10,398.6423841,398.90769,0.265305948,400.75,
1:12,399.257234,400.15389,0.896655974,401.04,
1:14,399.6547798,400.90291,1.248130244,402.2,
1:16,399.4358621,400.42863,0.992767945,402.2,
1:18,399.3808308,400.29829,0.917459184,402.49,
1:20,398.4354485,398.53125,0.095801477,402.49,
1:22,398.9764135,399.55871,0.582296515,402.49,
1:24,399.9575757,401.49049,1.532914253,402.2,
1:26,398.3679903,398.42601,0.058019663,401.04,
1:28,398.9413566,399.51117,0.569813355,399.59,
1:30,399.2633899,400.19152,0.92813014,399.59,
1:32,399.3115621,400.23274,0.921177869,399.59,
1:34,398.5944975,398.83617,0.241672509,400.75,
1:36,398.9802608,399.55733,0.577069199,400.75,
1:38,399.1133353,399.90684,0.793504737,400.46,
1:40,398.7378778,399.18455,0.446672238,399.88,
1:42,399.729355,401.05404,1.32468496,399.88,
1:44,399.5805787,400.78176,1.201181278,400.46,
1:46,398.8726891,399.37434,0.501650851,399.59,
1:48,399.0752301,399.85494,0.779709919,400.46,
1:50,398.8466466,399.34396,0.497313395,400.75,
1:52,399.7654013,401.17218,1.406778703,401.04,
1:54,399.7695782,401.15128,1.381701808,401.04,
1:56,398.6133668,398.85787,0.244503211,401.04,
1:58,398.5067329,398.72149,0.214757059,400.75,
2:00,398.8888352,399.49525,0.606414803,400.75,
2:02,399.6719801,400.97653,1.304549936,399.88,
2:04,399.394464,400.44356,1.049095954,399.31,
2:06,399.1448317,400.00672,0.861888289,398.44,
2:08,399.5052327,400.62069,1.115457334,397.86,
2:10,399.2042809,400.00392,0.799639077,397.86,
2:12,399.4089835,400.42428,1.015296492,398.15,
2:14,399.3959993,400.42559,1.029590666,399.59,
2:16,398.2214496,398.14282,-0.078629626,400.46,
2:18,399.3358237,400.29961,0.963786268,399.59,
2:20,398.5665836,398.82254,0.255956357,399.59,
2:22,400.5451993,402.64952,2.104320673,399.59,
2:24,398.7003953,399.05777,0.357374698,400.46,
2:26,399.2164852,400.11672,0.900234752,400.75,
2:28,398.9661751,399.56145,0.595274916,400.46,
2:30,399.4391931,400.52497,1.085776915,400.46,
2:32,399.5740962,400.76997,1.195873783,399.59,
2:34,399.4710038,400.5342,1.063196152,399.59,
2:36,398.6862393,398.97825,0.292010747,398.44,
2:38,398.5579755,398.74036,0.182384471,399.02,
2:40,398.8189959,399.28398,0.46498415,399.31,
2:42,399.1973245,400.10998,0.912655498,399.88,
2:44,399.6257042,400.85211,1.226405833,399.59,
2:46,398.4934041,398.66983,0.176425886,400.46,
2:48,399.6419426,400.89652,1.254577442,401.04,
2:50,399.0458378,399.80194,0.756102181,399.88,
2:52,399.4755776,400.66526,1.189682355,401.33,
2:54,398.9193744,399.50743,0.588055633,402.2,
2:56,399.6054254,400.8548,1.249374639,402.49,
2:58,399.1978409,399.99305,0.795209087,402.49,
3:00,399.5841102,400.7314,1.147289789,400.75,
3:02,398.8041347,399.26119,0.457055331,400.75,
3:04,398.7765967,399.20296,0.426363288,401.04,
3:06,398.8463679,399.39588,0.549512059,400.46,
3:08,399.1962291,400.12023,0.924000881,400.46,
3:10,399.8733937,401.37772,1.504326319,400.46,
3:12,398.8513921,399.37983,0.528437864,400.75,
3:14,399.5773214,400.77896,1.201638646,400.46,
3:16,398.8043294,399.24633,0.442000577,399.88,
3:18,399.3834732,400.36472,0.981246801,399.88,
3:20,399.1330215,399.91187,0.778848518,400.46,
3:22,398.6651588,398.94649,0.281331188,399.88,
3:24,398.4637105,398.62341,0.159699495,399.59,
3:26,399.801798,401.28002,1.478221976,399.02,
3:28,399.0956062,399.89713,0.801523845,399.31,
3:30,399.5753212,400.79388,1.21855879,400.46,
3:32,399.2133147,400.08342,0.870105296,399.02,
3:34,399.3855226,400.42475,1.039227414,398.44,
3:36,399.2270926,400.10234,0.875247372,398.44,
3:38,399.0040994,399.60497,0.600870609,400.46,
3:40,398.6412115,399.00811,0.366898455,401.04,
3:42,399.1602357,399.94627,0.786034265,400.75,
3:44,399.7005903,401.03282,1.332229717,400.75,
3:46,398.6299203,398.9275,0.297579732,401.91,
3:48,399.1737259,400.02183,0.848104094,401.33,
3:50,399.4686515,400.60653,1.13787847,400.75,
3:52,398.9289721,399.52115,0.592177926,400.46,
3:54,399.7214801,401.08113,1.359649903,399.59,
3:56,399.0346661,399.72595,0.691283915,399.88,
3:58,399.0967915,399.84418,0.747388453,399.88,
4:00,399.1352337,399.87799,0.742756285,400.46,
4:02,398.552892,398.80212,0.24922804,400.75,
4:04,398.9787668,399.63707,0.658303186,400.75,
4:06,398.9490042,399.56571,0.6167058,400.75,
4:08,398.8327415,399.40764,0.574898489,400.75,
4:10,399.0041125,399.73717,0.733057479,399.59,
4:12,399.3540114,400.39066,1.036648645,399.31,
4:14,399.7103208,401.13078,1.420459217,399.59,
4:16,399.1732225,400.00708,0.833857526,401.04,
4:18,398.5470143,398.85876,0.311745697,402.2,
4:20,399.5410001,400.71865,1.177649879,396.7,
4:22,399.8294361,401.29884,1.469403895,390.63,
4:24,399.6124721,400.88194,1.269467897,386.28,
4:26,398.7207038,399.13479,0.414086217,383.68,
4:28,399.3331896,400.31311,0.979920396,381.66,
4:30,399.0077985,399.66556,0.657761509,382.52,
4:32,398.774843,399.25623,0.481387043,383.1,
4:34,400.0791871,401.77937,1.700182887,383.68,
4:36,399.2833298,400.21115,0.92782016,384.84,
4:38,399.2999239,400.26168,0.961756139,386,
4:40,399.6666263,400.95474,1.288113722,385.13,
4:42,399.7849302,401.18025,1.395319826,384.84,
4:44,398.850503,399.32995,0.47944697,384.84,
4:46,399.8696239,401.32474,1.455116114,385.42,
4:48,399.2308092,400.02008,0.789270815,385.13,
4:50,399.8213031,401.19154,1.370236911,386,
4:52,398.3730507,398.35127,-0.021780693,385.13,
4:54,398.37705,398.44709,0.07003998,385.13,
4:56,399.1915526,400.03259,0.841037402,385.42,
4:58,399.0579071,399.78853,0.730622889,384.84,
5:00,399.89622,401.38706,1.490840009,384.55,
5:02,400.0333336,401.64658,1.613246447,383.68,
5:04,399.5069336,400.56437,1.057436401,383.39,
5:06,398.4236971,398.46883,0.045132875,384.84,
5:08,398.4801182,398.60448,0.124361763,384.84,
5:10,398.4620206,398.55943,0.097409364,385.42,
5:12,399.6312529,400.90455,1.273297141,385.13,
5:14,399.1214248,399.8712,0.749775209,385.42,
5:16,399.5885605,400.79699,1.208429542,386,
5:18,398.7457876,399.15077,0.404982361,386,
5:20,400.2955539,402.192,1.896446135,386,
5:22,398.6811395,398.96776,0.286620456,386,
5:24,398.2772475,398.25442,-0.022827547,385.42,
5:26,399.8788613,401.33993,1.461068712,385.42,
5:28,399.0791728,399.77571,0.696537186,385.42,
5:30,399.389059,400.41586,1.026801014,384.84,
5:32,399.5128742,400.67879,1.165915826,385.42,
5:34,399.7583024,401.03973,1.28142765,384.84,
5:36,398.4956604,398.59346,0.097799633,384.84,
5:38,399.0151251,399.65269,0.637564871,385.42,
5:40,399.5228463,400.64102,1.118173727,385.42,
5:42,399.3448721,400.32204,0.977167928,386,
5:44,399.3745867,400.30275,0.928163331,385.42,
5:46,398.9598358,399.56993,0.610094172,385.13,
5:48,399.3243736,400.29702,0.972646389,386,
5:50,399.3177254,400.23734,0.919614589,386.28,
5:52,398.9083485,399.49393,0.585581513,386,
5:54,399.6563203,400.89935,1.243029675,385.42,
5:56,399.2563403,400.1233,0.866959656,384.84,
5:58,399.575937,400.72797,1.152033015,384.84,
6:00,399.1258335,399.85931,0.733476506,384.55,
6:02,399.0704333,399.66932,0.598886742,383.39,
6:04,399.4163874,400.45541,1.039022613,383.1,
6:06,399.0631746,399.76202,0.698845416,383.97,
6:08,398.9311651,399.47361,0.542444946,384.55,
6:10,399.5283311,400.58898,1.060648925,384.55,
6:12,398.2495339,398.16557,-0.083963932,384.55,
6:14,400.3855256,402.29326,1.907734441,384.84,
6:16,399.1138416,399.80831,0.694468401,384.84,
6:18,399.1245384,399.84453,0.71999162,385.13,
6:20,398.6978617,398.9885,0.290638277,385.42,
6:22,399.552739,400.6434,1.090661042,386.28,
6:24,398.9184498,399.38642,0.467970239,385.13,
6:26,399.0135244,399.61664,0.603115618,383.97,
6:28,399.1021333,399.77343,0.671296731,383.68,
6:30,398.8102981,399.22055,0.410251887,383.97,
6:32,399.2263986,400.02037,0.793971395,384.84,
6:34,398.7927806,399.24365,0.450869428,385.13,
6:36,398.8884284,399.40632,0.517891641,384.55,
6:38,398.8695456,399.40739,0.537844357,384.84,
6:40,399.6825349,400.96109,1.278555118,384.84,
6:42,399.6823063,400.95622,1.273913686,386,
6:44,397.6352053,397.05693,-0.57827531,399.59,
6:46,398.7093202,399.14992,0.440599822,409.72,
6:48,398.374063,398.63764,0.263577049,416.67,
6:50,399.2343346,400.16667,0.932335422,419.27,
6:52,399.5579154,400.79933,1.241414644,418.11,
6:54,400.3082227,402.19262,1.884397274,415.8,
6:56,398.7657212,399.25158,0.485858836,415.22,
6:58,399.3400816,400.3423,1.002218383,414.93,
7:00,413.289236,408.09683,-5.192405962,416.96,
7:02,417.655776,416.9387,-0.717076026,419.56,
7:04,419.6007634,420.85635,1.255586559,421.01,
7:06,419.5570045,420.75427,1.197265457,420.14,
7:08,419.8228273,421.20903,1.386202668,419.56,
7:10,416.6558084,415.19853,-1.457278366,419.56,
7:12,417.7346933,417.25732,-0.477373294,418.69,
7:14,415.1729236,417.27196,2.099036367,419.56,
7:16,409.1378302,415.80763,6.669799823,420.14,
7:18,416.0359574,422.75245,6.716492612,420.14,
7:20,408.1015233,416.13108,8.02955667,420.72,
7:22,408.2354564,418.99576,10.76030364,420.72,
7:24,405.9119453,418.48021,12.56826469,419.85,
7:26,406.1805107,419.79024,13.60972927,419.56,
7:28,408.4112844,421.27133,12.86004561,419.56,
7:30,409.9894909,421.31757,11.32807906,419.27,
7:32,407.8623419,418.9804,11.11805811,419.27,
7:34,409.2888126,420.6737,11.38488743,419.56,
7:36,407.55996,419.02567,11.46571004,419.27,
7:38,408.6253016,420.41276,11.78745841,420.14,
7:40,406.262267,418.64466,12.38239303,422.45,
7:42,406.8131003,419.96224,13.14913975,422.16,
7:44,406.4352788,419.64852,13.21324116,422.16,
7:46,408.0819044,415.32076,7.238855611,421.59,
7:48,408.2420409,417.7959,9.553859125,421.01,
7:50,406.2036453,418.27725,12.07360473,419.85,
7:52,405.582593,419.8223,14.23970701,418.69,
7:54,404.8167467,419.79619,14.97944334,416.38,
7:56,405.5498608,419.71845,14.16858924,415.22,
7:58,402.8790718,419.14871,16.26963816,416.96,
8:00,402.992169,418.9578,15.96563105,418.11,
8:02,403.9487349,419.56433,15.61559513,419.27,
8:04,403.0748637,419.88724,16.81237635,419.27,
8:06,403.4939169,420.51613,17.02221315,417.82,
8:08,404.6241208,418.92122,14.2970992,417.25,
8:10,398.928459,413.85553,14.92707095,419.85,
8:12,402.4886307,421.03744,18.54880928,421.3,
8:14,402.0916058,418.02636,15.93475416,419.27,
8:16,400.8145226,416.67116,15.8566374,419.56,
8:18,400.2704043,415.64231,15.3719057,419.27,
8:20,400.1513996,415.52688,15.37548035,419.56,
8:22,400.4196873,415.02598,14.60629266,419.56,
8:24,404.0885837,418.99281,14.90422627,421.01,
8:26,399.1571266,415.09064,15.93351341,421.59,
8:28,398.6930746,415.48464,16.7915654,419.27,
8:30,401.9355152,417.47907,15.54355485,418.11,
8:32,401.0935557,415.87475,14.78119429,416.67,
8:34,401.8089869,416.67603,14.86704311,416.96,
8:36,401.6528471,419.83856,18.18571293,416.96,
8:38,398.2405642,414.57222,16.33165585,417.82,
8:40,399.3997395,416.85738,17.45764048,418.4,
8:42,399.0053533,413.92779,14.92243671,419.56,
8:44,399.4190979,416.44941,17.03031207,420.14,
8:46,398.7642073,413.50376,14.73955265,421.01,
8:48,398.7342663,414.92297,16.18870368,420.14,
8:50,400.8453213,416.24721,15.40188866,420.14,
8:52,397.7782084,413.54142,15.7632116,418.69,
8:54,401.8786058,416.671,14.79239416,418.11,
8:56,397.3231112,413.64261,16.31949876,417.25,
8:58,397.2272352,413.20306,15.9758248,419.27,
9:00,400.7210214,415.50414,14.7831186,402.49,
9:02,399.5130681,416.01407,16.50100193,394.68,
9:04,399.3093583,414.68479,15.37543168,392.07,
9:06,399.0578129,414.53473,15.47691706,392.65,
9:08,398.8603554,414.068,15.20764457,390.63,
9:10,400.2172403,412.83993,12.62268966,388.31,
9:12,397.7632614,412.9372,15.17393859,386.86,
9:14,399.4859854,415.22382,15.73783462,383.68,
9:16,399.510165,415.20195,15.69178504,383.1,
9:18,398.6929884,414.54828,15.85529164,381.66,
9:20,400.9985527,418.14094,17.14238733,380.21,
9:22,399.6403523,415.23999,15.59963774,379.63,
9:24,398.4602558,415.74803,17.28777415,378.76,
9:26,400.3245505,413.56923,13.24467946,378.76,
9:28,401.6450217,417.5328,15.88777831,376.16,
9:30,402.4273408,417.36088,14.93353915,377.31,
9:32,398.8527781,414.48489,15.63211191,376.45,
9:34,400.7382995,417.06875,16.33045055,375,
9:36,401.3293182,415.7533,14.42398178,374.42,
9:38,400.8136087,415.24896,14.43535126,373.26,
9:40,403.2195106,415.37666,12.15714941,371.82,
9:42,399.8670351,414.46042,14.59338485,371.53,
9:44,399.0249527,413.09405,14.06909733,371.53,
9:46,398.2279236,413.49631,15.26838644,370.66,
9:48,400.1336114,415.90865,15.77503858,371.53,
9:50,398.2421272,413.82139,15.57926277,371.53,
9:52,399.4210056,412.74978,13.32877441,369.5,
9:54,397.9832221,412.29602,14.31279791,368.63,
9:56,398.4745215,411.85134,13.37681845,367.48,
9:58,401.149234,414.37513,13.22589601,367.77,
10:00,399.4043575,411.21472,11.81036247,366.61,
10:02,399.7357828,412.18489,12.44910725,366.32,
10:04,399.0447123,414.36708,15.32236771,365.74,
10:06,398.5071114,410.37872,11.87160863,365.16,
10:08,398.6212185,413.13442,14.51320149,364.87,
10:10,398.1112557,413.03771,14.92645425,366.32,
10:12,398.5233686,413.93554,15.41217135,366.03,
10:14,399.1704752,412.86142,13.69094484,366.32,
10:16,401.4002682,414.69799,13.29772177,366.32,
10:18,401.2069445,415.00641,13.79946548,367.48,
10:20,398.0145829,412.4752,14.46061707,367.48,
10:22,398.4280351,414.88548,16.45744487,367.48,
10:24,400.3108531,415.51597,15.2051169,367.77,
10:26,403.0831504,417.53303,14.44987959,367.77,
10:28,400.8033479,415.66824,14.86489209,368.92,
10:30,398.4372108,414.2723,15.83508921,369.21,
10:32,400.5831321,416.65603,16.07289789,367.77,
10:34,399.7882106,414.68483,14.89661944,367.19,
10:36,399.857862,418.21078,18.35291804,366.32,
10:38,400.1169646,414.21472,14.09775541,366.61,
10:40,400.8863731,416.68153,15.79515688,367.48,
10:42,401.403372,414.50358,13.10020796,368.92,
10:44,400.3146866,413.61147,13.29678336,368.63,
10:46,401.0272391,415.16331,14.1360709,369.21,
10:48,402.631504,416.35909,13.72758602,370.37,
10:50,404.2649221,418.18823,13.9233079,370.08,
10:52,400.6981352,417.21653,16.51839485,370.37,
10:54,404.0896487,418.00318,13.9135313,371.82,
10:56,403.1857249,417.8311,14.64537509,372.11,
10:58,401.5350839,416.50085,14.96576613,372.97,
11:00,402.3553664,417.29742,14.94205358,373.26,
11:02,403.2702897,418.5831,15.31281032,373.84,
11:04,403.1607637,420.48126,17.32049632,374.42,
11:06,404.0739622,420.21135,16.1373878,375.29,
11:08,400.2797207,416.42088,16.14115929,375.87,
11:10,401.2215661,421.4169925,20.19542636,376.16,
11:12,401.4962258,419.416622,17.92039628,376.45,
11:14,402.9024816,418.4174914,15.51500974,376.45,
11:16,402.1894946,418.4200546,16.23056002,377.31,
11:18,403.8173937,421.4199968,17.60260301,377.31,
11:20,401.6365598,420.4182676,18.78170778,378.76,
11:22,404.6983293,418.4197082,13.72137889,379.63,
11:24,403.0598594,421.4194455,18.35958605,380.21,
11:26,404.701521,419.4190818,14.71756074,381.94,
11:28,407.4014853,421.4248201,14.0233348,383.39,
11:30,403.3346849,422.4187433,19.08405842,383.97,
11:32,407.9053799,420.4199156,12.5145356,383.68,
11:34,408.2537995,422.4236512,14.1698517,383.97,
11:36,407.5576666,420.4254418,12.86777511,385.13,
11:38,405.4352496,421.4216603,15.98641072,383.39,
11:40,406.6155144,422.4237724,15.80825797,383.68,
11:42,408.2746856,418.4260091,10.15132348,385.13,
11:44,407.3623227,418.4226201,11.06029738,386.57,
11:46,410.2388486,420.4241757,10.18532709,375,
11:48,408.1608767,419.4235574,11.26268073,388.02,
11:50,410.1400924,419.4204813,9.280388856,390.34,
11:52,411.4010901,419.4202114,8.01912122,391.2,
11:54,411.8929464,418.4164209,6.523474446,392.36,
11:56,411.1111132,421.4169925,10.30587927,393.52,
11:58,412.6062342,418.416622,5.810387857,393.81,
12:00,413.0131515,421.4174914,8.40433986,392.65,
12:02,410.5305913,419.4200546,8.889463274,394.1,
12:04,412.7032165,419.4199968,6.716780232,394.1,
12:06,413.5175759,418.4182676,4.900691735,394.1,
12:08,414.856788,419.4197082,4.562920162,393.52,
12:10,413.5137252,422.4194455,8.905720242,393.81,
12:12,411.3171557,420.4190818,9.101926099,393.52,
12:14,413.8770444,421.4248201,7.547775738,394.1,
12:16,414.934875,422.4187433,7.483868304,394.1,
12:18,409.9730004,422.4199156,12.44691511,355.03,
12:20,410.5704329,422.4236512,11.85321833,338.25,
12:22,412.8834824,422.4254418,9.541959371,325.81,
12:24,411.2094798,418.4204813,7.211001456,357.06,
12:26,415.1272535,422.4202114,7.29295781,366.03,
12:28,413.3290971,420.4164209,7.087323818,370.66,
12:30,414.3837485,421.4169925,7.033243974,373.55,
12:32,415.647206,418.416622,2.769416015,377.6,
12:34,416.3452351,420.4174914,4.072256219,381.66,
12:36,418.9079124,422.4200546,3.512142169,384.55,
12:38,415.4044855,421.4199968,6.0155113,385.13,
12:40,415.8726865,421.4182676,5.545581108,388.02,
12:42,418.2491387,422.4197082,4.170569486,389.18,
12:44,416.4845298,420.4194455,3.934915675,390.34,
12:46,417.2514098,418.4190818,1.167671945,392.36,
12:48,416.5102009,419.4248201,2.914619227,393.23,
12:50,414.9962775,422.4187433,7.422465779,394.1,
12:52,415.1971183,421.4199156,6.222797293,395.25,
12:54,420.0214993,419.4236512,-0.597848089,395.54,
12:56,417.1855321,419.4254418,2.23990961,396.12,
12:58,417.7285126,418.4216603,0.69314764,396.7,
13:00,418.8992976,421.4237724,2.524474792,396.7,
13:02,418.6106624,422.4260091,3.815346733,397.57,
13:04,418.7479297,421.4226201,2.674690306,398.15,
13:06,419.5809094,420.4241757,0.843266258,398.44,
13:08,420.1332841,422.4235574,2.290273324,399.59,
13:10,421.4273391,421.4273391,0,399.02,
13:12,417.3246902,417.3246902,0,398.44,
13:14,416.0552945,416.0552945,0,399.31,
13:16,419.2923421,419.2923421,0,399.88,
13:18,421.1399776,421.1399776,0,400.46,
13:20,424.7051567,424.7051567,0,400.46,
13:22,421.2533281,421.2533281,0,401.04,
13:24,418.8317797,418.8317797,0,401.04,
13:26,419.0295147,419.0295147,0,399.59,
13:28,419.1228505,419.1228505,0,399.88,
13:30,418.452964,418.452964,0,399.88,
13:32,419.5199548,419.5199548,0,399.88,
13:34,419.5838156,419.5838156,0,401.33,
13:36,421.5718924,421.5718924,0,400.75,
13:38,418.6867124,418.6867124,0,400.75,
13:40,419.4359827,419.4359827,0,401.04,
13:42,418.585033,418.585033,0,400.75,
13:44,419.8811289,419.8811289,0,401.04,
13:46,419.7957728,419.7957728,0,399.59,
13:48,417.7582864,417.7582864,0,398.44,
13:50,418.2142207,418.2142207,0,398.44,
13:52,422.0876685,422.0876685,0,398.15,
13:54,420.0300956,420.0300956,0,397.86,
13:56,424.6789754,424.6789754,0,396.41,
13:58,423.8128908,423.8128908,0,397.86,
14:00,422.8170824,422.8170824,0,399.59,
14:02,422.9002767,422.9002767,0,399.02,
14:04,422.36879,422.36879,0,399.31,
14:06,420.4714822,420.4714822,0,398.15,
14:08,422.0651592,422.0651592,0,397.57,
14:10,410.9978371,410.9978371,0,396.99,
14:12,405.2191778,403.53324,-1.685937771,396.7,
14:14,404.3518482,404.51136,0.159511795,396.99,
14:16,405.4457797,407.33377,1.887990333,397.57,
14:18,403.6606136,404.07882,0.418206353,397.86,
14:20,404.6439926,405.98985,1.345857424,398.44,
14:22,403.679472,404.07163,0.39215797,399.02,
14:24,404.2750512,405.28961,1.014558849,399.02,
14:26,403.9526373,404.66514,0.712502696,399.59,
14:28,404.3950114,405.53858,1.143568633,399.59,
14:30,403.7190081,404.15211,0.433101863,398.44,
14:32,405.0536173,406.6777,1.624082689,398.15,
14:34,403.5681893,403.91948,0.351290675,397.86,
14:36,403.876791,404.50655,0.629759022,398.15,
14:38,404.61701,405.90318,1.286170008,399.02,
14:40,404.0266046,404.70493,0.678325389,399.02,
14:42,404.560552,405.74698,1.186427956,398.44,
14:44,404.206437,405.10987,0.903433021,398.15,
14:46,403.8527688,404.42633,0.573561236,398.15,
14:48,403.493455,403.71544,0.221985004,399.02,
14:50,404.8139935,406.22456,1.410566488,399.02,
14:52,403.7114607,404.1809,0.469439275,399.59,
14:54,403.8685875,404.51126,0.642672505,399.59,
14:56,404.0439844,404.79351,0.749525551,399.59,
14:58,404.4807463,405.61776,1.137013676,399.02,
15:00,404.5602217,405.80079,1.240568323,399.31,
15:02,403.5687137,403.88354,0.314826253,398.15,
15:04,403.1844244,403.21007,0.02564562,398.15,
15:06,404.5755041,405.83968,1.264175867,398.15,
15:08,404.3287987,405.3353,1.006501267,398.44,
15:10,404.2964126,405.2686,0.972187374,397.86,
15:12,404.9474697,406.51656,1.56909029,397.86,
15:14,404.4703874,405.52561,1.055222554,399.02,
15:16,403.4545498,403.69155,0.237000178,398.15,
15:18,403.5877668,403.98685,0.399083184,399.31,
15:20,404.9713807,406.56869,1.597309285,399.02,
15:22,403.8396257,404.34953,0.509904302,399.02,
15:24,404.6697359,405.96305,1.29331409,399.31,
15:26,403.3560173,403.55436,0.198342654,399.31,
15:28,405.2409922,407.11644,1.875447837,399.31,
15:30,402.8436619,402.51363,-0.330031883,399.02,
15:32,400.441886,402.54557,2.103684003,399.88,
15:34,399.8803894,401.3906,1.510210619,400.46,
15:36,400.3171067,402.17859,1.86148329,401.33,
15:38,399.8162009,401.19279,1.376589075,401.04,
15:40,398.3037276,398.33423,0.03050243,401.04,
15:42,399.5577218,400.71989,1.16216815,402.2,
15:44,398.8897938,399.44919,0.559396198,402.49,
15:46,399.2615037,400.1606,0.899096332,403.36,
15:48,398.7177004,399.16165,0.443949567,403.65,
15:50,399.5123218,400.68201,1.169688243,403.36,
15:52,399.2187275,400.10085,0.882122498,402.49,
15:54,399.3388103,400.28617,0.947359728,400.75,
15:56,398.8186524,399.38424,0.565587622,399.59,
15:58,399.6311954,400.86263,1.231434564,399.31,
16:00,398.2896472,398.33044,0.04079281,399.59,
16:02,399.8992173,401.37599,1.476772726,399.31,
16:04,399.9418702,401.46767,1.525799763,399.59,
16:06,398.8471089,399.37732,0.530211115,399.88,
16:08,398.4993197,398.79225,0.292930264,401.04,
16:10,399.4863719,400.55813,1.071758132,400.46,
16:12,400.0868503,401.7777,1.69084971,399.59,
16:14,399.1655196,399.95169,0.786170438,399.59,
16:16,398.9679876,399.57664,0.608652415,399.02,
16:18,399.3148546,400.27021,0.955355449,399.02,
16:20,377.8970467,387.21759,9.320543316,397.57,
16:22,371.4771777,374.24373,2.766552315,393.81,
16:24,369.6187244,370.67269,1.053965622,391.2,
16:26,369.8512392,371.14169,1.290450767,390.34,
16:28,369.4529338,370.44156,0.988626237,388.89,
16:30,370.0008384,371.48821,1.487371637,386.86,
16:32,369.0357738,369.71238,0.676606246,386.86,
16:34,368.6356259,368.92982,0.294194111,386.86,
16:36,370.4279364,372.33472,1.906783555,384.55,
16:38,369.4056918,370.5514,1.145708208,383.1,
16:40,369.2487554,370.20122,0.952464574,382.52,
16:42,369.0654494,369.81694,0.751490572,382.23,
16:44,369.192832,369.98464,0.791808011,381.08,
16:46,369.3362429,370.01968,0.683437113,380.5,
16:48,369.7743863,370.49031,0.715923701,377.6,
16:50,368.9201187,368.71935,-0.200768735,375,
16:52,369.1020006,369.28331,0.181309353,372.4,
16:54,369.2477449,369.73261,0.484865138,370.37,
16:56,368.0430452,367.64084,-0.40220518,367.77,
16:58,369.0380553,369.56927,0.531214674,367.19,
17:00,369.1376896,369.80906,0.671370446,367.19,
17:02,368.835753,369.22724,0.391487004,368.63,
17:04,369.5688373,370.65213,1.083292719,370.08,
17:06,368.978858,369.54803,0.569172029,370.95,
17:08,368.7377373,369.07027,0.332532735,370.37,
17:10,369.346046,370.20205,0.856004014,370.08,
17:12,369.1482936,369.86217,0.713876422,369.5,
17:14,369.2326122,370.05443,0.821817799,370.08,
17:16,369.3553383,370.25455,0.899211727,369.5,
17:18,370.0108131,371.4679,1.45708689,369.21,
17:20,368.5696597,368.78816,0.218500251,370.08,
17:22,368.9581641,369.4769,0.518735868,370.08,
17:24,368.4906691,368.62943,0.138760926,370.37,
17:26,369.3498751,370.29168,0.941804929,370.08,
17:28,369.3761043,370.30992,0.933815716,369.5,
17:30,370.3764909,372.22792,1.85142913,370.08,
17:32,369.4357369,370.40836,0.972623089,370.66,
17:34,368.7914517,369.14691,0.355458309,370.37,
17:36,369.727217,370.95215,1.224933029,370.37,
17:38,368.2541283,368.13844,-0.115688287,370.37,
17:40,369.4753859,370.46243,0.987044129,370.66,
17:42,368.6911394,369.00243,0.311290646,370.08,
17:44,368.8708643,369.35872,0.487855745,370.37,
17:46,369.5970389,370.7738,1.176761084,370.37,
17:48,362.2605686,366.13832,3.877751434,370.37,
17:50,361.332013,364.11945,2.787436957,367.77,
17:52,360.00534,361.48967,1.484330034,363.72,
17:54,359.4812882,360.44012,0.958831792,361.69,
17:56,358.296719,358.12875,-0.167969036,360.24,
17:58,359.7670307,360.93891,1.171879333,358.8,
18:00,358.9400854,359.38962,0.449534588,357.64,
18:02,358.8370534,359.17599,0.338936618,357.06,
18:04,359.3873605,360.26341,0.876049525,356.19,
18:06,358.2572418,358.1298,-0.12744176,354.75,
18:08,359.581879,360.62361,1.041730958,354.17,
18:10,359.9393114,361.2746,1.335288562,353.3,
18:12,359.4066295,360.27878,0.872150451,353.59,
18:14,359.1140782,359.72522,0.611141784,354.17,
18:16,359.2914115,360.06283,0.7714185,354.17,
18:18,359.2669533,360.00792,0.740966663,354.46,
18:20,359.6094341,360.65437,1.044935895,354.46,
18:22,359.5000737,360.41224,0.912166305,354.75,
18:24,358.1930928,357.99985,-0.193242821,355.61,
18:26,358.9549583,359.442,0.48704167,356.19,
18:28,359.9963965,361.42638,1.429983518,355.9,
18:30,358.9610447,359.44862,0.487575261,355.61,
18:32,360.1078173,361.625,1.517182699,355.61,
18:34,358.2483515,358.13982,-0.10853146,354.75,
18:36,359.4548385,360.39216,0.937321531,355.03,
18:38,358.9101921,359.36395,0.453757943,354.75,
18:40,359.4620275,360.40669,0.944662469,354.46,
18:42,359.5577607,360.54551,0.987749251,355.61,
18:44,358.6240331,358.82171,0.197676921,355.61,
18:46,359.3735196,360.27443,0.900910438,355.03,
18:48,359.3424621,360.20024,0.857777887,356.19,
18:50,359.4252338,360.34918,0.923946189,355.9,
18:52,359.4867406,360.44049,0.953749389,355.61,
18:54,359.4809747,360.45032,0.969345337,355.03,
18:56,358.4507572,358.47945,0.028692763,355.03,
18:58,359.1095227,359.74011,0.63058727,354.17,
19:00,359.6737622,360.83199,1.158227781,354.46,
19:02,359.4046422,360.30434,0.899697833,354.75,
19:04,358.9688502,359.51959,0.550739824,354.46,
19:06,359.2585896,359.98323,0.724640399,355.61,
19:08,359.4305757,360.34469,0.914114274,355.03,
19:10,359.6316092,360.76696,1.135350847,354.75,
19:12,358.6674926,358.89331,0.225817363,354.75,
19:14,359.1385652,359.8154,0.676834816,354.75,
19:16,359.0148525,359.53314,0.518287524,355.03,
19:18,359.8374471,361.09674,1.259292898,355.03,
19:20,357.9348637,357.55926,-0.375603687,355.03,
19:22,359.955233,361.34946,1.39422705,355.03,
19:24,359.501715,360.50486,1.003144991,355.03,
19:26,359.3907452,360.28971,0.898964818,355.61,
19:28,358.792366,359.16427,0.371904035,355.61,
19:30,359.8458297,361.1541,1.308270255,355.61,
19:32,359.3757987,360.28221,0.906411282,356.19,
19:34,359.259105,359.998,0.738894984,356.48,
19:36,358.902223,359.30659,0.404367019,357.64,
19:38,359.6300928,360.71586,1.085767179,359.09,
19:40,359.1126936,359.74369,0.630996388,360.82,
19:42,359.1077574,359.75693,0.649172564,361.69,
19:44,359.6318661,360.69304,1.06117391,361.69,
19:46,359.4494568,360.40878,0.959323249,361.69,
19:48,358.9762625,359.43548,0.459217541,361.69,
19:50,358.6551459,358.87876,0.223614053,360.53,
19:52,359.5513764,360.57698,1.025603578,359.95,
19:54,358.9482704,359.44656,0.498289607,358.51,
19:56,359.6045564,360.7023,1.097743589,359.09,
19:58,359.4769409,360.4396,0.962659136,362.27,
20:00,357.6763917,357.05273,-0.623661665,366.03,
20:02,358.6979623,359.00123,0.303267683,369.5,
20:04,359.9993855,361.46713,1.467744498,371.82,
20:06,359.8062291,361.15115,1.344920855,372.97,
20:08,359.2198232,359.96864,0.748816832,372.11,
20:10,359.3974952,360.28275,0.885254768,370.37,
20:12,359.5720863,360.59362,1.021533677,370.37,
20:14,357.9862333,357.65822,-0.328013286,370.08,
20:16,365.8884134,363.34844,-2.539973368,370.37,
20:18,367.903707,367.46886,-0.434847014,369.21,
20:20,369.6318482,370.83355,1.201701829,368.63,
20:22,369.1929116,370.01908,0.826168363,368.63,
20:24,369.9310244,371.39015,1.459125564,368.92,
20:26,369.963303,371.50466,1.541356954,369.21,
20:28,368.4857775,368.57516,0.089382483,370.08,
20:30,369.6626759,370.78003,1.11735412,370.66,
20:32,369.1653026,369.89961,0.734307413,370.66,
20:34,369.4329595,370.4397,1.006740533,370.08,
20:36,369.4839457,370.52522,1.041274333,370.37,
20:38,369.0853735,369.69717,0.611796455,370.95,
20:40,378.0917318,372.8843,-5.207431772,376.16,
20:42,381.7841598,380.3873,-1.396859823,381.66,
20:44,384.2387876,385.24207,1.00328236,384.84,
20:46,385.0045058,386.62958,1.625074246,387.44,
20:48,384.8931117,386.49293,1.599818259,387.73,
20:50,385.0112036,386.59824,1.587036397,386.86,
20:52,385.2270529,386.98622,1.759167123,386.28,
20:54,384.237355,385.04703,0.809675039,386.28,
20:56,384.1233441,384.81355,0.690205875,385.42,
20:58,384.0122521,384.63912,0.626867867,384.55,
21:00,384.1737112,384.90813,0.734418759,383.39,
21:02,383.655523,383.96995,0.314426999,384.55,
21:04,384.9595612,386.47668,1.517118848,384.84,
21:06,383.7021651,383.98721,0.285044914,383.97,
21:08,384.0154373,384.54777,0.532332665,384.55,
21:10,383.7817504,384.17184,0.390089629,385.13,
21:12,382.916086,382.54499,-0.371095992,386,
21:14,393.1730438,388.10974,-5.063303769,389.47,
21:16,397.5383816,396.90999,-0.628391625,394.1,
21:18,398.5839484,399.00144,0.417491564,397.57,
21:20,399.4542051,400.71902,1.264814921,399.88,
21:22,399.5367395,400.86292,1.326180464,401.91,
21:24,400.0916953,401.83492,1.743224687,402.2,
21:26,399.1668431,400.10373,0.93688693,401.91,
21:28,399.7921827,401.33319,1.541007266,401.04,
21:30,399.9855295,401.65348,1.667950494,399.88,
21:32,399.8961878,401.42341,1.527222224,397.86,
21:34,399.3505352,400.36895,1.018414774,397.57,
21:36,399.8465536,401.2818,1.435246396,396.99,
21:38,400.0870551,401.77325,1.686194868,396.99,
21:40,398.4671153,398.67394,0.206824674,398.44,
21:42,399.1670519,399.98254,0.815488066,399.02,
21:44,398.9821577,399.58223,0.60007231,399.31,
21:46,398.8223003,399.31237,0.490069696,400.46,
21:48,399.4993128,400.63126,1.131947162,401.04,
21:50,399.2432053,400.15236,0.909154724,401.33,
21:52,399.9272177,401.37752,1.450302286,401.33,
21:54,398.5511559,398.79051,0.239354109,400.75,
21:56,398.9851362,399.59807,0.612933758,399.31,
21:58,399.5183806,400.62432,1.105939376,396.99,
22:00,400.5387991,402.57752,2.038720918,396.41,
22:02,397.5728779,396.89066,-0.682217851,396.41,
22:04,398.7800889,399.27468,0.494591089,396.41,
22:06,399.5845487,400.79236,1.207811302,396.41,
22:08,398.6721227,399.04654,0.374417312,396.99,
22:10,399.4248006,400.48075,1.055949425,397.57,
22:12,399.9011235,401.36966,1.468536523,398.44,
22:14,399.0133883,399.6431,0.62971174,399.31,
22:16,399.3471686,400.2875,0.940331409,400.75,
22:18,398.4035675,398.54646,0.142892537,400.75,
22:20,400.4720547,402.42017,1.948115327,399.88,
22:22,398.0732055,397.92889,-0.144315483,399.88,
22:24,399.2496233,400.07821,0.828586743,399.88,
22:26,398.9776983,399.63669,0.658991732,400.46,
22:28,398.9004137,399.41625,0.515836308,399.59,
22:30,399.380927,400.37292,0.991993004,399.59,
22:32,399.1419555,399.87835,0.736394528,399.59,
22:34,399.3176289,400.27707,0.959441079,399.31,
22:36,398.2633334,398.3569,0.09356662,398.15,
22:38,399.5170201,400.67347,1.156449896,395.54,
22:40,398.8895284,399.49424,0.604711574,394.97,
22:42,399.2364336,400.08234,0.845906381,394.1,
22:44,399.3475722,400.31237,0.964797781,393.81,
22:46,399.1509789,399.86005,0.709071114,392.36,
22:48,399.1695103,399.95981,0.790299674,392.07,
22:50,398.968131,399.59244,0.624308986,392.36,
22:52,399.2004276,400.00938,0.80895236,393.23,
22:54,398.2132134,398.17224,-0.040973395,393.81,
22:56,398.1923691,398.14613,-0.046239078,394.1,
22:58,399.3149788,400.22095,0.905971191,394.68,
23:00,398.6886742,399.08145,0.392775847,394.97,
23:02,398.5141765,398.78538,0.271203505,394.1,
23:04,399.4408848,400.59036,1.149475215,392.36,
23:06,399.4140558,400.56066,1.146604154,390.63,
23:08,398.5706378,398.91217,0.341532163,388.89,
23:10,399.4529957,400.63769,1.184694297,388.31,
23:12,399.3160059,400.30483,0.988824108,388.31,
23:14,398.8263247,399.44699,0.620665281,387.73,
23:16,398.9698241,399.66485,0.695025856,387.44,
23:18,399.077648,399.91506,0.837411965,387.44,
23:20,399.7560755,401.19819,1.442114497,386.86,
23:22,399.539629,400.77344,1.233810998,386.57,
23:24,398.6793253,399.13652,0.457194733,385.42,
23:26,399.3386579,400.37493,1.03627214,384.84,
23:28,398.9301978,399.59961,0.669412191,383.97,
23:30,398.2323636,398.30469,0.072326418,382.52,
23:32,399.3174855,400.33743,1.019944541,382.23,
23:34,399.1138623,399.99254,0.878677673,381.94,
23:36,398.3500761,398.55537,0.205293897,381.66,
23:38,399.0640692,399.90079,0.836720833,381.08,
23:40,399.7391267,401.16811,1.428983281,381.08,
23:42,399.0607731,399.8934,0.832626875,381.08,
23:44,399.574324,400.7843,1.209975964,381.66,
23:46,398.6170301,398.97029,0.353259904,381.66,
23:48,398.9999058,399.7306,0.730694235,381.94,
23:50,399.0587442,399.84644,0.787695784,382.52,
23:52,399.1029546,399.97141,0.868455387,383.68,
23:54,399.113238,399.99484,0.881601961,383.68,
23:56,399.1148648,400.00008,0.885215241,383.97,
23:58,399.1157769,400.00125,0.885473055,383.97,
