time,baseline ,actual,Savings,
0:00,4.8295,4.97249,-0.14299,4.81546
0:02,4.8284,4.971862,-0.143462,5.24449
0:04,4.8273,4.971234,-0.143934,5.0443
0:06,4.8262,4.970606,-0.144406,5.03491
0:08,4.8251,4.969978,-0.144878,5.02848
0:10,4.824,4.96935,-0.14535,5.02264
0:12,4.8229,4.968722,-0.145822,5.01711
0:14,4.8218,4.968094,-0.146294,5.01273
0:16,4.8207,4.967466,-0.146766,5.01065
0:18,4.8196,4.966838,-0.147238,5.01093
0:20,4.8185,4.96621,-0.14771,5.01293
0:22,4.8174,4.965582,-0.148182,5.01598
0:24,4.8163,4.964954,-0.148654,5.01952
0:26,4.8152,4.964326,-0.149126,5.02318
0:28,4.8141,4.963698,-0.149598,5.02672
0:30,4.813,4.96307,-0.15007,5.02749
0:32,4.8119,4.962442,-0.150542,5.02721
0:34,4.8108,4.961814,-0.151014,5.02571
0:36,4.8097,4.961186,-0.151486,5.02244
0:38,4.8086,4.960558,-0.151958,5.01789
0:40,4.8075,4.95993,-0.15243,5.01255
0:42,4.8064,4.959302,-0.152902,5.00655
0:44,4.8053,4.958674,-0.153374,5.00003
0:46,4.8042,4.958046,-0.153846,4.99316
0:48,4.8031,4.957418,-0.154318,4.9861
0:50,4.802,4.95679,-0.15479,4.97896
0:52,4.8009,4.956162,-0.155262,4.97168
0:54,4.7998,4.955534,-0.155734,4.96432
0:56,4.7987,4.954906,-0.156206,4.95689
0:58,4.7976,4.954278,-0.156678,4.94945
1:00,4.7965,4.95365,-0.15715,4.94529
1:02,4.797416667,4.95463,-0.157213333,4.94294
1:04,4.798333333,4.95561,-0.157276667,4.94278
1:06,4.79925,4.95659,-0.15734,4.94489
1:08,4.800166667,4.95757,-0.157403333,4.94865
1:10,4.801083333,4.95855,-0.157466667,4.95339
1:12,4.802,4.95953,-0.15753,4.95859
1:14,4.802916667,4.96051,-0.157593333,4.96389
1:16,4.803833333,4.96149,-0.157656667,4.96904
1:18,4.80475,4.96247,-0.15772,4.97371
1:20,4.805666667,4.96345,-0.157783333,4.97763
1:22,4.806583333,4.96443,-0.157846667,4.98028
1:24,4.8075,4.96541,-0.15791,4.98117
1:26,4.808416667,4.96639,-0.157973333,4.98077
1:28,4.809333333,4.96737,-0.158036667,4.97957
1:30,4.81025,4.96835,-0.1581,4.97766
1:32,4.811166667,4.96933,-0.158163333,4.97534
1:34,4.812083333,4.97031,-0.158226667,4.97268
1:36,4.813,4.97129,-0.15829,4.96982
1:38,4.813916667,4.97227,-0.158353333,4.97198
1:40,4.814833333,4.97325,-0.158416667,4.9736
1:42,4.81575,4.97423,-0.15848,4.97169
1:44,4.816666667,4.97521,-0.158543333,4.96893
1:46,4.817583333,4.97619,-0.158606667,4.96608
1:48,4.8185,4.97717,-0.15867,4.96321
1:50,4.819416667,4.97815,-0.158733333,4.96055
1:52,4.820333333,4.97913,-0.158796667,4.95896
1:54,4.82125,4.98011,-0.15886,4.95959
1:56,4.822166667,4.98109,-0.158923333,4.9625
1:58,4.823083333,4.98207,-0.158986667,4.96706
2:00,4.824,4.98305,-0.15905,4.97142
2:02,4.8244,4.982624667,-0.158224667,4.97667
2:04,4.8248,4.982199333,-0.157399333,4.98224
2:06,4.8252,4.981774,-0.156574,4.98769
2:08,4.8256,4.981348667,-0.155748667,4.99268
2:10,4.826,4.980923333,-0.154923333,4.99695
2:12,4.8264,4.980498,-0.154098,4.99996
2:14,4.8268,4.980072667,-0.153272667,5.00122
2:16,4.8272,4.979647333,-0.152447333,5.00122
2:18,4.8276,4.979222,-0.151622,5.00043
2:20,4.828,4.978796667,-0.150796667,4.99898
2:22,4.8284,4.978371333,-0.149971333,4.99704
2:24,4.8288,4.977946,-0.149146,4.99474
2:26,4.8292,4.977520667,-0.148320667,4.99225
2:28,4.8296,4.977095333,-0.147495333,4.98986
2:30,4.83,4.97667,-0.14667,4.98502
2:32,4.8304,4.976244667,-0.145844667,4.97802
2:34,4.8308,4.975819333,-0.145019333,4.97054
2:36,4.8312,4.975394,-0.144194,4.96296
2:38,4.8316,4.974968667,-0.143368667,4.95533
2:40,4.832,4.974543333,-0.142543333,4.9479
2:42,4.8324,4.974118,-0.141718,4.9415
2:44,4.8328,4.973692667,-0.140892667,4.93727
2:46,4.8332,4.973267333,-0.140067333,4.93528
2:48,4.8336,4.972842,-0.139242,4.93488
2:50,4.834,4.972416667,-0.138416667,4.93543
2:52,4.8344,4.971991333,-0.137591333,4.93638
2:54,4.8348,4.971566,-0.136766,4.93738
2:56,4.8352,4.971140667,-0.135940667,4.93819
2:58,4.8356,4.970715333,-0.135115333,4.93847
3:00,4.836,4.97029,-0.13429,4.9399
3:02,4.835683333,4.980061,-0.144377667,4.94063
3:04,4.835366667,4.989832,-0.154465333,4.93962
3:06,4.83505,4.999603,-0.164553,4.93731
3:08,4.834733333,5.009374,-0.174640667,4.93419
3:10,4.834416667,5.019145,-0.184728333,4.93037
3:12,4.8341,5.028916,-0.194816,4.92602
3:14,4.833783333,5.038687,-0.204903667,4.92126
3:16,4.833466667,5.048458,-0.214991333,4.91628
3:18,4.83315,5.058229,-0.225079,4.91134
3:20,4.832833333,5.068,-0.235166667,4.90636
3:22,4.832516667,5.077771,-0.245254333,4.90119
3:24,4.8322,5.087542,-0.255342,4.89589
3:26,4.831883333,5.097313,-0.265429667,4.89049
3:28,4.831566667,5.107084,-0.275517333,4.88503
3:30,4.83125,5.116855,-0.285605,4.8803
3:32,4.830933333,5.126626,-0.295692667,4.87799
3:34,4.830616667,5.136397,-0.305780333,4.87819
3:36,4.8303,5.146168,-0.315868,4.88063
3:38,4.829983333,5.155939,-0.325955667,4.88471
3:40,4.829666667,5.16571,-0.336043333,4.88978
3:42,4.82935,5.175481,-0.346131,4.89532
3:44,4.829033333,5.185252,-0.356218667,4.90098
3:46,4.828716667,5.195023,-0.366306333,4.90653
3:48,4.8284,5.204794,-0.376394,4.91162
3:50,4.828083333,5.214565,-0.386481667,4.91603
3:52,4.827766667,5.224336,-0.396569333,4.91921
3:54,4.82745,5.234107,-0.406657,4.92068
3:56,4.827133333,5.243878,-0.416744667,4.92092
3:58,4.826816667,5.253649,-0.426832333,4.92041
4:00,4.8265,5.26342,-0.43692,4.91994
4:02,4.826533333,5.256835,-0.430301667,4.91848
4:04,4.826566667,5.25025,-0.423683333,4.91646
4:06,4.8266,5.243665,-0.417065,4.91424
4:08,4.826633333,5.23708,-0.410446667,4.91207
4:10,4.826666667,5.230495,-0.403828333,4.9099
4:12,4.8267,5.22391,-0.39721,4.90755
4:14,4.826733333,5.217325,-0.390591667,4.9051
4:16,4.826766667,5.21074,-0.383973333,4.90257
4:18,4.8268,5.204155,-0.377355,4.90001
4:20,4.826833333,5.19757,-0.370736667,4.89765
4:22,4.826866667,5.190985,-0.364118333,4.89632
4:24,4.8269,5.1844,-0.3575,4.89716
4:26,4.826933333,5.177815,-0.350881667,4.90024
4:28,4.826966667,5.17123,-0.344263333,4.90492
4:30,4.827,5.164645,-0.337645,4.91077
4:32,4.827033333,5.15806,-0.331026667,4.91691
4:34,4.827066667,5.151475,-0.324408333,4.92308
4:36,4.8271,5.14489,-0.31779,4.9291
4:38,4.827133333,5.138305,-0.311171667,4.93463
4:40,4.827166667,5.13172,-0.304553333,4.93942
4:42,4.8272,5.125135,-0.297935,4.94295
4:44,4.827233333,5.11855,-0.291316667,4.94473
4:46,4.827266667,5.111965,-0.284698333,4.94522
4:48,4.8273,5.10538,-0.27808,4.94492
4:50,4.827333333,5.098795,-0.271461667,4.94393
4:52,4.827366667,5.09221,-0.264843333,4.94242
4:54,4.8274,5.085625,-0.258225,4.94052
4:56,4.827433333,5.07904,-0.251606667,4.93841
4:58,4.827466667,5.072455,-0.244988333,4.93635
5:00,4.8275,5.06587,-0.23837,4.9329
5:02,4.829233333,5.063966,-0.234732667,4.92878
5:04,4.830966667,5.062062,-0.231095333,4.9245
5:06,4.8327,5.060158,-0.227458,4.92013
5:08,4.834433333,5.058254,-0.223820667,4.91571
5:10,4.836166667,5.05635,-0.220183333,4.91149
5:12,4.8379,5.054446,-0.216546,4.90829
5:14,4.839633333,5.052542,-0.212908667,4.90725
5:16,4.841366667,5.050638,-0.209271333,4.90844
5:18,4.8431,5.048734,-0.205634,4.91122
5:20,4.844833333,5.04683,-0.201996667,4.91496
5:22,4.846566667,5.044926,-0.198359333,4.91913
5:24,4.8483,5.043022,-0.194722,4.92336
5:26,4.850033333,5.041118,-0.191084667,4.92744
5:28,4.851766667,5.039214,-0.187447333,4.931
5:30,4.8535,5.03731,-0.18381,4.93375
5:32,4.855233333,5.035406,-0.180172667,4.93529
5:34,4.856966667,5.033502,-0.176535333,4.9351
5:36,4.8587,5.031598,-0.172898,4.93362
5:38,4.860433333,5.029694,-0.169260667,4.93134
5:40,4.862166667,5.02779,-0.165623333,4.92837
5:42,4.8639,5.025886,-0.161986,4.92488
5:44,4.865633333,5.023982,-0.158348667,4.921
5:46,4.867366667,5.022078,-0.154711333,4.91691
5:48,4.8691,5.020174,-0.151074,4.91286
5:50,4.870833333,5.01827,-0.147436667,4.90879
5:52,4.872566667,5.016366,-0.143799333,4.90454
5:54,4.8743,5.014462,-0.140162,4.90018
5:56,4.876033333,5.012558,-0.136524667,4.89572
5:58,4.877766667,5.010654,-0.132887333,4.89122
6:00,4.8795,5.00875,-0.12925,4.88922
6:02,4.881883333,5.009578,-0.127694667,4.88872
6:04,4.884266667,5.010406,-0.126139333,4.89033
6:06,4.88665,5.011234,-0.124584,4.89416
6:08,4.889033333,5.012062,-0.123028667,4.89958
6:10,4.891416667,5.01289,-0.121473333,4.90597
6:12,4.8938,5.013718,-0.119918,4.91278
6:14,4.896183333,5.014546,-0.118362667,4.91968
6:16,4.898566667,5.015374,-0.116807333,4.92642
6:18,4.90095,5.016202,-0.115252,4.93267
6:20,4.903333333,5.01703,-0.113696667,4.93817
6:22,4.905716667,5.017858,-0.112141333,4.94241
6:24,4.9081,5.018686,-0.110586,4.94488
6:26,4.910483333,5.019514,-0.109030667,4.94607
6:28,4.912866667,5.020342,-0.107475333,4.94645
6:30,4.91525,5.02117,-0.10592,4.95366
6:32,4.917633333,5.021998,-0.104364667,4.96224
6:34,4.920016667,5.022826,-0.102809333,4.9704
6:36,4.9224,5.023654,-0.101254,4.97835
6:38,4.924783333,5.024482,-0.099698667,4.98633
6:40,4.927166667,5.02531,-0.098143333,4.99429
6:42,4.92955,5.026138,-0.096588,5.00205
6:44,4.931933333,5.026966,-0.095032667,5.00969
6:46,4.934316667,5.027794,-0.093477333,5.01722
6:48,4.9367,5.028622,-0.091922,5.02469
6:50,4.939083333,5.02945,-0.090366667,5.03237
6:52,4.941466667,5.030278,-0.088811333,5.04112
6:54,4.94385,5.031106,-0.087256,5.05214
6:56,4.946233333,5.031934,-0.085700667,5.06553
6:58,4.948616667,5.032762,-0.084145333,5.08065
7:00,4.951,5.03359,-0.08259,5.11026
7:02,4.955316667,5.032462667,-0.077146,5.14174
7:04,4.959633333,5.031335333,-0.071702,5.17278
7:06,4.96395,5.030208,-0.066258,5.20366
7:08,4.968266667,5.029080667,-0.060814,5.234
7:10,4.972583333,5.027953333,-0.05537,5.26351
7:12,4.9769,5.026826,-0.049926,5.29157
7:14,4.981216667,5.025698667,-0.044482,5.31759
7:16,4.985533333,5.024571333,-0.039038,5.34208
7:18,4.98985,5.023444,-0.033594,5.36557
7:20,4.994166667,5.022316667,-0.02815,5.38484
7:22,4.998483333,5.021189333,-0.022706,5.38286
7:24,5.0028,5.020062,-0.017262,5.37754
7:26,5.007116667,5.018934667,-0.011818,5.37209
7:28,5.011433333,5.017807333,-0.006374,5.36664
7:30,5.01575,5.01668,-0.00093,5.3668
7:32,5.020066667,5.015552667,0.004514,5.36631
7:34,5.024383333,5.014425333,0.009958,5.36579
7:36,5.0287,5.013298,0.015402,5.36522
7:38,5.033016667,5.012170667,0.020846,5.36463
7:40,5.037333333,5.011043333,0.02629,5.36416
7:42,5.04165,5.009916,0.031734,5.36426
7:44,5.045966667,5.008788667,0.037178,5.3655
7:46,5.050283333,5.007661333,0.042622,5.36788
7:48,5.0546,5.006534,0.048066,5.37105
7:50,5.058916667,5.005406667,0.05351,5.37471
7:52,5.063233333,5.004279333,0.058954,5.37856
7:54,5.06755,5.003152,0.064398,5.38244
7:56,5.071866667,5.002024667,0.069842,5.38622
7:58,5.076183333,5.000897333,0.075286,5.38973
8:00,5.0805,4.99977,0.08073,5.39213
8:02,5.089483333,4.998372,0.091111333,5.39371
8:04,5.098466667,4.996974,0.101492667,5.39438
8:06,5.10745,4.995576,0.111874,5.39443
8:08,5.116433333,4.994178,0.122255333,5.39407
8:10,5.125416667,4.99278,0.132636667,5.39336
8:12,5.1344,4.991382,0.143018,5.3924
8:14,5.143383333,4.989984,0.153399333,5.39124
8:16,5.152366667,4.988586,0.163780667,5.38998
8:18,5.16135,4.987188,0.174162,5.38876
8:20,5.170333333,4.98579,0.184543333,5.38753
8:22,5.179316667,4.984392,0.194924667,5.38619
8:24,5.1883,4.982994,0.205306,5.38481
8:26,5.197283333,4.981596,0.215687333,5.38338
8:28,5.206266667,4.980198,0.226068667,5.38194
8:30,5.21525,4.9788,0.23645,5.37514
8:32,5.224233333,4.977402,0.246831333,5.29852
8:34,5.233216667,4.976004,0.257212667,5.29195
8:36,5.2422,4.974606,0.267594,5.2926
8:38,5.251183333,4.973208,0.277975333,5.29511
8:40,5.260166667,4.97181,0.288356667,5.29875
8:42,5.26915,4.970412,0.298738,5.30289
8:44,5.278133333,4.969014,0.309119333,5.30713
8:46,5.287116667,4.967616,0.319500667,5.3112
8:48,5.2961,4.966218,0.329882,5.31471
8:50,5.305083333,4.96482,0.340263333,5.31738
8:52,5.314066667,4.963422,0.350644667,5.3186
8:54,5.32305,4.962024,0.361026,5.31784
8:56,5.332033333,4.960626,0.371407333,5.31563
8:58,5.341016667,4.959228,0.381788667,5.31254
9:00,5.35,4.95783,0.39217,5.32099
9:02,5.356066667,4.985519667,0.370547,5.32998
9:04,5.362133333,5.013209333,0.348924,5.33797
9:06,5.3682,5.040899,0.327301,5.34565
9:08,5.374266667,5.068588667,0.305678,5.35333
9:10,5.380333333,5.096278333,0.284055,5.36092
9:12,5.3864,5.123968,0.262432,5.36712
9:14,5.392466667,5.151657667,0.240809,5.37391
9:16,5.398533333,5.179347333,0.219186,5.37233
9:18,5.4046,5.207037,0.197563,5.3689
9:20,5.410666667,5.234726667,0.17594,5.36558
9:22,5.416733333,5.262416333,0.154317,5.36284
9:24,5.4228,5.290106,0.132694,5.36124
9:26,5.428866667,5.317795667,0.111071,5.36076
9:28,5.434933333,5.345485333,0.089448,5.36106
9:30,5.441,5.373175,0.067825,5.35601
9:32,5.447066667,5.400864667,0.046202,5.35128
9:34,5.453133333,5.428554333,0.024579,5.34634
9:36,5.4592,5.456244,0.002956,5.3411
9:38,5.465266667,5.483933667,-0.018667,5.3354
9:40,5.471333333,5.511623333,-0.04029,5.32913
9:42,5.4774,5.539313,-0.061913,5.32202
9:44,5.483466667,5.567002667,-0.083536,5.31392
9:46,5.489533333,5.594692333,-0.105159,5.30507
9:48,5.4956,5.622382,-0.126782,5.29573
9:50,5.501666667,5.650071667,-0.148405,5.28596
9:52,5.507733333,5.677761333,-0.170028,5.27584
9:54,5.5138,5.705451,-0.191651,5.26544
9:56,5.519866667,5.733140667,-0.213274,5.25749
9:58,5.525933333,5.760830333,-0.234897,5.62134
10:00,5.532,5.78852,-0.25652,5.73836
10:02,5.535266667,5.794636667,-0.25937,5.73413
10:04,5.538533333,5.800753333,-0.26222,5.72623
10:06,5.5418,5.80687,-0.26507,5.71814
10:08,5.545066667,5.812986667,-0.26792,5.71005
10:10,5.548333333,5.819103333,-0.27077,5.7023
10:12,5.5516,5.82522,-0.27362,5.69595
10:14,5.554866667,5.831336667,-0.27647,5.69259
10:16,5.558133333,5.837453333,-0.27932,5.69242
10:18,5.5614,5.84357,-0.28217,5.6946
10:20,5.564666667,5.849686667,-0.28502,5.69821
10:22,5.567933333,5.855803333,-0.28787,5.70248
10:24,5.5712,5.86192,-0.29072,5.70688
10:26,5.574466667,5.868036667,-0.29357,5.71108
10:28,5.577733333,5.874153333,-0.29642,5.71461
10:30,5.581,5.88027,-0.29927,5.71804
10:32,5.584266667,5.886386667,-0.30212,5.71933
10:34,5.587533333,5.892503333,-0.30497,5.71764
10:36,5.5908,5.89862,-0.30782,5.71404
10:38,5.594066667,5.904736667,-0.31067,5.70927
10:40,5.597333333,5.910853333,-0.31352,5.70353
10:42,5.6006,5.91697,-0.31637,5.69704
10:44,5.603866667,5.923086667,-0.31922,5.69002
10:46,5.607133333,5.929203333,-0.32207,5.68269
10:48,5.6104,5.93532,-0.32492,5.67543
10:50,5.613666667,5.941436667,-0.32777,5.66817
10:52,5.616933333,5.947553333,-0.33062,5.6607
10:54,5.6202,5.95367,-0.33347,5.65308
10:56,5.623466667,5.959786667,-0.33632,5.64535
10:58,5.626733333,5.965903333,-0.33917,5.63757
11:00,5.63,5.97202,-0.34202,5.62996
11:02,5.6272,5.942993667,-0.315793667,5.62432
11:04,5.6244,5.913967333,-0.289567333,5.62197
11:06,5.6216,5.884941,-0.263341,5.62272
11:08,5.6188,5.855914667,-0.237114667,5.62576
11:10,5.616,5.826888333,-0.210888333,5.6302
11:12,5.6132,5.797862,-0.184662,5.63527
11:14,5.6104,5.768835667,-0.158435667,5.64046
11:16,5.6076,5.739809333,-0.132209333,5.64545
11:18,5.6048,5.710783,-0.105983,5.64978
11:20,5.602,5.681756667,-0.079756667,5.65312
11:22,5.5992,5.652730333,-0.053530333,5.65479
11:24,5.5964,5.623704,-0.027304,5.6541
11:26,5.5936,5.594677667,-0.001077667,5.65162
11:28,5.5908,5.565651333,0.025148667,5.64803
11:30,5.588,5.536625,0.051375,5.64383
11:32,5.5852,5.507598667,0.077601333,5.63913
11:34,5.5824,5.478572333,0.103827667,5.63399
11:36,5.5796,5.449546,0.130054,5.62858
11:38,5.5768,5.420519667,0.156280333,5.62329
11:40,5.574,5.391493333,0.182506667,5.61806
11:42,5.5712,5.362467,0.208733,5.61265
11:44,5.5684,5.333440667,0.234959333,5.60716
11:46,5.5656,5.304414333,0.261185667,5.6016
11:48,5.5628,5.275388,0.287412,5.59604
11:50,5.56,5.246361667,0.313638333,5.59079
11:52,5.5572,5.217335333,0.339864667,5.58687
11:54,5.5544,5.188309,0.366091,5.58581
11:56,5.5516,5.159282667,0.392317333,5.58782
11:58,5.5488,5.130256333,0.418543667,5.5921
12:00,5.546,5.10123,0.44477,5.60014
12:02,5.533733333,5.095908333,0.437825,5.61045
12:04,5.521466667,5.090586667,0.43088,5.62111
12:06,5.5092,5.085265,0.423935,5.63164
12:08,5.496933333,5.079943333,0.41699,5.64157
12:10,5.484666667,5.074621667,0.410045,5.65056
12:12,5.4724,5.0693,0.4031,5.65795
12:14,5.460133333,5.063978333,0.396155,5.66301
12:16,5.447866667,5.058656667,0.38921,5.66631
12:18,5.4356,5.053335,0.382265,5.66854
12:20,5.423333333,5.048013333,0.37532,5.66989
12:22,5.411066667,5.042691667,0.368375,5.67057
12:24,5.3988,5.03737,0.36143,5.6708
12:26,5.386533333,5.032048333,0.354485,5.6708
12:28,5.374266667,5.026726667,0.34754,5.67092
12:30,5.362,5.021405,0.340595,5.63968
12:32,5.349733333,5.016083333,0.33365,5.59188
12:34,5.337466667,5.010761667,0.326705,5.5442
12:36,5.3252,5.00544,0.31976,5.49653
12:38,5.312933333,5.000118333,0.312815,5.44892
12:40,5.300666667,4.994796667,0.30587,5.40164
12:42,5.2884,4.989475,0.298925,5.35564
12:44,5.276133333,4.984153333,0.29198,5.32227
12:46,5.263866667,4.978831667,0.285035,5.32662
12:48,5.2516,4.97351,0.27809,5.33615
12:50,5.239333333,4.968188333,0.271145,5.346
12:52,5.227066667,4.962866667,0.2642,5.35591
12:54,5.2148,4.957545,0.257255,5.36569
12:56,5.202533333,4.952223333,0.25031,5.37523
12:58,5.190266667,4.946901667,0.243365,5.38434
13:00,5.178,4.94158,0.23642,5.38841
13:02,5.168166667,4.934763667,0.233403,5.39209
13:04,5.158333333,4.927947333,0.230386,5.39483
13:06,5.1485,4.921131,0.227369,5.3969
13:08,5.138666667,4.914314667,0.224352,5.39854
13:10,5.128833333,4.907498333,0.221335,5.39979
13:12,5.119,4.900682,0.218318,5.40074
13:14,5.109166667,4.893865667,0.215301,5.40145
13:16,5.099333333,4.887049333,0.212284,5.40203
13:18,5.0895,4.880233,0.209267,5.4026
13:20,5.079666667,4.873416667,0.20625,5.40312
13:22,5.069833333,4.866600333,0.203233,5.24838
13:24,5.06,4.859784,0.200216,5.18239
13:26,5.050166667,4.852967667,0.197199,5.16291
13:28,5.040333333,4.846151333,0.194182,5.14355
13:30,5.0305,4.839335,0.191165,5.14144
13:32,5.020666667,4.832518667,0.188148,5.14123
13:34,5.010833333,4.825702333,0.185131,5.14241
13:36,5.001,4.818886,0.182114,5.14598
13:38,4.991166667,4.812069667,0.179097,5.15124
13:40,4.981333333,4.805253333,0.17608,5.15749
13:42,4.9715,4.798437,0.173063,5.16416
13:44,4.961666667,4.791620667,0.170046,5.17086
13:46,4.951833333,4.784804333,0.167029,5.17733
13:48,4.942,4.777988,0.164012,5.18319
13:50,4.932166667,4.771171667,0.160995,5.18817
13:52,4.922333333,4.764355333,0.157978,5.1917
13:54,4.9125,4.757539,0.154961,5.19324
13:56,4.902666667,4.750722667,0.151944,5.19332
13:58,4.892833333,4.743906333,0.148927,5.19245
14:00,4.883,4.73709,0.14591,5.15596
14:02,4.87825,4.725699,0.152551,5.11236
14:04,4.8735,4.714308,0.159192,5.06895
14:06,4.86875,4.702917,0.165833,5.02529
14:08,4.864,4.691526,0.172474,4.98167
14:10,4.85925,4.680135,0.179115,4.93801
14:12,4.8545,4.668744,0.185756,4.89415
14:14,4.84975,4.657353,0.192397,4.85017
14:16,4.845,4.645962,0.199038,4.80608
14:18,4.84025,4.634571,0.205679,4.76194
14:20,4.8355,4.62318,0.21232,4.71796
14:22,4.83075,4.611789,0.218961,4.67492
14:24,4.826,4.600398,0.225602,4.63379
14:26,4.82125,4.589007,0.232243,4.59459
14:28,4.8165,4.577616,0.238884,4.55668
14:30,4.81175,4.566225,0.245525,4.5551
14:32,4.807,4.554834,0.252166,4.56299
14:34,4.80225,4.543443,0.258807,4.57093
14:36,4.7975,4.532052,0.265448,4.57879
14:38,4.79275,4.520661,0.272089,4.58628
14:40,4.788,4.50927,0.27873,4.59317
14:42,4.78325,4.497879,0.285371,4.599
14:44,4.7785,4.486488,0.292012,4.60332
14:46,4.77375,4.475097,0.298653,4.60656
14:48,4.769,4.463706,0.305294,4.60913
14:50,4.76425,4.452315,0.311935,4.61113
14:52,4.7595,4.440924,0.318576,4.61271
14:54,4.75475,4.429533,0.325217,4.61399
14:56,4.75,4.418142,0.331858,4.61512
14:58,4.74525,4.406751,0.338499,4.61633
15:00,4.7405,4.39536,0.34514,4.61426
15:02,4.7396,4.396629333,0.342970667,4.61279
15:04,4.7387,4.397898667,0.340801333,4.61174
15:06,4.7378,4.399168,0.338632,4.61072
15:08,4.7369,4.400437333,0.336462667,4.60978
15:10,4.736,4.401706667,0.334293333,4.60914
15:12,4.7351,4.402976,0.332124,4.60953
15:14,4.7342,4.404245333,0.329954667,4.61198
15:16,4.7333,4.405514667,0.327785333,4.61657
15:18,4.7324,4.406784,0.325616,4.62272
15:20,4.7315,4.408053333,0.323446667,4.62988
15:22,4.7306,4.409322667,0.321277333,4.63755
15:24,4.7297,4.410592,0.319108,4.64542
15:26,4.7288,4.411861333,0.316938667,4.65327
15:28,4.7279,4.413130667,0.314769333,4.6608
15:30,4.727,4.4144,0.3126,4.6673
15:32,4.7261,4.415669333,0.310430667,4.6703
15:34,4.7252,4.416938667,0.308261333,4.6711
15:36,4.7243,4.418208,0.306092,4.67075
15:38,4.7234,4.419477333,0.303922667,4.66967
15:40,4.7225,4.420746667,0.301753333,4.66796
15:42,4.7216,4.422016,0.299584,4.66578
15:44,4.7207,4.423285333,0.297414667,4.66326
15:46,4.7198,4.424554667,0.295245333,4.66053
15:48,4.7189,4.425824,0.293076,4.65785
15:50,4.718,4.427093333,0.290906667,4.65516
15:52,4.7171,4.428362667,0.288737333,4.6523
15:54,4.7162,4.429632,0.286568,4.64934
15:56,4.7153,4.430901333,0.284398667,4.6463
15:58,4.7144,4.432170667,0.282229333,4.64322
16:00,4.7135,4.43344,0.28006,4.64162
16:02,4.71245,4.433528,0.278922,4.64113
16:04,4.7114,4.433616,0.277784,4.64256
16:06,4.71035,4.433704,0.276646,4.64604
16:08,4.7093,4.433792,0.275508,4.65098
16:10,4.70825,4.43388,0.27437,4.65682
16:12,4.7072,4.433968,0.273232,4.66307
16:14,4.70615,4.434056,0.272094,4.6694
16:16,4.7051,4.434144,0.270956,4.67561
16:18,4.70405,4.434232,0.269818,4.68137
16:20,4.703,4.43432,0.26868,4.68647
16:22,4.70195,4.434408,0.267542,4.69042
16:24,4.7009,4.434496,0.266404,4.69278
16:26,4.69985,4.434584,0.265266,4.69396
16:28,4.6988,4.434672,0.264128,4.69442
16:30,4.69775,4.43476,0.26299,4.69164
16:32,4.6967,4.434848,0.261852,4.68745
16:34,4.69565,4.434936,0.260714,4.68283
16:36,4.6946,4.435024,0.259576,4.67799
16:38,4.69355,4.435112,0.258438,4.67317
16:40,4.6925,4.4352,0.2573,4.66832
16:42,4.69145,4.435288,0.256162,4.66329
16:44,4.6904,4.435376,0.255024,4.65813
16:46,4.68935,4.435464,0.253886,4.65287
16:48,4.6883,4.435552,0.252748,4.64755
16:50,4.68725,4.43564,0.25161,4.64239
16:52,4.6862,4.435728,0.250472,4.63815
16:54,4.68515,4.435816,0.249334,4.63584
16:56,4.6841,4.435904,0.248196,4.63555
16:58,4.68305,4.435992,0.247058,4.63669
17:00,4.682,4.43608,0.24592,4.5
17:02,4.68225,4.413543333,0.268706667,4.4
17:04,4.6825,4.391006667,0.291493333,4.2
17:06,4.68275,4.36847,0.31428,4
17:08,4.683,4.345933333,0.337066667,3.9
17:10,4.68325,4.323396667,0.359853333,3.85
17:12,4.6835,4.30086,0.38264,3.83
17:14,4.68375,4.278323333,0.405426667,3.78
17:16,4.684,4.255786667,0.428213333,3.74677
17:18,4.68425,4.23325,0.451,3.74405
17:20,4.6845,4.210713333,0.473786667,3.74088
17:22,4.68475,4.188176667,0.496573333,3.73736
17:24,4.685,4.16564,0.51936,3.73358
17:26,4.68525,4.143103333,0.542146667,3.72964
17:28,4.6855,4.120566667,0.564933333,3.7257
17:30,4.68575,4.09803,0.58772,3.72208
17:32,4.686,4.075493333,0.610506667,3.72466
17:34,4.68625,4.052956667,0.633293333,3.72704
17:36,4.6865,4.03042,0.65608,3.72938
17:38,4.68675,4.007883333,0.678866667,3.73172
17:40,4.687,3.985346667,0.701653333,3.73422
17:42,4.68725,3.96281,0.72444,3.73741
17:44,4.6875,3.940273333,0.747226667,3.74202
17:46,4.68775,3.917736667,0.770013333,3.74807
17:48,4.688,3.8952,0.7928,3.75519
17:50,4.68825,3.872663333,0.815586667,3.76297
17:52,4.6885,3.850126667,0.838373333,3.77108
17:54,4.68875,3.82759,0.86116,3.77931
17:56,4.689,3.805053333,0.883946667,3.7875
17:58,4.68925,3.782516667,0.906733333,3.79542
18:00,4.6895,3.75998,0.92952,3.80411
18:02,4.690516667,3.753882,0.936634667,3.80643
18:04,4.691533333,3.747784,0.943749333,3.80782
18:06,4.69255,3.741686,0.950864,3.8084
18:08,4.693566667,3.735588,0.957978667,3.80848
18:10,4.694583333,3.72949,0.965093333,3.80812
18:12,4.6956,3.723392,0.972208,3.80742
18:14,4.696616667,3.717294,0.979322667,3.80649
18:16,4.697633333,3.711196,0.986437333,3.80541
18:18,4.69865,3.705098,0.993552,3.80438
18:20,4.699666667,3.699,1.000666667,3.80333
18:22,4.700683333,3.692902,1.007781333,3.80217
18:24,4.7017,3.686804,1.014896,3.80094
18:26,4.702716667,3.680706,1.022010667,3.79964
18:28,4.703733333,3.674608,1.029125333,3.79833
18:30,4.70475,3.66851,1.03624,3.79575
18:32,4.705766667,3.662412,1.043354667,3.79224
18:34,4.706783333,3.656314,1.050469333,3.79018
18:36,4.7078,3.650216,1.057584,3.78954
18:38,4.708816667,3.644118,1.064698667,3.7899
18:40,4.709833333,3.63802,1.071813333,3.79086
18:42,4.71085,3.631922,1.078928,3.79207
18:44,4.711866667,3.625824,1.086042667,3.79331
18:46,4.712883333,3.619726,1.093157333,3.79443
18:48,4.7139,3.613628,1.100272,3.7952
18:50,4.714916667,3.60753,1.107386667,3.79549
18:52,4.715933333,3.601432,1.114501333,3.79494
18:54,4.71695,3.595334,1.121616,3.79326
18:56,4.717966667,3.589236,1.128730667,3.79077
18:58,4.718983333,3.583138,1.135845333,3.78776
19:00,4.72,3.57704,1.14296,3.78518
19:02,4.7218,3.608680667,1.113119333,3.7912
19:04,4.7236,3.640321333,1.083278667,3.80296
19:06,4.7254,3.671962,1.053438,3.8147
19:08,4.7272,3.703602667,1.023597333,3.82661
19:10,4.729,3.735243333,0.993756667,3.83863
19:12,4.7308,3.766884,0.963916,3.85065
19:14,4.7326,3.798524667,0.934075333,3.86272
19:16,4.7344,3.830165333,0.904234667,3.87483
19:18,4.7362,3.861806,0.874394,3.88703
19:20,4.738,3.893446667,0.844553333,3.89946
19:22,4.7398,3.925087333,0.814712667,3.91266
19:24,4.7416,3.956728,0.784872,3.92737
19:26,4.7434,3.988368667,0.755031333,3.94364
19:28,4.7452,4.020009333,0.725190667,3.96107
19:30,4.747,4.05165,0.69535,3.97991
19:32,4.7488,4.083290667,0.665509333,4.00448
19:34,4.7506,4.114931333,0.635668667,4.0289
19:36,4.7524,4.146572,0.605828,4.05331
19:38,4.7542,4.178212667,0.575987333,4.07748
19:40,4.756,4.209853333,0.546146667,4.10122
19:42,4.7578,4.241494,0.516306,4.12413
19:44,4.7596,4.273134667,0.486465333,4.14582
19:46,4.7614,4.304775333,0.456624667,4.1666
19:48,4.7632,4.336416,0.426784,4.18678
19:50,4.765,4.368056667,0.396943333,4.20641
19:52,4.7668,4.399697333,0.367102667,4.22558
19:54,4.7686,4.431338,0.337262,4.24511
19:56,4.7704,4.462978667,0.307421333,4.27081
19:58,4.7722,4.494619333,0.277580667,4.29552
20:00,4.774,4.52626,0.24774,4.36
20:02,4.7741,4.526327333,0.247772667,4.4
20:04,4.7742,4.526394667,0.247805333,4.45
20:06,4.7743,4.526462,0.247838,4.48
20:08,4.7744,4.526529333,0.247870667,4.5
20:10,4.7745,4.526596667,0.247903333,4.52
20:12,4.7746,4.526664,0.247936,4.53
20:14,4.7747,4.526731333,0.247968667,4.59
20:16,4.7748,4.526798667,0.248001333,4.62
20:18,4.7749,4.526866,0.248034,4.65
20:20,4.775,4.526933333,0.248066667,4.68
20:22,4.7751,4.527000667,0.248099333,4.71266
20:24,4.7752,4.527068,0.248132,4.71606
20:26,4.7753,4.527135333,0.248164667,4.71922
20:28,4.7754,4.527202667,0.248197333,4.72182
20:30,4.7755,4.52727,0.24823,4.7217
20:32,4.7756,4.527337333,0.248262667,4.72063
20:34,4.7757,4.527404667,0.248295333,4.71812
20:36,4.7758,4.527472,0.248328,4.71442
20:38,4.7759,4.527539333,0.248360667,4.70996
20:40,4.776,4.527606667,0.248393333,4.70486
20:42,4.7761,4.527674,0.248426,4.69925
20:44,4.7762,4.527741333,0.248458667,4.69329
20:46,4.7763,4.527808667,0.248491333,4.68711
20:48,4.7764,4.527876,0.248524,4.68096
20:50,4.7765,4.527943333,0.248556667,4.67478
20:52,4.7766,4.528010667,0.248589333,4.66842
20:54,4.7767,4.528078,0.248622,4.66194
20:56,4.7768,4.528145333,0.248654667,4.65536
20:58,4.7769,4.528212667,0.248687333,4.64873
21:00,4.777,4.52828,0.24872,4.64159
21:02,4.776133333,4.526880667,0.249252667,4.63424
21:04,4.775266667,4.525481333,0.249785333,4.62845
21:06,4.7744,4.524082,0.250318,4.62451
21:08,4.773533333,4.522682667,0.250850667,4.62184
21:10,4.772666667,4.521283333,0.251383333,4.61985
21:12,4.7718,4.519884,0.251916,4.61805
21:14,4.770933333,4.518484667,0.252448667,4.61611
21:16,4.770066667,4.517085333,0.252981333,4.61382
21:18,4.7692,4.515686,0.253514,4.61086
21:20,4.768333333,4.514286667,0.254046667,4.60701
21:22,4.767466667,4.512887333,0.254579333,4.6018
21:24,4.7666,4.511488,0.255112,4.59478
21:26,4.765733333,4.510088667,0.255644667,4.58638
21:28,4.764866667,4.508689333,0.256177333,4.57701
21:30,4.764,4.50729,0.25671,4.56802
21:32,4.763133333,4.505890667,0.257242667,4.55921
21:34,4.762266667,4.504491333,0.257775333,4.55001
21:36,4.7614,4.503092,0.258308,4.54044
21:38,4.760533333,4.501692667,0.258840667,4.53072
21:40,4.759666667,4.500293333,0.259373333,4.5208
21:42,4.7588,4.498894,0.259906,4.51051
21:44,4.757933333,4.497494667,0.260438667,4.49991
21:46,4.757066667,4.496095333,0.260971333,4.48901
21:48,4.7562,4.494696,0.261504,4.47785
21:50,4.755333333,4.493296667,0.262036667,4.46662
21:52,4.754466667,4.491897333,0.262569333,4.45601
21:54,4.7536,4.490498,0.263102,4.44699
21:56,4.752733333,4.489098667,0.263634667,4.43957
21:58,4.751866667,4.487699333,0.264167333,4.43322
22:00,4.751,4.4863,0.2647,4.51075
22:02,4.751833333,4.486978667,0.264854667,4.60535
22:04,4.752666667,4.487657333,0.265009333,4.69878
22:06,4.7535,4.488336,0.265164,4.79249
22:08,4.754333333,4.489014667,0.265318667,4.88618
22:10,4.755166667,4.489693333,0.265473333,4.97962
22:12,4.756,4.490372,0.265628,5.07225
22:14,4.756833333,4.491050667,0.265782667,5.16348
22:16,4.757666667,4.491729333,0.265937333,5.25375
22:18,4.7585,4.492408,0.266092,5.34352
22:20,4.759333333,4.493086667,0.266246667,5.37614
22:22,4.760166667,4.493765333,0.266401333,5.36165
22:24,4.761,4.494444,0.266556,5.34447
22:26,4.761833333,4.495122667,0.266710667,5.32638
22:28,4.762666667,4.495801333,0.266865333,5.30754
22:30,4.7635,4.49648,0.26702,5.3169
22:32,4.764333333,4.497158667,0.267174667,5.32297
22:34,4.765166667,4.497837333,0.267329333,5.32895
22:36,4.766,4.498516,0.267484,5.33478
22:38,4.766833333,4.499194667,0.267638667,5.34051
22:40,4.767666667,4.499873333,0.267793333,5.34623
22:42,4.7685,4.500552,0.267948,5.35242
22:44,4.769333333,4.501230667,0.268102667,5.35962
22:46,4.770166667,4.501909333,0.268257333,5.36785
22:48,4.771,4.502588,0.268412,5.37678
22:50,4.771833333,4.503266667,0.268566667,5.38609
22:52,4.772666667,4.503945333,0.268721333,5.3955
22:54,4.7735,4.504624,0.268876,5.40482
22:56,4.774333333,4.505302667,0.269030667,5.41392
22:58,4.775166667,4.505981333,0.269185333,5.42178
23:00,4.776,4.50666,0.26934,5.14458
23:02,4.777766667,4.517404667,0.260362,5.07391
23:04,4.779533333,4.528149333,0.251384,5.03773
23:06,4.7813,4.538894,0.242406,4.99868
23:08,4.783066667,4.549638667,0.233428,4.95703
23:10,4.784833333,4.560383333,0.22445,4.91268
23:12,4.7866,4.571128,0.215472,4.91268
23:14,4.788366667,4.581872667,0.206494,4.91268
23:16,4.790133333,4.592617333,0.197516,4.91268
23:18,4.7919,4.603362,0.188538,4.91268
23:20,4.793666667,4.614106667,0.17956,4.91268
23:22,4.795433333,4.624851333,0.170582,4.91268
23:24,4.7972,4.635596,0.161604,4.91268
23:26,4.798966667,4.646340667,0.152626,4.91268
23:28,4.800733333,4.657085333,0.143648,4.91268
23:30,4.8025,4.66783,0.13467,4.91268
23:32,4.804266667,4.678574667,0.125692,4.91268
23:34,4.806033333,4.689319333,0.116714,4.91268
23:36,4.8078,4.700064,0.107736,4.91268
23:38,4.809566667,4.710808667,0.098758,4.91268
23:40,4.811333333,4.721553333,0.08978,4.91268
23:42,4.8131,4.732298,0.080802,4.91268
23:44,4.814866667,4.743042667,0.071824,4.91268
23:46,4.816633333,4.753787333,0.062846,4.91268
23:48,4.8184,4.764532,0.053868,4.91268
23:50,4.820166667,4.775276667,0.04489,4.91268
23:52,4.821933333,4.786021333,0.035912,4.91268
23:54,4.8237,4.796766,0.026934,4.91268
23:56,4.825466667,4.807510667,0.017956,4.91268
23:58,4.827233333,4.818255333,0.008978,4.91268
,,,,0
,,,,0
,,,,0
