time,Actual,Simulation,MAE,MSE,-0.253819008,0.273086849,MAE %,MSE ,MR %,Coef,R-square
0:00,9.269080692,9.534235972,2.860642698,0.070307323,-0.26515528,0.26515528,2.999027919,0.083265559,2.726151062,0.994543805,0.98911738
0:02,10.30733402,9.545692956,7.389311945,0.58009711,0.761641064,0.761641064,,,,,
0:04,10.00901734,9.557143717,4.514665203,0.204189771,0.451873623,0.451873623,,,,,
0:06,9.951010667,9.568581018,3.843123697,0.146252436,0.382429649,0.382429649,,,,,
0:08,9.913603992,9.580037351,3.364736389,0.111266704,0.333566641,0.333566641,,,,,
0:10,9.880037317,9.591511877,2.920286946,0.08324693,0.28852544,0.28852544,,,,,
0:12,9.850370642,9.602961319,2.511675266,0.061211373,0.247409323,0.247409323,,,,,
0:14,9.839783967,9.614433431,2.290198004,0.050782864,0.225350536,0.225350536,,,,,
0:16,9.835787292,9.625787599,2.135057284,0.044099871,0.209999693,0.209999693,,,,,
0:18,9.825310617,9.637380927,1.912709911,0.035317568,0.18792969,0.18792969,,,,,
0:20,9.807523941,9.648884643,1.617526492,0.025166427,0.158639298,0.158639298,,,,,
0:22,9.785917266,9.660370275,1.282935341,0.015762047,0.125546991,0.125546991,,,,,
0:24,9.761660591,9.671754666,0.921010561,0.008083075,0.089905925,0.089905925,,,,,
0:26,9.739003916,9.683155061,0.573455514,0.003119095,0.055848855,0.055848855,,,,,
0:28,9.716067241,9.694729289,0.219615112,0.000455308,0.021337952,0.021337952,,,,,
0:30,9.693390566,9.706169558,0.131832014,0.000163303,-0.012778992,0.012778992,,,,,
0:32,9.653173694,9.704445585,0.531140251,0.002628807,-0.051271891,0.051271891,,,,,
0:34,9.605786821,9.702824439,1.010199579,0.009416299,-0.097037618,0.097037618,,,,,
0:36,9.565779949,9.701211375,1.415790732,0.018341671,-0.135431426,0.135431426,,,,,
0:38,9.539023076,9.699611527,1.683489491,0.025788651,-0.160588451,0.160588451,,,,,
0:40,9.517366204,9.697975737,1.897683972,0.032619803,-0.180609533,0.180609533,,,,,
0:42,9.499269332,9.696329583,2.074477985,0.038832743,-0.197060251,0.197060251,,,,,
0:44,9.485662459,9.694656002,2.20325722,0.043678301,-0.208993543,0.208993543,,,,,
0:46,9.474055587,9.693103907,2.312086075,0.047982166,-0.21904832,0.21904832,,,,,
0:48,9.467188714,9.691441658,2.368738501,0.050289383,-0.224252944,0.224252944,,,,,
0:50,9.459191842,9.689849879,2.438453949,0.05320313,-0.230658037,0.230658037,,,,,
0:52,9.452254969,9.688066569,2.494765543,0.055607111,-0.2358116,0.2358116,,,,,
0:54,9.446948097,9.686439284,2.535116998,0.057356029,-0.239491187,0.239491187,,,,,
0:56,9.441521225,9.684836691,2.577079055,0.059202416,-0.243315466,0.243315466,,,,,
0:58,9.438624352,9.683179389,2.591002967,0.059807166,-0.244555037,0.244555037,,,,,
1:00,9.43811748,9.681564853,2.579406047,0.059266623,-0.243447373,0.243447373,,,,,
1:02,9.458561998,9.682768026,2.370402901,0.050268343,-0.224206028,0.224206028,,,,,
1:04,9.483756517,9.68414416,2.112956429,0.040155207,-0.200387643,0.200387643,,,,,
1:06,9.499801035,9.685260346,1.952244161,0.034395156,-0.185459311,0.185459311,,,,,
1:08,9.506535553,9.686447053,1.89250331,0.032368148,-0.1799115,0.1799115,,,,,
1:10,9.507380072,9.687821501,1.897909073,0.032559109,-0.180441429,0.180441429,,,,,
1:12,9.50310459,9.688943761,1.955562724,0.034536197,-0.185839171,0.185839171,,,,,
1:14,9.497999109,9.690082404,2.02235537,0.036895992,-0.192083295,0.192083295,,,,,
1:16,9.490473627,9.69150889,2.118284829,0.040415177,-0.201035263,0.201035263,,,,,
1:18,9.480038145,9.692648422,2.242715417,0.04520313,-0.212610277,0.212610277,,,,,
1:20,9.469792664,9.693942936,2.367002953,0.050243344,-0.224150272,0.224150272,,,,,
1:22,9.449887182,9.695138555,2.595283608,0.060148236,-0.245251373,0.245251373,,,,,
1:24,9.4341017,9.69643393,2.780680539,0.068818199,-0.26233223,0.26233223,,,,,
1:26,9.428386219,9.697706603,2.856484426,0.072533469,-0.269320384,0.269320384,,,,,
1:28,9.425100737,9.698927441,2.905292067,0.074981064,-0.273826704,0.273826704,,,,,
1:30,9.423095256,9.70015988,2.940271922,0.076764806,-0.277064624,0.277064624,,,,,
1:32,9.416095548,9.695833417,2.970847817,0.078253275,-0.279737869,0.279737869,,,,,
1:34,9.40940584,9.691498018,2.997980774,0.079575997,-0.282092178,0.282092178,,,,,
1:36,9.406106132,9.686945462,2.985712962,0.078870729,-0.28083933,0.28083933,,,,,
1:38,9.076936425,9.43646067,3.960854502,0.129257683,-0.359524245,0.359524245,,,,,
1:40,8.881476717,9.28458699,4.538775317,0.162497892,-0.403110273,0.403110273,,,,,
1:42,8.890747009,9.280282754,4.381361258,0.151738097,-0.389535745,0.389535745,,,,,
1:44,8.903567301,9.275978519,4.182719189,0.138690115,-0.372411218,0.372411218,,,,,
1:46,8.913217594,9.271674283,4.021630631,0.128491198,-0.358456689,0.358456689,,,,,
1:48,8.922687886,9.267370047,3.862985744,0.118805792,-0.344682161,0.344682161,,,,,
1:50,8.932908178,9.263065811,3.695970298,0.109004063,-0.330157633,0.330157633,,,,,
1:52,8.95625847,9.258761575,3.377561132,0.091508129,-0.302503105,0.302503105,,,,,
1:54,8.982318763,9.254457339,3.029714077,0.074059405,-0.272138576,0.272138576,,,,,
1:56,8.999219055,9.250153104,2.788398054,0.062967897,-0.250934049,0.250934049,,,,,
1:58,9.006569347,9.245848868,2.65672213,0.057254689,-0.239279521,0.239279521,,,,,
2:00,9.00775964,9.241544632,2.595373337,0.054655422,-0.233784992,0.233784992,,,,,
2:02,8.952928676,9.199726016,2.756610143,0.060908927,-0.24679734,0.24679734,,,,,
2:04,8.897147713,9.1579074,2.930823399,0.067995614,-0.260759687,0.260759687,,,,,
2:06,8.84018675,9.116088784,3.1209978,0.076121932,-0.275902034,0.275902034,,,,,
2:08,8.831605787,9.074270168,2.747681303,0.058886002,-0.242664381,0.242664381,,,,,
2:10,8.793884824,9.032451552,2.712870737,0.056914084,-0.238566728,0.238566728,,,,,
2:12,8.752883861,8.990632935,2.716237046,0.056524622,-0.237749074,0.237749074,,,,,
2:14,8.711592897,8.948814319,2.723054495,0.056274003,-0.237221422,0.237221422,,,,,
2:16,8.670641934,8.906995703,2.725908541,0.055863104,-0.236353769,0.236353769,,,,,
2:18,8.629750971,8.865177087,2.728075431,0.055425456,-0.235426116,0.235426116,,,,,
2:20,8.588880008,8.823358471,2.730023737,0.05498015,-0.234478463,0.234478463,,,,,
2:22,8.548009045,8.781539855,2.731990675,0.054536639,-0.23353081,0.23353081,,,,,
2:24,8.507128082,8.739721239,2.734097274,0.054099577,-0.232593157,0.232593157,,,,,
2:26,8.466227118,8.697902623,2.736466926,0.05367354,-0.231675505,0.231675505,,,,,
2:28,8.425316155,8.656084007,2.738981514,0.053253802,-0.230767852,0.230767852,,,,,
2:30,8.385015192,8.614265391,2.734046317,0.052555654,-0.229250199,0.229250199,,,,,
2:32,8.410366906,8.640262796,2.733482291,0.05285212,-0.22989589,0.22989589,,,,,
2:34,8.43498862,8.666260201,2.741812602,0.053486544,-0.231271581,0.231271581,,,,,
2:36,8.459590334,8.692257606,2.750337343,0.054134059,-0.232667272,0.232667272,,,,,
2:38,8.484162048,8.718255011,2.759176,0.054799515,-0.234092963,0.234092963,,,,,
2:40,8.508673762,8.744252416,2.768688289,0.055497302,-0.235578654,0.235578654,,,,,
2:42,8.532975476,8.770249822,2.780675354,0.056299115,-0.237274346,0.237274346,,,,,
2:44,8.55712719,8.796247227,2.7943962,0.057178392,-0.239120037,0.239120037,,,,,
2:46,8.581748904,8.822244632,2.802409284,0.057838195,-0.240495728,0.240495728,,,,,
2:48,8.605980618,8.848242037,2.81503561,0.058690595,-0.242261419,0.242261419,,,,,
2:50,8.630502332,8.874239442,2.824135845,0.059407779,-0.24373711,0.24373711,,,,,
2:52,8.655124046,8.900236848,2.831996407,0.060080286,-0.245112802,0.245112802,,,,,
2:54,8.67971576,8.926234253,2.84016781,0.060771367,-0.246518493,0.246518493,,,,,
2:56,8.704267474,8.952231658,2.848765674,0.061486237,-0.247964184,0.247964184,,,,,
2:58,8.728859188,8.978229063,2.856843828,0.062185335,-0.249369875,0.249369875,,,,,
3:00,8.753040902,9.004226468,2.869694873,0.063094189,-0.251185566,0.251185566,,,,,
3:02,8.772629646,9.025240723,2.879536549,0.063812356,-0.252611077,0.252611077,,,,,
3:04,8.79260839,9.046254977,2.884770659,0.064336591,-0.253646587,0.253646587,,,,,
3:06,8.812547133,9.067269232,2.890448075,0.064883348,-0.254722099,0.254722099,,,,,
3:08,8.832305877,9.088283487,2.898196842,0.065524537,-0.25597761,0.25597761,,,,,
3:10,8.852054621,9.109297741,2.906027256,0.066174023,-0.25724312,0.25724312,,,,,
3:12,8.871813365,9.130311996,2.913706819,0.066821542,-0.258498631,0.258498631,,,,,
3:14,8.891522108,9.15132625,2.921931013,0.067498192,-0.259804142,0.259804142,,,,,
3:16,8.911240852,9.172340505,2.930003322,0.068173029,-0.261099653,0.261099653,,,,,
3:18,8.930899596,9.19335476,2.938731549,0.068882713,-0.262455164,0.262455164,,,,,
3:20,8.95055834,9.214369014,2.947421423,0.069596072,-0.263810674,0.263810674,,,,,
3:22,8.970297083,9.235383269,2.955155036,0.070270686,-0.265086186,0.265086186,,,,,
3:24,8.990015827,9.256397523,2.963083727,0.070959208,-0.266381696,0.266381696,,,,,
3:26,9.009724571,9.277411778,2.971092012,0.071656441,-0.267687207,0.267687207,,,,,
3:28,9.029463315,9.298426033,2.978723193,0.072340944,-0.268962718,0.268962718,,,,,
3:30,9.048992059,9.319440287,2.988711077,0.073142244,-0.270448228,0.270448228,,,,,
3:32,9.01087575,9.280460092,2.991766278,0.072675717,-0.269584342,0.269584342,,,,,
3:34,8.972479442,9.241479897,2.998061536,0.072361245,-0.269000455,0.269000455,,,,,
3:36,8.934103134,9.202499702,3.004180319,0.072036718,-0.268396568,0.268396568,,,,,
3:38,8.895976826,9.163519507,3.007457036,0.071579086,-0.267542681,0.267542681,,,,,
3:40,8.858050517,9.124539312,3.008436162,0.071016278,-0.266488795,0.266488795,,,,,
3:42,8.820164209,9.085559117,3.008956542,0.070434457,-0.265394908,0.265394908,,,,,
3:44,8.782247901,9.046578922,3.009833291,0.069870889,-0.264331021,0.264331021,,,,,
3:46,8.744291593,9.007598727,3.011188856,0.069330647,-0.263307134,0.263307134,,,,,
3:48,8.706405284,8.968618532,3.011728026,0.068755787,-0.262213248,0.262213248,,,,,
3:50,8.668568976,8.929638337,3.011677726,0.068157211,-0.261069361,0.261069361,,,,,
3:52,8.630652668,8.890658142,3.012581829,0.067602847,-0.260005474,0.260005474,,,,,
3:54,8.59299636,8.851677947,3.010377011,0.066916163,-0.258681587,0.258681587,,,,,
3:56,8.555330051,8.812697752,3.008273199,0.066238134,-0.257367701,0.257367701,,,,,
3:58,8.517483743,8.773717557,3.008327597,0.065655767,-0.256233814,0.256233814,,,,,
4:00,8.479487435,8.734737362,3.010204673,0.065152525,-0.255249927,0.255249927,,,,,
4:02,8.472264394,8.727651595,3.014391302,0.065222622,-0.255387201,0.255387201,,,,,
4:04,8.465031353,8.720565828,3.018706775,0.065297868,-0.255534475,0.255534475,,,,,
4:06,8.457858312,8.713480061,3.022298785,0.065342479,-0.255621749,0.255621749,,,,,
4:08,8.450635271,8.706394294,3.026506467,0.065412678,-0.255759023,0.255759023,,,,,
4:10,8.443382231,8.699308528,3.031087424,0.065498269,-0.255926297,0.255926297,,,,,
4:12,8.43621919,8.692222761,3.034577045,0.065537828,-0.256003571,0.256003571,,,,,
4:14,8.429056149,8.685136994,3.038072596,0.065577399,-0.256080845,0.256080845,,,,,
4:16,8.421883108,8.678051227,3.041696444,0.065622105,-0.256168119,0.256168119,,,,,
4:18,8.414750067,8.67096546,3.044836638,0.065646328,-0.256215393,0.256215393,,,,,
4:20,8.407577026,8.663879693,3.048472422,0.065691057,-0.256302667,0.256302667,,,,,
4:22,8.400453985,8.656793926,3.051501043,0.065710165,-0.256339941,0.256339941,,,,,
4:24,8.392950944,8.64970816,3.059200723,0.065924268,-0.256757216,0.256757216,,,,,
4:26,8.385397904,8.642622393,3.06752872,0.066164438,-0.257224489,0.257224489,,,,,
4:28,8.378064863,8.635536626,3.073165071,0.066291709,-0.257471763,0.257471763,,,,,
4:30,8.370871822,8.628450859,3.077087339,0.06634696,-0.257579037,0.257579037,,,,,
4:32,8.372239571,8.630479189,3.084474779,0.0666877,-0.258239618,0.258239618,,,,,
4:34,8.37384732,8.632507519,3.088905125,0.066905099,-0.258660199,0.258660199,,,,,
4:36,8.375425069,8.634535848,3.093703028,0.067138396,-0.259110779,0.259110779,,,,,
4:38,8.377042818,8.636564178,3.098006846,0.067351336,-0.25952136,0.25952136,,,,,
4:40,8.378720567,8.638592508,3.101570686,0.067533426,-0.259871941,0.259871941,,,,,
4:42,8.380298316,8.640620838,3.106363427,0.067767815,-0.260322522,0.260322522,,,,,
4:44,8.382136064,8.642649168,3.107956039,0.067867077,-0.260513104,0.260513104,,,,,
4:46,8.383993813,8.644677498,3.109301972,0.067955984,-0.260683685,0.260683685,,,,,
4:48,8.385651562,8.646705827,3.113106514,0.068149329,-0.261054265,0.261054265,,,,,
4:50,8.387309311,8.648734157,3.116909563,0.06834295,-0.261424846,0.261424846,,,,,
4:52,8.38897706,8.650762487,3.120588185,0.06853161,-0.261785427,0.261785427,,,,,
4:54,8.390604809,8.652790817,3.124756963,0.068741503,-0.262186008,0.262186008,,,,,
4:56,8.392252558,8.654819147,3.128678352,0.068941214,-0.262566589,0.262566589,,,,,
4:58,8.393840307,8.656847476,3.133335391,0.069172771,-0.263007169,0.263007169,,,,,
5:00,8.395718056,8.658875806,3.134428148,0.069252001,-0.26315775,0.26315775,,,,,
5:02,8.404920855,8.667938951,3.129334595,0.069178519,-0.263018096,0.263018096,,,,,
5:04,8.413403654,8.677002096,3.133077323,0.069484139,-0.263598442,0.263598442,,,,,
5:06,8.421876452,8.686065241,3.136934987,0.069795716,-0.264188789,0.264188789,,,,,
5:08,8.430389251,8.695128386,3.140295509,0.07008681,-0.264739135,0.264739135,,,,,
5:10,8.43885205,8.704191531,3.144260374,0.07040504,-0.265339481,0.265339481,,,,,
5:12,8.447344849,8.713254676,3.147850973,0.070708036,-0.265909827,0.265909827,,,,,
5:14,8.455467648,8.722317821,3.155948129,0.071209015,-0.266850173,0.266850173,,,,,
5:16,8.463540446,8.731380966,3.164639216,0.071738544,-0.26784052,0.26784052,,,,,
5:18,8.471833245,8.740444111,3.170634481,0.072151797,-0.268610866,0.268610866,,,,,
5:20,8.480326044,8.749507256,3.174184702,0.072458525,-0.269181212,0.269181212,,,,,
5:22,8.488868843,8.758570401,3.177120097,0.07273893,-0.269701558,0.269701558,,,,,
5:24,8.497391641,8.767633546,3.180292452,0.073030687,-0.270241905,0.270241905,,,,,
5:26,8.50586444,8.776696691,3.184064981,0.073350108,-0.270832251,0.270832251,,,,,
5:28,8.514387239,8.785759836,3.187224041,0.073643086,-0.271372597,0.271372597,,,,,
5:30,8.523000038,8.794822981,3.189287126,0.073887712,-0.271822943,0.271822943,,,,,
5:32,8.527197458,8.800010212,3.199324929,0.074426799,-0.272812754,0.272812754,,,,,
5:34,8.532124878,8.805197442,3.200522354,0.074568625,-0.273072564,0.273072564,,,,,
5:36,8.537062298,8.810384673,3.201597522,0.074705121,-0.273322375,0.273322375,,,,,
5:38,8.541809718,8.815571903,3.204967027,0.074945734,-0.273762185,0.273762185,,,,,
5:40,8.546547138,8.820759133,3.208453549,0.075192218,-0.274211995,0.274211995,,,,,
5:42,8.551294558,8.825946364,3.211815523,0.075433615,-0.274651806,0.274651806,,,,,
5:44,8.556001979,8.831133594,3.215656281,0.075697406,-0.275131615,0.275131615,,,,,
5:46,8.560739399,8.836320825,3.219131119,0.075945122,-0.275581426,0.275581426,,,,,
5:48,8.565406819,8.841508055,3.223445679,0.076231893,-0.276101236,0.276101236,,,,,
5:50,8.570044239,8.846695286,3.228116907,0.076535802,-0.276651047,0.276651047,,,,,
5:52,8.574791659,8.851882516,3.231458769,0.076779343,-0.277090857,0.277090857,,,,,
5:54,8.579509079,8.857069747,3.235157926,0.077039924,-0.277560668,0.277560668,,,,,
5:56,8.584236499,8.862256977,3.23873274,0.077295386,-0.278020478,0.278020478,,,,,
5:58,8.588983919,8.867444207,3.242063213,0.077540132,-0.278460288,0.278460288,,,,,
6:00,8.593141339,8.872631438,3.252478785,0.078114715,-0.279490099,0.279490099,,,,,
6:02,8.604038203,8.883316928,3.245902894,0.077996606,-0.279278725,0.279278725,,,,,
6:04,8.613835066,8.894002418,3.252527473,0.078493745,-0.280167352,0.280167352,,,,,
6:06,8.623591929,8.904687908,3.259615962,0.079014949,-0.281095979,0.281095979,,,,,
6:08,8.633598792,8.915373398,3.263698173,0.079396929,-0.281774606,0.281774606,,,,,
6:10,8.643795655,8.926058889,3.265501005,0.079672533,-0.282263234,0.282263234,,,,,
6:12,8.654042518,8.936744379,3.266702936,0.079920342,-0.282701861,0.282701861,,,,,
6:14,8.664259381,8.947429869,3.268259589,0.080185525,-0.283170488,0.283170488,,,,,
6:16,8.674436244,8.958115359,3.270288778,0.08047384,-0.283679115,0.283679115,,,,,
6:18,8.684673107,8.968800849,3.271599731,0.080728574,-0.284127742,0.284127742,,,,,
6:20,8.69495997,8.979486339,3.272313731,0.080955255,-0.284526369,0.284526369,,,,,
6:22,8.705156833,8.990171829,3.274093752,0.081233548,-0.285014996,0.285014996,,,,,
6:24,8.715613696,9.00085732,3.272788744,0.081363925,-0.285243624,0.285243624,,,,,
6:26,8.726050559,9.01154281,3.271723549,0.081505825,-0.285492251,0.285492251,,,,,
6:28,8.736297422,9.0222283,3.272906864,0.081756467,-0.285930878,0.285930878,,,,,
6:30,8.744724285,9.03291379,3.295581377,0.083053191,-0.288189505,0.288189505,,,,,
6:32,8.756237197,9.046059175,3.309891812,0.083996779,-0.289821978,0.289821978,,,,,
6:34,8.76860011,9.059204559,3.314148728,0.084450946,-0.290604449,0.290604449,,,,,
6:36,8.780993022,9.072349944,3.318040696,0.084888856,-0.291356922,0.291356922,,,,,
6:38,8.793325934,9.085495329,3.322626697,0.085362955,-0.292169395,0.292169395,,,,,
6:40,8.805658847,9.098640713,3.327199828,0.085838374,-0.292981866,0.292981866,,,,,
6:42,8.818071759,9.111786098,3.330822736,0.086268113,-0.293714339,0.293714339,,,,,
6:44,8.830464671,9.124931483,3.334669499,0.086710703,-0.294466812,0.294466812,,,,,
6:46,8.842857584,9.138076867,3.338505457,0.087154425,-0.295219283,0.295219283,,,,,
6:48,8.855280496,9.151222252,3.341980597,0.087581523,-0.295941756,0.295941756,,,,,
6:50,8.867643409,9.164367636,3.346145231,0.088045267,-0.296724227,0.296724227,,,,,
6:52,8.879956321,9.177513021,3.350880221,0.08853999,-0.2975567,0.2975567,,,,,
6:54,8.891909233,9.190658406,3.359786579,0.089251068,-0.298749173,0.298749173,,,,,
6:56,8.903902146,9.20380379,3.368204626,0.089940996,-0.299901644,0.299901644,,,,,
6:58,8.916145058,9.216949175,3.373701471,0.090483117,-0.300804117,0.300804117,,,,,
7:00,8.93321797,9.23009456,3.323288327,0.08813571,-0.29687659,0.29687659,,,,,
7:02,9.074409017,9.340426761,2.931515909,0.07076544,-0.266017744,0.266017744,,,,,
7:04,9.209990063,9.450758962,2.614214536,0.057969663,-0.240768899,0.240768899,,,,,
7:06,9.33921111,9.561091164,2.375790111,0.049230758,-0.221880054,0.221880054,,,,,
7:08,9.462342156,9.671423365,2.209613704,0.043714952,-0.209081209,0.209081209,,,,,
7:10,9.582083203,9.781755567,2.083809541,0.039869053,-0.199672364,0.199672364,,,,,
7:12,9.688524249,9.892087768,2.101078696,0.041438106,-0.203563519,0.203563519,,,,,
7:14,9.795955295,10.00241997,2.107652279,0.042627662,-0.206464675,0.206464675,,,,,
7:16,9.911586342,10.11275217,2.02960274,0.04046769,-0.201165828,0.201165828,,,,,
7:18,10.02793739,10.22308437,1.946033091,0.038082344,-0.19514698,0.19514698,,,,,
7:20,10.14402843,10.33341657,1.866991416,0.035867868,-0.18938814,0.18938814,,,,,
7:22,10.26156948,10.44374877,1.775355031,0.033189294,-0.18217929,0.18217929,,,,,
7:24,10.37809053,10.55408098,1.695788348,0.030972638,-0.17599045,0.17599045,,,,,
7:26,10.49761157,10.66441318,1.588948199,0.027822777,-0.16680161,0.16680161,,,,,
7:28,10.61769262,10.77474538,1.479160921,0.024665569,-0.15705276,0.15705276,,,,,
7:30,10.73959367,10.88507758,1.35465004,0.021165568,-0.14548391,0.14548391,,,,,
7:32,10.75292439,10.91117756,1.47172215,0.025044066,-0.15825317,0.15825317,,,,,
7:34,10.77100511,10.93727753,1.543703845,0.027646518,-0.16627242,0.16627242,,,,,
7:36,10.78886584,10.96337751,1.61751636,0.030454323,-0.17451167,0.17451167,,,,,
7:38,10.80997656,10.98947748,1.660511649,0.03222058,-0.17950092,0.17950092,,,,,
7:40,10.83498728,11.01557746,1.666731814,0.032612813,-0.18059018,0.18059018,,,,,
7:42,10.87944801,11.04167743,1.491154881,0.026318385,-0.16222942,0.16222942,,,,,
7:44,10.92931873,11.06777741,1.266855542,0.019170806,-0.13845868,0.13845868,,,,,
7:46,10.96844945,11.09387738,1.143533829,0.015732166,-0.12542793,0.12542793,,,,,
7:48,10.99604018,11.11997736,1.127107377,0.015360425,-0.12393718,0.12393718,,,,,
7:50,11.0162709,11.14607733,1.178315522,0.016849709,-0.12980643,0.12980643,,,,,
7:52,11.03097162,11.17217731,1.280083884,0.019939047,-0.14120569,0.14120569,,,,,
7:54,11.04495235,11.19827728,1.388190054,0.023508534,-0.15332493,0.15332493,,,,,
7:56,11.05591307,11.22437726,1.523747419,0.028380183,-0.16846419,0.16846419,,,,,
7:58,11.06426379,11.25047723,1.683016995,0.034675445,-0.18621344,0.18621344,,,,,
8:00,11.07201452,11.27657721,1.847565225,0.041845894,-0.20456269,0.20456269,,,,,
8:02,11.01443199,11.27101992,2.329561163,0.065837366,-0.25658793,0.25658793,,,,,
8:04,10.96239946,11.26546263,2.764569665,0.091847285,-0.30306317,0.30306317,,,,,
8:06,10.92780693,11.25990534,3.039021572,0.110289354,-0.33209841,0.33209841,,,,,
8:08,10.9002644,11.25434805,3.248395057,0.125375231,-0.35408365,0.35408365,,,,,
8:10,10.87742187,11.24879076,3.414126017,0.137914852,-0.37136889,0.37136889,,,,,
8:12,10.86015934,11.24323347,3.527334342,0.146745789,-0.38307413,0.38307413,,,,,
8:14,10.8451168,11.23767618,3.619687895,0.154102867,-0.39255938,0.39255938,,,,,
8:16,10.83574427,11.23211889,3.658028559,0.157112839,-0.39637462,0.39637462,,,,,
8:18,10.82892174,11.2265616,3.672017118,0.158117458,-0.39763986,0.39763986,,,,,
8:20,10.81810921,11.22100431,3.724265416,0.162324462,-0.4028951,0.4028951,,,,,
8:22,10.80853668,11.21544702,3.764712579,0.165576025,-0.40691034,0.40691034,,,,,
8:24,10.80055415,11.20988973,3.789949796,0.167555617,-0.40933558,0.40933558,,,,,
8:26,10.79225162,11.20433243,3.818302468,0.169810594,-0.41208081,0.41208081,,,,,
8:28,10.78685909,11.19877514,3.818683887,0.169674832,-0.41191605,0.41191605,,,,,
8:30,10.78496656,11.19321785,3.785373721,0.166669116,-0.40825129,0.40825129,,,,,
8:32,10.77966964,11.16967854,3.618004197,0.152106942,-0.3900089,0.3900089,,,,,
8:34,10.77868272,11.14613922,3.409103965,0.135024279,-0.3674565,0.3674565,,,,,
8:36,10.76756581,11.12259991,3.297254981,0.126049212,-0.3550341,0.3550341,,,,,
8:38,10.74600889,11.09906059,3.285421626,0.124645503,-0.3530517,0.3530517,,,,,
8:40,10.71824197,11.07552127,3.333375949,0.127648498,-0.3572793,0.3572793,,,,,
8:42,10.68605505,11.05198196,3.424340491,0.133902503,-0.36592691,0.36592691,,,,,
8:44,10.65387813,11.02844264,3.515757412,0.140298572,-0.37456451,0.37456451,,,,,
8:46,10.61932122,11.00490332,3.630948646,0.148673556,-0.3855821,0.3855821,,,,,
8:48,10.5826243,10.98136401,3.767871737,0.158993356,-0.39873971,0.39873971,,,,,
8:50,10.54660738,10.95782469,3.899048245,0.169099676,-0.41121731,0.41121731,,,,,
8:52,10.50026046,10.93428537,4.133468038,0.188377623,-0.43402491,0.43402491,,,,,
8:54,10.45919354,10.91074606,4.317278558,0.203899678,-0.45155252,0.45155252,,,,,
8:56,10.43008662,10.88720674,4.382706843,0.208958804,-0.45712012,0.45712012,,,,,
8:58,10.40389971,10.86366743,4.41918639,0.211386356,-0.45976772,0.45976772,,,,,
9:00,10.37559279,10.84012811,4.477193057,0.215793064,-0.46453532,0.46453532,,,,,
9:02,10.44776933,10.88897733,4.222987569,0.194664499,-0.441208,0.441208,,,,,
9:04,10.51794587,10.93782655,3.992040701,0.176299785,-0.41988068,0.41988068,,,,,
9:06,10.58846242,10.98667577,3.760823189,0.158573872,-0.39821335,0.39821335,,,,,
9:08,10.65721896,11.03552499,3.549763136,0.143115452,-0.37830603,0.37830603,,,,,
9:10,10.7184155,11.08437421,3.414298597,0.133925777,-0.36595871,0.36595871,,,,,
9:12,10.77777205,11.13322343,3.298004248,0.126345684,-0.35545138,0.35545138,,,,,
9:14,10.83617859,11.18207265,3.192029894,0.119642701,-0.34589406,0.34589406,,,,,
9:16,10.89212513,11.23092187,3.110474182,0.114783231,-0.33879674,0.33879674,,,,,
9:18,10.94929167,11.27977108,3.018272049,0.10921664,-0.33047941,0.33047941,,,,,
9:20,11.00864822,11.3286203,2.906551954,0.102382132,-0.31997208,0.31997208,,,,,
9:22,11.08618476,11.37746952,2.627457203,0.084846811,-0.29128476,0.29128476,,,,,
9:24,11.1679713,11.42631874,2.313288896,0.0667434,-0.25834744,0.25834744,,,,,
9:26,11.23777784,11.47516796,2.112429373,0.056354069,-0.23739012,0.23739012,,,,,
9:28,11.29504439,11.52401718,2.027196902,0.052428539,-0.22897279,0.22897279,,,,,
9:30,11.33594093,11.5728664,2.090037973,0.056133678,-0.23692547,0.23692547,,,,,
9:32,11.42408205,11.65032486,1.98040253,0.051185809,-0.22624281,0.22624281,,,,,
9:34,11.51313317,11.72778332,1.864393878,0.046074687,-0.21465015,0.21465015,,,,,
9:36,11.59460428,11.80524178,1.816685545,0.044368156,-0.2106375,0.2106375,,,,,
9:38,11.6686554,11.88270024,1.834357367,0.045815194,-0.21404484,0.21404484,,,,,
9:40,11.69360652,11.9601587,2.27946938,0.071050065,-0.26655218,0.26655218,,,,,
9:42,11.69718764,12.03761716,2.910353586,0.115892258,-0.34042952,0.34042952,,,,,
9:44,11.70860876,12.11507562,3.471521411,0.165215308,-0.40646686,0.40646686,,,,,
9:46,11.72492988,12.19253408,3.988119373,0.218653688,-0.4676042,0.4676042,,,,,
9:48,11.74195099,12.26999254,4.497051218,0.278827879,-0.52804155,0.52804155,,,,,
9:50,11.75953211,12.347451,4.999509202,0.345648621,-0.58791889,0.58791889,,,,,
9:52,12.01281323,12.42490946,3.430472297,0.169823303,-0.41209623,0.41209623,,,,,
9:54,12.46495435,12.50236792,0.300150076,0.001399775,-0.03741357,0.03741357,,,,,
9:56,12.61397547,12.57982638,0.270724246,0.00116616,0.03414909,0.03414909,,,,,
9:58,12.74561659,12.65728484,0.693036303,0.007802498,0.08833175,0.08833175,,,,,
10:00,12.8941777,12.7347433,1.236483657,0.025419328,0.1594344,0.1594344,,,,,
10:02,12.85662404,12.70156817,1.206038767,0.024042323,0.15505587,0.15505587,,,,,
10:04,12.80274037,12.66839305,1.049363778,0.018049202,0.13434732,0.13434732,,,,,
10:06,12.74749671,12.63521792,0.880790892,0.012606527,0.11227879,0.11227879,,,,,
10:08,12.69540305,12.6020428,0.735386263,0.008716136,0.09336025,0.09336025,,,,,
10:10,12.64824938,12.56886767,0.627610254,0.006301456,0.07938171,0.07938171,,,,,
10:12,12.62531572,12.53569254,0.709868822,0.008032314,0.08962318,0.08962318,,,,,
10:14,12.61522205,12.50251742,0.893401872,0.012702334,0.11270463,0.11270463,,,,,
10:16,12.59828839,12.46934229,1.023520783,0.016627097,0.1289461,0.1289461,,,,,
10:18,12.57014472,12.43616717,1.06583936,0.017949984,0.13397755,0.13397755,,,,,
10:20,12.53360106,12.40299204,1.042070985,0.017058716,0.13060902,0.13060902,,,,,
10:22,12.4897874,12.36981692,0.960548616,0.014392916,0.11997048,0.11997048,,,,,
10:24,12.44324373,12.33664179,0.856705392,0.011363974,0.10660194,0.10660194,,,,,
10:26,12.39148007,12.30346666,0.710273587,0.00774636,0.08801341,0.08801341,,,,,
10:28,12.3339864,12.27029154,0.516417466,0.004057035,0.06369486,0.06369486,,,,,
10:30,12.27321274,12.23711641,0.294106611,0.001302945,0.03609633,0.03609633,,,,,
10:32,12.25202492,12.23967649,0.10078685,0.000152484,0.01234843,0.01234843,,,,,
10:34,12.2336071,12.24223656,0.070538966,7.45E-05,-0.00862946,0.00862946,,,,,
10:36,12.22629927,12.24479663,0.151291569,0.000342152,-0.01849736,0.01849736,,,,,
10:38,12.22224145,12.24735671,0.205488168,0.000630776,-0.02511526,0.02511526,,,,,
10:40,12.21927363,12.24991678,0.250777181,0.000939003,-0.03064315,0.03064315,,,,,
10:42,12.21935581,12.25247686,0.271053978,0.001097004,-0.03312105,0.03312105,,,,,
10:44,12.21992799,12.25503693,0.287308894,0.001232638,-0.03510894,0.03510894,,,,,
10:46,12.22528017,12.25759701,0.264344371,0.001044378,-0.03231684,0.03231684,,,,,
10:48,12.23339235,12.26015708,0.218784203,0.000716351,-0.02676473,0.02676473,,,,,
10:50,12.23672453,12.26271715,0.21241485,0.000675616,-0.02599262,0.02599262,,,,,
10:52,12.24001671,12.26527723,0.206376516,0.000638094,-0.02526052,0.02526052,,,,,
10:54,12.24447889,12.2678373,0.190766877,0.000545615,-0.02335841,0.02335841,,,,,
10:56,12.24821106,12.27039738,0.181139269,0.000492233,-0.02218632,0.02218632,,,,,
10:58,12.25482324,12.27295745,0.147976104,0.00032885,-0.01813421,0.01813421,,,,,
11:00,12.26602542,12.27551753,0.077385377,9.01E-05,-0.00949211,0.00949211,,,,,
11:02,12.25910459,12.25402458,0.041438671,2.58E-05,0.00508001,0.00508001,,,,,
11:04,12.26081376,12.23253164,0.230670823,0.000799878,0.02828212,0.02828212,,,,,
11:06,12.25580293,12.21103869,0.365249346,0.002003837,0.04476424,0.04476424,,,,,
11:08,12.24012209,12.18954575,0.413201271,0.002557966,0.05057634,0.05057634,,,,,
11:10,12.21645126,12.1680528,0.396174462,0.002342411,0.04839846,0.04839846,,,,,
11:12,12.18582043,12.14655986,0.32218241,0.001541392,0.03926057,0.03926057,,,,,
11:14,12.1525796,12.12506691,0.226393827,0.000756948,0.02751269,0.02751269,,,,,
11:16,12.11428876,12.10357397,0.088447537,0.000114807,0.01071479,0.01071479,,,,,
11:18,12.07041793,12.08208102,0.096625403,0.000136028,-0.01166309,0.01166309,,,,,
11:20,12.0238671,12.06058808,0.305400747,0.00134843,-0.03672098,0.03672098,,,,,
11:22,11.96199627,12.03909513,0.644531717,0.005944234,-0.07709886,0.07709886,,,,,
11:24,11.90008544,12.01760219,0.987528624,0.013810187,-0.11751675,0.11751675,,,,,
11:26,11.8489746,11.99610924,1.241749982,0.021648602,-0.14713464,0.14713464,,,,,
11:28,11.80111377,11.9746163,1.470221653,0.030103128,-0.17350253,0.17350253,,,,,
11:30,11.75428294,11.95312335,1.691642196,0.039537509,-0.19884041,0.19884041,,,,,
11:32,11.71029987,11.93050945,1.88047772,0.048492259,-0.22020958,0.22020958,,,,,
11:34,11.66741681,11.90789555,2.061113817,0.057830024,-0.24047874,0.24047874,,,,,
11:36,11.62918375,11.88528165,2.202200133,0.065586134,-0.2560979,0.2560979,,,,,
11:38,11.59360068,11.86266775,2.320824025,0.072397088,-0.26906707,0.26906707,,,,,
11:40,11.55362762,11.84005385,2.479102144,0.082039985,-0.28642623,0.28642623,,,,,
11:42,11.51374455,11.81743995,2.637677071,0.092230896,-0.3036954,0.3036954,,,,,
11:44,11.47508149,11.79482605,2.786425179,0.102236584,-0.31974456,0.31974456,,,,,
11:46,11.43582842,11.77221215,2.94148983,0.113154014,-0.33638373,0.33638373,,,,,
11:48,11.39932536,11.74959825,3.072751053,0.122691097,-0.35027289,0.35027289,,,,,
11:50,11.3670623,11.72698435,3.166359438,0.129543882,-0.35992205,0.35992205,,,,,
11:52,11.35593923,11.70437044,3.068272936,0.121404308,-0.34843121,0.34843121,,,,,
11:54,11.35564617,11.68175654,2.871790518,0.106347973,-0.32611037,0.32611037,,,,,
11:56,11.3491831,11.65914264,2.731117626,0.096074916,-0.30995954,0.30995954,,,,,
11:58,11.33299004,11.63652874,2.678363776,0.092135742,-0.3035387,0.3035387,,,,,
12:00,11.30808697,11.61391484,2.704505818,0.093530686,-0.30582787,0.30582787,,,,,
12:02,11.27140348,11.58365307,2.770281363,0.097499806,-0.31224959,0.31224959,,,,,
12:04,11.23564998,11.55339129,2.827974444,0.10095954,-0.31774131,0.31774131,,,,,
12:06,11.19550648,11.52312952,2.926379799,0.107336856,-0.32762304,0.32762304,,,,,
12:08,11.15041298,11.49286774,3.071229385,0.117275263,-0.34245476,0.34245476,,,,,
12:10,11.10308948,11.46260597,3.237986064,0.129252107,-0.35951649,0.35951649,,,,,
12:12,11.04194598,11.43234419,3.535592464,0.152410762,-0.39039821,0.39039821,,,,,
12:14,10.98119248,11.40208242,3.832825449,0.177148342,-0.42088994,0.42088994,,,,,
12:16,10.93034899,11.37182064,4.038952923,0.194897218,-0.44147165,0.44147165,,,,,
12:18,10.88235549,11.34155887,4.219705747,0.210867744,-0.45920338,0.45920338,,,,,
12:20,10.83549199,11.31129709,4.391172089,0.226390493,-0.4758051,0.4758051,,,,,
12:22,10.79144849,11.28103532,4.536803659,0.239695264,-0.48958683,0.48958683,,,,,
12:24,10.74794499,11.25077354,4.678369218,0.252836551,-0.50282855,0.50282855,,,,,
12:26,10.70867149,11.22051177,4.779680472,0.261980472,-0.51184028,0.51184028,,,,,
12:28,10.67170799,11.19024999,4.859034753,0.268885806,-0.518542,0.518542,,,,,
12:30,10.64879449,11.15998822,4.80048451,0.26131903,-0.51119373,0.51119373,,,,,
12:32,10.53682161,11.07577035,5.114908081,0.290465744,-0.53894874,0.53894874,,,,,
12:34,10.42289873,10.99155247,5.455811811,0.323367076,-0.56865374,0.56865374,,,,,
12:36,10.30904585,10.9073346,5.803531759,0.357949428,-0.59828875,0.59828875,,,,,
12:38,10.19835296,10.82311673,6.126124213,0.390329768,-0.62476377,0.62476377,,,,,
12:40,10.34129008,10.73889886,3.844866326,0.158092742,-0.39760878,0.39760878,,,,,
12:42,10.2874472,10.65468099,3.569727094,0.134860657,-0.36723379,0.36723379,,,,,
12:44,10.20383431,10.57046312,3.593049425,0.134416684,-0.36662881,0.36662881,,,,,
12:46,10.12221143,10.48624524,3.596386151,0.132520615,-0.36403381,0.36403381,,,,,
12:48,10.04111855,10.40202737,3.594308923,0.130255176,-0.36090882,0.36090882,,,,,
12:50,9.960335664,10.3178095,3.588973786,0.127787543,-0.357473836,0.357473836,,,,,
12:52,9.880842781,10.23359163,3.57002795,0.12443175,-0.352748849,0.352748849,,,,,
12:54,9.809289898,10.14937376,3.466956992,0.115657033,-0.340083862,0.340083862,,,,,
12:56,9.757007015,10.06515589,3.158231561,0.094955729,-0.308148875,0.308148875,,,,,
12:58,9.710934132,9.980938016,2.780411033,0.072902097,-0.270003884,0.270003884,,,,,
13:00,9.632531249,9.896720144,2.742673636,0.069795772,-0.264188895,0.264188895,,,,,
13:02,9.591412326,9.83683342,2.558758665,0.060231513,-0.245421094,0.245421094,,,,,
13:04,9.551393403,9.776946697,2.361470044,0.050874288,-0.225553294,0.225553294,,,,,
13:06,9.51185448,9.717059973,2.157365774,0.042109294,-0.205205493,0.205205493,,,,,
13:08,9.436445557,9.657173249,2.339097817,0.048720714,-0.220727692,0.220727692,,,,,
13:10,9.265326633,9.597286525,3.582819097,0.11019737,-0.331959892,0.331959892,,,,,
13:12,9.20581771,9.537399802,3.601875493,0.109946684,-0.331582092,0.331582092,,,,,
13:14,9.148558787,9.477513078,3.59569522,0.108210926,-0.328954291,0.328954291,,,,,
13:16,9.091299864,9.417626354,3.589437098,0.106488978,-0.32632649,0.32632649,,,,,
13:18,9.033990941,9.35773963,3.583672943,0.104813214,-0.323748689,0.323748689,,,,,
13:20,8.976692018,9.297852907,3.577719814,0.103144317,-0.321160889,0.321160889,,,,,
13:22,8.919453095,9.237966183,3.570993475,0.101450587,-0.318513088,0.318513088,,,,,
13:24,8.862204172,9.178079459,3.564297108,0.099777197,-0.315875287,0.315875287,,,,,
13:26,8.804955249,9.118192736,3.557513674,0.098117723,-0.313237487,0.313237487,,,,,
13:28,8.747726326,9.058306012,3.550404693,0.096459741,-0.310579686,0.310579686,,,,,
13:30,8.686637402,8.998419288,3.589212621,0.097207944,-0.311781886,0.311781886,,,,,
13:32,8.724684571,9.037378225,3.584010992,0.097777321,-0.312693654,0.312693654,,,,,
13:34,8.761281739,9.076337161,3.595996926,0.099259919,-0.315055422,0.315055422,,,,,
13:36,8.797798908,9.115296098,3.608825268,0.100804466,-0.31749719,0.31749719,,,,,
13:38,8.834536076,9.154255035,3.618967156,0.102220213,-0.319718959,0.319718959,,,,,
13:40,8.871473245,9.193213972,3.626688805,0.103517095,-0.321740727,0.321740727,,,,,
13:42,8.908480413,9.232172908,3.633532095,0.104776831,-0.323692495,0.323692495,,,,,
13:44,8.945497582,9.271131845,3.640202907,0.106037673,-0.325634263,0.325634263,,,,,
13:46,8.98248475,9.310090782,3.647164912,0.107325712,-0.327606032,0.327606032,,,,,
13:48,9.019501919,9.349049719,3.653725039,0.108601752,-0.3295478,0.3295478,,,,,
13:50,9.056559087,9.388008655,3.659773705,0.109858816,-0.331449568,0.331449568,,,,,
13:52,9.093606256,9.426967592,3.665887071,0.11112978,-0.333361336,0.333361336,,,,,
13:54,9.130823424,9.465926529,3.670020648,0.112294091,-0.335103105,0.335103105,,,,,
13:56,9.167990593,9.504885465,3.674686057,0.113498155,-0.336894872,0.336894872,,,,,
13:58,9.205017761,9.543844402,3.680890682,0.114803493,-0.338826641,0.338826641,,,,,
14:00,9.25059493,9.582803339,3.591211284,0.110362427,-0.332208409,0.332208409,,,,,
14:02,9.216649742,9.552178671,3.640465228,0.112579662,-0.335528929,0.335528929,,,,,
14:04,9.186904555,9.521554003,3.642679055,0.111990253,-0.334649448,0.334649448,,,,,
14:06,9.157239368,9.490929335,3.644001796,0.111348994,-0.333689967,0.333689967,,,,,
14:08,9.127534181,9.460304666,3.645787333,0.110736196,-0.332770485,0.332770485,,,,,
14:10,9.097848994,9.429679998,3.647356691,0.110111815,-0.331831004,0.331831004,,,,,
14:12,9.068273807,9.39905533,3.647679041,0.109416416,-0.330781523,0.330781523,,,,,
14:14,9.03868862,9.368430662,3.648118171,0.108729814,-0.329742042,0.329742042,,,,,
14:16,9.009123433,9.337805994,3.648330089,0.108032226,-0.328682561,0.328682561,,,,,
14:18,8.979598246,9.307181326,3.648081696,0.107310674,-0.32758308,0.32758308,,,,,
14:20,8.950053059,9.276556658,3.648063278,0.1066046,-0.326503599,0.326503599,,,,,
14:22,8.920497872,9.24593199,3.648160929,0.105907365,-0.325434118,0.325434118,,,,,
14:24,8.890682685,9.215307322,3.651290328,0.105381155,-0.324624637,0.324624637,,,,,
14:26,8.860847498,9.184682653,3.654674737,0.104869208,-0.323835155,0.323835155,,,,,
14:28,8.831222311,9.154057985,3.655617112,0.104222872,-0.322835674,0.322835674,,,,,
14:30,8.792527124,9.123433317,3.763493571,0.109498909,-0.330906193,0.330906193,,,,,
14:32,8.781544699,9.103891623,3.670731461,0.103907539,-0.322346924,0.322346924,,,,,
14:34,8.763822275,9.084349929,3.657395642,0.102737977,-0.320527654,0.320527654,,,,,
14:36,8.746049851,9.064808234,3.644598286,0.101606907,-0.318758383,0.318758383,,,,,
14:38,8.728297426,9.04526654,3.631511377,0.100469419,-0.316969114,0.316969114,,,,,
14:40,8.710605002,9.025724846,3.617657372,0.099300516,-0.315119844,0.315119844,,,,,
14:42,8.692852578,9.006183152,3.60446207,0.098176049,-0.313330574,0.313330574,,,,,
14:44,8.675320154,8.986641457,3.588585752,0.096920954,-0.311321303,0.311321303,,,,,
14:46,8.657777729,8.967099763,3.572764787,0.095680121,-0.309322034,0.309322034,,,,,
14:48,8.640105305,8.947558069,3.558437694,0.094527202,-0.307452764,0.307452764,,,,,
14:50,8.622432881,8.928016375,3.544051873,0.093381272,-0.305583494,0.305583494,,,,,
14:52,8.604790456,8.90847468,3.529246012,0.092224108,-0.303684224,0.303684224,,,,,
14:54,8.587138032,8.888932986,3.514499859,0.091080194,-0.301794954,0.301794954,,,,,
14:56,8.569505608,8.869391292,3.4994514,0.089931423,-0.299885684,0.299885684,,,,,
14:58,8.551843183,8.849849597,3.484703913,0.088807823,-0.298006414,0.298006414,,,,,
15:00,8.535030759,8.830307903,3.45959086,0.087188592,-0.295277144,0.295277144,,,,,
15:02,8.472813705,8.770139315,3.509172045,0.088402518,-0.29732561,0.29732561,,,,,
15:04,8.415406651,8.709970727,3.500295211,0.086767995,-0.294564076,0.294564076,,,,,
15:06,8.358019597,8.649802138,3.491048778,0.085137051,-0.291782541,0.291782541,,,,,
15:08,8.300672543,8.58963355,3.481175839,0.083498464,-0.288961007,0.288961007,,,,,
15:10,8.243295489,8.529464962,3.471542096,0.081892967,-0.286169473,0.286169473,,,,,
15:12,8.185938435,8.469296373,3.461520512,0.080291721,-0.283357938,0.283357938,,,,,
15:14,8.128311381,8.409127785,3.454793878,0.078857853,-0.280816404,0.280816404,,,,,
15:16,8.070574327,8.348959197,3.449381156,0.077498136,-0.27838487,0.27838487,,,,,
15:18,8.013017273,8.288790608,3.441566711,0.076050932,-0.275773335,0.275773335,,,,,
15:20,7.95563022,8.22862202,3.431428969,0.074524523,-0.2729918,0.2729918,,,,,
15:22,7.898313166,8.168453432,3.420227336,0.072975763,-0.270140266,0.270140266,,,,,
15:24,7.841016112,8.108284843,3.408598161,0.071432575,-0.267268731,0.267268731,,,,,
15:26,7.784309058,8.048116255,3.388960986,0.069594237,-0.263807197,0.263807197,,,,,
15:28,7.771252004,7.987947667,2.788426664,0.04695701,-0.216695663,0.216695663,,,,,
15:30,7.75809495,7.927779079,2.187188093,0.028792704,-0.169684129,0.169684129,,,,,
15:32,7.752755488,7.926359904,2.239260819,0.030138493,-0.173604416,0.173604416,,,,,
15:34,7.748596027,7.924940729,2.275827794,0.031097454,-0.176344702,0.176344702,,,,,
15:36,7.745016565,7.923521554,2.304772204,0.031864031,-0.178504989,0.178504989,,,,,
15:38,7.741757103,7.922102379,2.329513489,0.032524419,-0.180345276,0.180345276,,,,,
15:40,7.738817642,7.920683204,2.350043255,0.033075083,-0.181865562,0.181865562,,,,,
15:42,7.73611818,7.919264029,2.367412761,0.033542402,-0.183145849,0.183145849,,,,,
15:44,7.733588719,7.917844854,2.382543754,0.033950323,-0.184256135,0.184256135,,,,,
15:46,7.731149257,7.916425679,2.396492628,0.034327353,-0.185276422,0.185276422,,,,,
15:48,7.728669796,7.915006504,2.410980323,0.034721369,-0.186336708,0.186336708,,,,,
15:50,7.726180334,7.913587329,2.425609899,0.035121382,-0.187406995,0.187406995,,,,,
15:52,7.723810872,7.912168154,2.438657356,0.035478466,-0.188357282,0.188357282,,,,,
15:54,7.721481411,7.910748979,2.451182071,0.035822212,-0.189267568,0.189267568,,,,,
15:56,7.719181949,7.909329804,2.463316142,0.036156207,-0.190147855,0.190147855,,,,,
15:58,7.716912488,7.907910629,2.475059051,0.03648029,-0.190998141,0.190998141,,,,,
16:00,7.714523026,7.906491454,2.488403072,0.036851877,-0.191968428,0.191968428,,,,,
16:02,7.7164633,7.908705251,2.491322041,0.036956968,-0.192241951,0.192241951,,,,,
16:04,7.717203573,7.910919048,2.510177076,0.037525685,-0.193715475,0.193715475,,,,,
16:06,7.716843847,7.913132845,2.543643514,0.038529371,-0.196288998,0.196288998,,,,,
16:08,7.715794121,7.915346642,2.586286231,0.039821209,-0.199552521,0.199552521,,,,,
16:10,7.714354394,7.91756044,2.634128997,0.041292697,-0.203206046,0.203206046,,,,,
16:12,7.712754668,7.919774237,2.68411972,0.042857102,-0.207019569,0.207019569,,,,,
16:14,7.711144941,7.921988034,2.734264427,0.04445481,-0.210843093,0.210843093,,,,,
16:16,7.709625215,7.924201831,2.783230183,0.046043124,-0.214576616,0.214576616,,,,,
16:18,7.708365489,7.926415628,2.82874676,0.047545863,-0.218050139,0.218050139,,,,,
16:20,7.707495762,7.928629425,2.869072781,0.048900097,-0.221133663,0.221133663,,,,,
16:22,7.707236036,7.930843222,2.901262981,0.050000174,-0.223607186,0.223607186,,,,,
16:24,7.707886309,7.933057019,2.921302948,0.050701849,-0.22517071,0.22517071,,,,,
16:26,7.709126583,7.935270817,2.933461159,0.051141215,-0.226144234,0.226144234,,,,,
16:28,7.710686857,7.937484614,2.941343115,0.051437223,-0.226797757,0.226797757,,,,,
16:30,7.71256713,7.939698411,2.944950458,0.051588619,-0.227131281,0.227131281,,,,,
16:32,7.716023261,7.947842792,3.004391293,0.053740295,-0.231819531,0.231819531,,,,,
16:34,7.719609391,7.955987172,3.062043285,0.055874455,-0.236377781,0.236377781,,,,,
16:36,7.723295521,7.964131553,3.118306575,0.058001994,-0.240836032,0.240836032,,,,,
16:38,7.726931652,7.972275934,3.175183799,0.060193817,-0.245344282,0.245344282,,,,,
16:40,7.730567782,7.980420314,3.232007519,0.062426288,-0.249852532,0.249852532,,,,,
16:42,7.734313913,7.988564695,3.287308802,0.06464346,-0.254250782,0.254250782,,,,,
16:44,7.738100043,7.996709076,3.342022351,0.066878632,-0.258609033,0.258609033,,,,,
16:46,7.741926174,8.004853457,3.396148156,0.069130756,-0.262927283,0.262927283,,,,,
16:48,7.745772304,8.012997837,3.449953375,0.071409485,-0.267225533,0.267225533,,,,,
16:50,7.756078435,8.021142218,3.417497453,0.070258809,-0.265063783,0.265063783,,,,,
16:52,7.764324565,8.029286599,3.412557419,0.070204879,-0.264962034,0.264962034,,,,,
16:54,7.771840695,8.037430979,3.417340813,0.070538199,-0.265590284,0.265590284,,,,,
16:56,7.779216826,8.04557536,3.423976217,0.070946869,-0.266358534,0.266358534,,,,,
16:58,7.786722956,8.053719741,3.428872281,0.071287283,-0.266996785,0.266996785,,,,,
17:00,7.793899087,8.061864122,3.43813837,0.07180526,-0.267965035,0.267965035,,,,,
17:02,7.805991187,8.07426636,3.436785497,0.071971568,-0.268275173,0.268275173,,,,,
17:04,7.817953288,8.086668598,3.437156761,0.072207918,-0.26871531,0.26871531,,,,,
17:06,7.829875389,8.099070836,3.438055315,0.072466189,-0.269195447,0.269195447,,,,,
17:08,7.841817489,8.111473074,3.438687337,0.072714135,-0.269655585,0.269655585,,,,,
17:10,7.85380959,8.123875312,3.438658894,0.072935494,-0.270065722,0.270065722,,,,,
17:12,7.86569169,8.13627755,3.440077118,0.073216708,-0.27058586,0.27058586,,,,,
17:14,7.877813791,8.148679788,3.438339674,0.073368388,-0.270865997,0.270865997,,,,,
17:16,7.889945891,8.161082026,3.436476482,0.073514804,-0.271136135,0.271136135,,,,,
17:18,7.901927992,8.173484264,3.436582468,0.073742809,-0.271556272,0.271556272,,,,,
17:20,7.913880093,8.185886503,3.437080254,0.073987487,-0.27200641,0.27200641,,,,,
17:22,7.925852193,8.198288741,3.437315526,0.074221673,-0.272436548,0.272436548,,,,,
17:24,7.937784294,8.210690979,3.438071317,0.074478059,-0.272906685,0.272906685,,,,,
17:26,7.949736394,8.223093217,3.43856462,0.074723953,-0.273356823,0.273356823,,,,,
17:28,7.961638495,8.235495455,3.439706038,0.074997635,-0.27385696,0.27385696,,,,,
17:30,7.973430596,8.247897693,3.442271099,0.075332187,-0.274467097,0.274467097,,,,,
17:32,7.961500905,8.235067205,3.436114663,0.07483852,-0.2735663,0.2735663,,,,,
17:34,7.949161213,8.222236717,3.435274448,0.074570231,-0.273075504,0.273075504,,,,,
17:36,7.936811522,8.209406229,3.43456193,0.074307874,-0.272594707,0.272594707,,,,,
17:38,7.924501831,8.196575741,3.433325095,0.074024213,-0.27207391,0.27207391,,,,,
17:40,7.91216214,8.183745253,3.432476587,0.073757387,-0.271583113,0.271583113,,,,,
17:42,7.899882449,8.170914765,3.430839861,0.073458516,-0.271032316,0.271032316,,,,,
17:44,7.887292758,8.158084277,3.433263191,0.073328047,-0.270791519,0.270791519,,,,,
17:46,7.874583067,8.145253789,3.437270516,0.07326264,-0.270670722,0.270670722,,,,,
17:48,7.862013376,8.132423301,3.439448804,0.073121528,-0.270409925,0.270409925,,,,,
17:50,7.849603685,8.119592813,3.439525597,0.072894129,-0.269989128,0.269989128,,,,,
17:52,7.837273994,8.106762325,3.43854676,0.072623961,-0.269488331,0.269488331,,,,,
17:54,7.824974303,8.093931837,3.437168272,0.072338155,-0.268957534,0.268957534,,,,,
17:56,7.812624612,8.081101349,3.436447421,0.072079758,-0.268476737,0.268476737,,,,,
17:58,7.800294921,8.068270861,3.435459078,0.071811104,-0.26797594,0.26797594,,,,,
18:00,7.78781523,8.055440373,3.436459843,0.071623217,-0.267625143,0.267625143,,,,,
18:02,7.793322716,8.060547268,3.428891138,0.071408961,-0.267224552,0.267224552,,,,,
18:04,7.798470201,8.065654163,3.426107366,0.07138727,-0.267183962,0.267183962,,,,,
18:06,7.803637687,8.070761058,3.423062189,0.071354895,-0.267123371,0.267123371,,,,,
18:08,7.808645172,8.075867952,3.422140129,0.071408014,-0.26722278,0.26722278,,,,,
18:10,7.813642658,8.080974847,3.421351612,0.071466499,-0.267332189,0.267332189,,,,,
18:12,7.818640143,8.086081742,3.420564115,0.071525009,-0.267441599,0.267441599,,,,,
18:14,7.823597629,8.091188636,3.420306356,0.071604947,-0.267591007,0.267591007,,,,,
18:16,7.828595115,8.096295531,3.419520515,0.071663513,-0.267700416,0.267700416,,,,,
18:18,7.8335326,8.101402426,3.419527813,0.071754244,-0.267869826,0.267869826,,,,,
18:20,7.838410086,8.106509321,3.420326725,0.0718772,-0.268099235,0.268099235,,,,,
18:22,7.843387571,8.111616215,3.419806067,0.071946605,-0.268228644,0.268228644,,,,,
18:24,7.848355057,8.11672311,3.41941784,0.072021412,-0.268368053,0.268368053,,,,,
18:26,7.853312542,8.121830005,3.419161807,0.072101628,-0.268517463,0.268517463,,,,,
18:28,7.858300028,8.126936899,3.418511256,0.072165768,-0.268636871,0.268636871,,,,,
18:30,7.863507513,8.132043794,3.4149682,0.072111734,-0.268536281,0.268536281,,,,,
18:32,7.873171336,8.142061756,3.415274589,0.072302058,-0.26889042,0.26889042,,,,,
18:34,7.882565159,8.152079718,3.419122501,0.072638098,-0.269514559,0.269514559,,,,,
18:36,7.891838981,8.16209768,3.424533872,0.073039764,-0.270258699,0.270258699,,,,,
18:38,7.901252804,8.172115642,3.428099881,0.073366677,-0.270862838,0.270862838,,,,,
18:40,7.910846626,8.182133604,3.429303978,0.073596624,-0.271286978,0.271286978,,,,,
18:42,7.920500449,8.192151566,3.429721629,0.073794329,-0.271651117,0.271651117,,,,,
18:44,7.930204272,8.202169528,3.429486135,0.0739651,-0.271965256,0.271965256,,,,,
18:46,7.939868094,8.21218749,3.429772293,0.074157853,-0.272319396,0.272319396,,,,,
18:48,7.949541917,8.222205452,3.429927634,0.074345403,-0.272663535,0.272663535,,,,,
18:50,7.959275739,8.232223414,3.429302916,0.074500433,-0.272947675,0.272947675,,,,,
18:52,7.968909562,8.242241376,3.429977613,0.074710281,-0.273331814,0.273331814,,,,,
18:54,7.978763384,8.252259338,3.427798781,0.074800037,-0.273495954,0.273495954,,,,,
18:56,7.988657207,8.2622773,3.425107448,0.074867955,-0.273620093,0.273620093,,,,,
18:58,7.99837103,8.272295262,3.424750252,0.075034485,-0.273924232,0.273924232,,,,,
19:00,8.007924852,8.282313224,3.426460376,0.075288979,-0.274388372,0.274388372,,,,,
19:02,8.043086056,8.318899283,3.429196518,0.076072936,-0.275813227,0.275813227,,,,,
19:04,8.07815726,8.355485343,3.433061205,0.076910866,-0.277328083,0.277328083,,,,,
19:06,8.113248464,8.392071402,3.436637485,0.077742231,-0.278822938,0.278822938,,,,,
19:08,8.148279667,8.428657462,3.440944671,0.078611708,-0.280377795,0.280377795,,,,,
19:10,8.183270871,8.465243522,3.44572061,0.079508576,-0.281972651,0.281972651,,,,,
19:12,8.218352075,8.501829581,3.449322971,0.080359496,-0.283477506,0.283477506,,,,,
19:14,8.253423279,8.538415641,3.453020067,0.081220646,-0.284992362,0.284992362,,,,,
19:16,8.288484483,8.5750017,3.456810682,0.082092116,-0.286517217,0.286517217,,,,,
19:18,8.323585686,8.61158776,3.460072196,0.082945195,-0.288002074,0.288002074,,,,,
19:20,8.35863689,8.64817382,3.463925205,0.083831634,-0.28953693,0.28953693,,,,,
19:22,8.393708094,8.684759879,3.467499486,0.084711142,-0.291051785,0.291051785,,,,,
19:24,8.428449298,8.721345939,3.475095248,0.085788442,-0.292896641,0.292896641,,,,,
19:26,8.463110502,8.757931998,3.483606836,0.086919715,-0.294821496,0.294821496,,,,,
19:28,8.497961705,8.794518058,3.489735107,0.087945671,-0.296556353,0.296556353,,,,,
19:30,8.532882909,8.831104118,3.494964272,0.088935889,-0.298221209,0.298221209,,,,,
19:32,8.550435879,8.850062374,3.504224805,0.089776037,-0.299626495,0.299626495,,,,,
19:34,8.56860885,8.86902063,3.505957446,0.090247238,-0.30041178,0.30041178,,,,,
19:36,8.58676182,8.887978887,3.507923864,0.090731721,-0.301217067,0.301217067,,,,,
19:38,8.60492479,8.906937143,3.509761681,0.091211461,-0.302012353,0.302012353,,,,,
19:40,8.62314776,8.925895399,3.510871522,0.091656133,-0.302747639,0.302747639,,,,,
19:42,8.64132073,8.944853656,3.512575629,0.092132237,-0.303532926,0.303532926,,,,,
19:44,8.6596837,8.963811912,3.512001391,0.092493969,-0.304128212,0.304128212,,,,,
19:46,8.67802667,8.982770168,3.511668143,0.0928686,-0.304743498,0.304743498,,,,,
19:48,8.696209641,9.001728425,3.513240787,0.093341727,-0.305518784,0.305518784,,,,,
19:50,8.714382611,9.020686681,3.514925654,0.093822183,-0.30630407,0.30630407,,,,,
19:52,8.732565581,9.039644938,3.51648498,0.094297731,-0.307079357,0.307079357,,,,,
19:54,8.750708551,9.058603194,3.518511001,0.094799111,-0.307894643,0.307894643,,,,,
19:56,8.768861521,9.07756145,3.520410583,0.095295646,-0.308699929,0.308699929,,,,,
19:58,8.786974491,9.096519707,3.522773582,0.095818241,-0.309545216,0.309545216,,,,,
20:00,8.804997461,9.115477963,3.526185026,0.096398142,-0.310480502,0.310480502,,,,,
20:02,8.815734751,9.126614311,3.526416899,0.096646101,-0.31087956,0.31087956,,,,,
20:04,8.826442041,9.137750659,3.527000082,0.096913056,-0.311308618,0.311308618,,,,,
20:06,8.837149331,9.148887008,3.527581863,0.097180379,-0.311737677,0.311737677,,,,,
20:08,8.847856621,9.160023356,3.528162225,0.09744807,-0.312166735,0.312166735,,,,,
20:10,8.85853391,9.171159704,3.529091802,0.097734887,-0.312625794,0.312625794,,,,,
20:12,8.8691512,9.182296053,3.530719524,0.098059699,-0.313144853,0.313144853,,,,,
20:14,8.87945849,9.193432401,3.535957867,0.098579617,-0.313973911,0.313973911,,,,,
20:16,8.88975578,9.204568749,3.541300535,0.099107205,-0.314812969,0.314812969,,,,,
20:18,8.900263069,9.215705097,3.544187689,0.099503673,-0.315442028,0.315442028,,,,,
20:20,8.910970359,9.226841446,3.544743998,0.099774544,-0.315871087,0.315871087,,,,,
20:22,8.921747649,9.237977794,3.544486545,0.100001505,-0.316230145,0.316230145,,,,,
20:24,8.932514939,9.249114142,3.544345631,0.100235055,-0.316599203,0.316599203,,,,,
20:26,8.943262228,9.26025049,3.544436626,0.100481558,-0.316988262,0.316988262,,,,,
20:28,8.954029518,9.271386839,3.544296122,0.100715669,-0.317357321,0.317357321,,,,,
20:30,8.965346808,9.282523187,3.537803788,0.100600855,-0.317176379,0.317176379,,,,,
20:32,8.955605784,9.272800778,3.541859721,0.100612664,-0.317194994,0.317194994,,,,,
20:34,8.946474759,9.263078369,3.538864397,0.100237846,-0.31660361,0.31660361,,,,,
20:36,8.937313735,9.253355961,3.536210492,0.099882689,-0.316042226,0.316042226,,,,,
20:38,8.928002711,9.243633552,3.535290604,0.099622828,-0.315630841,0.315630841,,,,,
20:40,8.918681687,9.233911143,3.534484883,0.09936961,-0.315229456,0.315229456,,,,,
20:42,8.909370662,9.224188734,3.53356128,0.099110418,-0.314818072,0.314818072,,,,,
20:44,8.900019638,9.214466326,3.533101058,0.09887672,-0.314446688,0.314446688,,,,,
20:46,8.890668614,9.204743917,3.532639857,0.098643296,-0.314075303,0.314075303,,,,,
20:48,8.88127759,9.195021508,3.532643979,0.098435246,-0.313743918,0.313743918,,,,,
20:50,8.871866565,9.185299099,3.532881516,0.098239953,-0.313432534,0.313432534,,,,,
20:52,8.862535541,9.17557669,3.532184977,0.097994761,-0.313041149,0.313041149,,,,,
20:54,8.853184517,9.165854282,3.531720867,0.097762382,-0.312669765,0.312669765,,,,,
20:56,8.843833493,9.156131873,3.531255764,0.097530278,-0.31229838,0.31229838,,,,,
20:58,8.834502468,9.146409464,3.53055531,0.097285974,-0.311906996,0.311906996,,,,,
21:00,8.825301444,9.136687055,3.528328329,0.096960999,-0.311385611,0.311385611,,,,,
21:02,8.835895678,9.147528811,3.526899189,0.09711521,-0.311633133,0.311633133,,,,,
21:04,8.846229912,9.158370567,3.528516194,0.097431789,-0.312140655,0.312140655,,,,,
21:06,8.856524146,9.169212323,3.530597014,0.097773896,-0.312688177,0.312688177,,,,,
21:08,8.867038381,9.180054079,3.530104242,0.097978827,-0.313015698,0.313015698,,,,,
21:10,8.877752615,9.190895835,3.52728031,0.098058676,-0.31314322,0.31314322,,,,,
21:12,8.888546849,9.201737591,3.523531431,0.098088441,-0.313190742,0.313190742,,,,,
21:14,8.899331083,9.212579347,3.519907969,0.098124475,-0.313248264,0.313248264,,,,,
21:16,8.910085317,9.223421103,3.516641815,0.098179315,-0.313335786,0.313335786,,,,,
21:18,8.920869551,9.234262859,3.51303543,0.098215365,-0.313393308,0.313393308,,,,,
21:20,8.931683785,9.245104615,3.509090084,0.098232617,-0.31342083,0.31342083,,,,,
21:22,8.94247802,9.255946371,3.505385759,0.098262407,-0.313468351,0.313468351,,,,,
21:24,8.953442254,9.266788127,3.49972518,0.098185636,-0.313345873,0.313345873,,,,,
21:26,8.964376488,9.277629883,3.494424798,0.098127689,-0.313253395,0.313253395,,,,,
21:28,8.975150722,9.288471639,3.490982232,0.098169997,-0.313320917,0.313320917,,,,,
21:30,8.985594956,9.299313395,3.491348548,0.098419259,-0.313718439,0.313718439,,,,,
21:32,8.986322857,9.29963217,3.486512982,0.098162726,-0.313309313,0.313309313,,,,,
21:34,8.986880757,9.299950946,3.483635729,0.098012943,-0.313070189,0.313070189,,,,,
21:36,8.987438658,9.300269721,3.480758811,0.097863274,-0.312831063,0.312831063,,,,,
21:38,8.987946558,9.300588496,3.47845791,0.097744981,-0.312641938,0.312641938,,,,,
21:40,8.988454459,9.300907271,3.476157257,0.09762676,-0.312452812,0.312452812,,,,,
21:42,8.989032359,9.301226046,3.473051098,0.097464898,-0.312193687,0.312193687,,,,,
21:44,8.98960026,9.301544822,3.470060436,0.09730941,-0.311944562,0.311944562,,,,,
21:46,8.990168161,9.301863597,3.467070142,0.097154045,-0.311695436,0.311695436,,,,,
21:48,8.990746061,9.302182372,3.463965158,0.096992576,-0.311436311,0.311436311,,,,,
21:50,8.991283962,9.302501147,3.461320834,0.096856136,-0.311217185,0.311217185,,,,,
21:52,8.991741862,9.302819923,3.459597326,0.09676956,-0.311078061,0.311078061,,,,,
21:54,8.991919763,9.303138698,3.461095552,0.096857226,-0.311218935,0.311218935,,,,,
21:56,8.992107663,9.303457473,3.462478672,0.096938704,-0.31134981,0.31134981,,,,,
21:58,8.992525564,9.303776248,3.461215448,0.096876988,-0.311250684,0.311250684,,,,,
22:00,8.970293464,9.304095023,3.721188837,0.111423481,-0.333801559,0.333801559,,,,,
22:02,9.085582738,9.418245099,3.661431199,0.110664246,-0.332662361,0.332662361,,,,,
22:04,9.195402012,9.532395174,3.664800751,0.113564391,-0.336993162,0.336993162,,,,,
22:06,9.305161286,9.646545249,3.668759224,0.11654301,-0.341383963,0.341383963,,,,,
22:08,9.41498056,9.760695324,3.671964714,0.119518698,-0.345714764,0.345714764,,,,,
22:10,9.524879834,9.874845399,3.674225514,0.122475897,-0.349965565,0.349965565,,,,,
22:12,9.634839108,9.988995474,3.675789103,0.125426732,-0.354156366,0.354156366,,,,,
22:14,9.744978382,10.10314555,3.675402386,0.12828372,-0.358167168,0.358167168,,,,,
22:16,9.855017656,10.21729562,3.676076255,0.131245323,-0.362277964,0.362277964,,,,,
22:18,9.96497693,10.3314457,3.677567671,0.134299359,-0.36646877,0.36646877,,,,,
22:20,10.0749562,10.44559578,3.678820758,0.137373698,-0.37063958,0.37063958,,,,,
22:22,10.18495548,10.55974585,3.679842987,0.140467821,-0.37479037,0.37479037,,,,,
22:24,10.29498475,10.67389593,3.68054144,0.143573682,-0.37891118,0.37891118,,,,,
22:26,10.40385403,10.788046,3.692785086,0.14760347,-0.38419197,0.38419197,,,,,
22:28,10.4781833,10.90219608,4.046624953,0.179786838,-0.42401278,0.42401278,,,,,
22:30,10.67732257,11.01634615,3.175174092,0.114936988,-0.33902358,0.33902358,,,,,
22:32,10.59205272,10.95399524,3.417114034,0.131002388,-0.36194252,0.36194252,,,,,
22:34,10.51733287,10.89164432,3.558995942,0.140109062,-0.37431145,0.37431145,,,,,
22:36,10.45504302,10.8292934,3.579615878,0.140063347,-0.37425038,0.37425038,,,,,
22:38,10.39317317,10.76694249,3.596296472,0.139703505,-0.37376932,0.37376932,,,,,
22:40,10.33139332,10.70459157,3.612274148,0.139276934,-0.37319825,0.37319825,,,,,
22:42,10.27028347,10.64224066,3.621683774,0.138352151,-0.37195719,0.37195719,,,,,
22:44,10.20834362,10.57988974,3.639631794,0.138046519,-0.37154612,0.37154612,,,,,
22:46,10.14607377,10.51753882,3.661170404,0.137986283,-0.37146505,0.37146505,,,,,
22:48,10.08425392,10.45518791,3.678348373,0.137592025,-0.37093399,0.37093399,,,,,
22:50,10.02292407,10.39283699,3.690668685,0.136835568,-0.36991292,0.36991292,,,,,
22:52,9.961794222,10.33048608,3.701058763,0.135933686,-0.368691858,0.368691858,,,,,
22:54,9.910334372,10.26813516,3.610380584,0.128021404,-0.357800788,0.357800788,,,,,
22:56,9.865264522,10.20578425,3.451703979,0.115953685,-0.340519728,0.340519728,,,,,
22:58,9.817614672,10.14343333,3.318715074,0.106157798,-0.325818658,0.325818658,,,,,
23:00,9.763544822,10.08108241,3.25227767,0.10083012,-0.317537588,0.317537588,,,,,
23:02,9.697919169,10.05858355,3.718987287,0.130078796,-0.360664381,0.360664381,,,,,
23:04,9.611133515,10.03608469,4.421447006,0.180583501,-0.424951175,0.424951175,,,,,
23:06,9.661697862,10.01358582,3.642092343,0.123825135,-0.351887958,0.351887958,,,,,
23:08,9.648032209,9.991086957,3.555696546,0.11768656,-0.343054748,0.343054748,,,,,
23:10,9.627606556,9.968588093,3.541706186,0.116268409,-0.340981537,0.340981537,,,,,
23:12,9.607480902,9.946089228,3.524423618,0.114655598,-0.338608326,0.338608326,,,,,
23:14,9.587395249,9.923590364,3.506636644,0.113027155,-0.336195115,0.336195115,,,,,
23:16,9.566829596,9.9010915,3.493967366,0.11173102,-0.334261904,0.334261904,,,,,
23:18,9.546933943,9.878592635,3.473981217,0.109997488,-0.331658692,0.331658692,,,,,
23:20,9.52736829,9.856093771,3.450328265,0.108060442,-0.328725481,0.328725481,,,,,
23:22,9.508132636,9.833594907,3.422988335,0.10592569,-0.325462271,0.325462271,,,,,
23:24,9.489226983,9.811096042,3.391941826,0.103599691,-0.321869059,0.321869059,,,,,
23:26,9.47074133,9.788597178,3.35618762,0.10103234,-0.317855848,0.317855848,,,,,
23:28,9.452855677,9.766098314,3.313735528,0.09812095,-0.313242637,0.313242637,,,,,
23:30,9.429560023,9.743599449,3.330371992,0.098620761,-0.314039426,0.314039426,,,,,
23:32,9.199418244,9.519595167,3.480404027,0.102513262,-0.320176923,0.320176923,,,,,
23:34,8.982686465,9.295590884,3.483416907,0.097909175,-0.312904419,0.312904419,,,,,
23:36,8.766254685,9.071586601,3.483037249,0.093227579,-0.305331916,0.305331916,,,,,
23:38,8.550102906,8.847582318,3.479249493,0.088494001,-0.297479412,0.297479412,,,,,
23:40,8.334201127,8.623578035,3.472161322,0.083738995,-0.289376908,0.289376908,,,,,
23:42,8.118419347,8.399573752,3.463166818,0.079047799,-0.281154405,0.281154405,,,,,
23:44,7.902717568,8.17556947,3.452633852,0.07444816,-0.272851902,0.272851902,,,,,
23:46,7.687035789,7.951565187,3.441240619,0.069975802,-0.264529398,0.264529398,,,,,
23:48,7.567064009,7.727560904,2.120992961,0.025759253,-0.160496895,0.160496895,,,,,
23:50,7.48939223,7.503556621,0.189126041,0.00020063,-0.014164391,0.014164391,,,,,
23:52,7.404960451,7.279552338,1.693568978,0.015727195,0.125408113,0.125408113,,,,,
23:54,7.314338671,7.055548056,3.538127323,0.066972582,0.258790615,0.258790615,,,,,
23:56,7.216596892,6.831543773,5.335660627,0.148265904,0.385053119,0.385053119,,,,,
23:58,7.110825113,6.60753949,7.077738729,0.253296418,0.503285623,0.503285623,,,,,
,6.383535207,6.383535207,0,,0,0,,,,,
