time,Actual,Simulation,Error,0.978335647
0:00,399.02,400.45895,0.360621022,402
0:02,399.59,400.45895,0.217460397,400
0:04,399.02,400.27623,0.314828831,400
0:06,398.44,400.24135,0.452100693,400
0:08,398.44,400.21433,0.445319245,400
0:10,399.31,400.17092,0.215601913,400
0:12,399.88,400.11394,0.058502551,400
0:14,400.46,400.07571,0.095962144,400
0:16,399.88,400.04606,0.041527458,400
0:18,400.46,400.02678,0.108180592,400
0:20,399.88,400.01527,0.033827648,400
0:22,399.59,400.01406,0.106123777,400
0:24,398.44,399.99904,0.391286015,400
0:26,398.44,400.00848,0.393655255,400
0:28,398.44,400.00135,0.391865777,400
0:30,397.86,400.00101,0.538131504,400
0:32,396.99,400.00121,0.75851029,400
0:34,397.86,400.00182,0.538335093,400
0:36,397.86,400.00353,0.538764892,400
0:38,397.86,399.99617,0.536914995,400
0:40,399.59,400.01143,0.105465602,400
0:42,400.75,399.99835,0.187560823,400
0:44,401.33,399.99221,0.333339147,400
0:46,401.33,399.99113,0.333608253,400
0:48,400.46,399.99257,0.116723268,400
0:50,399.88,399.99554,0.028893668,400
0:52,400.75,399.99347,0.18877854,400
0:54,400.75,399.99242,0.189040549,400
0:56,400.46,399.98756,0.11797433,400
0:58,399.88,399.99799,0.029506352,400
1:00,400.46,399.99205,0.116853119,400
1:02,400.75,399.99498,0.188401747,400
1:04,400.46,399.99711,0.115589572,400
1:06,400.75,399.99365,0.188733624,400
1:08,400.46,399.99245,0.116753234,400
1:10,400.75,399.99849,0.187525889,400
1:12,401.04,399.99443,0.260714642,400
1:14,399.59,399.9913,0.100427939,400
1:16,399.59,399.99663,0.101761806,400
1:18,399.02,399.99453,0.244230866,400
1:20,398.15,399.99884,0.464357654,400
1:22,397.86,399.99857,0.537518222,400
1:24,397.86,399.99249,0.535990047,400
1:26,399.02,400.00395,0.24659165,400
1:28,399.02,399.99579,0.244546639,400
1:30,399.59,399.99701,0.101856903,400
1:32,400.46,399.99605,0.115854268,400
1:34,399.88,399.99897,0.029751425,400
1:36,400.75,400.00004,0.187139114,400
1:38,400.75,399.99683,0.187940112,400
1:40,400.46,399.9992,0.115067672,400
1:42,400.46,399.99433,0.116283774,400
1:44,399.88,399.99374,0.028443533,400
1:46,399.88,399.99984,0.029968991,400
1:48,399.59,399.9958,0.101554093,400
1:50,399.31,399.99823,0.172354812,400
1:52,399.31,399.99254,0.170929854,400
1:54,398.44,399.99141,0.389371047,400
1:56,398.44,400.00073,0.39171017,400
1:58,399.59,400.00053,0.102737806,400
2:00,401.04,399.9987,0.25964991,400
2:02,401.33,399.99132,0.33356091,400
2:04,401.33,399.99525,0.332581666,400
2:06,401.91,399.99683,0.476019507,400
2:08,402.2,399.99334,0.548647439,400
2:10,402.2,399.99478,0.548289408,400
2:12,402.2,399.99383,0.548525609,400
2:14,402.2,399.99345,0.54862009,400
2:16,401.91,400.00117,0.474939663,400
2:18,401.04,399.99429,0.260749551,400
2:20,401.04,400.00089,0.25910383,400
2:22,399.88,399.98665,0.026670501,400
2:24,400.75,400.00345,0.18628821,400
2:26,400.75,399.99499,0.188399251,400
2:28,400.75,399.99746,0.187782907,400
2:30,401.04,399.99445,0.260709655,400
2:32,400.75,399.99349,0.18877355,400
2:34,399.31,399.99211,0.170822168,400
2:36,398.44,399.9984,0.391125389,400
2:38,397.86,400.00031,0.537955562,400
2:40,398.15,400.0006,0.464799699,400
2:42,399.02,399.99836,0.245190717,400
2:44,399.31,399.99383,0.171252911,400
2:46,399.31,400.00085,0.173010944,400
2:48,399.59,399.99454,0.10123877,400
2:50,400.46,399.99801,0.11536483,400
2:52,400.75,399.99188,0.189175296,400
2:54,401.04,399.99711,0.260046379,400
2:56,400.46,399.99186,0.116900564,400
2:58,399.59,399.99575,0.10154158,400
3:00,399.02,399.99366,0.244012831,400
3:02,398.15,399.99761,0.464048725,400
3:04,398.44,399.99968,0.391446642,400
3:06,399.31,399.99944,0.172657835,400
3:08,400.46,399.99669,0.115694451,400
3:10,401.33,399.99154,0.333506092,400
3:12,401.33,399.99645,0.33228266,400
3:14,401.33,399.99273,0.333209578,400
3:16,401.04,399.9979,0.259849392,400
3:18,399.88,399.99337,0.028351005,400
3:20,399.31,399.99728,0.172116902,400
3:22,398.15,399.99923,0.464455607,400
3:24,399.02,400.00402,0.246609193,400
3:26,399.31,399.99202,0.170799629,400
3:28,399.88,399.99773,0.029441332,400
3:30,400.75,399.99417,0.188603868,400
3:32,400.46,399.99434,0.116281277,400
3:34,400.75,399.9948,0.188446663,400
3:36,400.75,399.99476,0.188456644,400
3:38,400.46,399.99651,0.1157394,400
3:40,400.75,399.99962,0.187243918,400
3:42,400.46,399.99562,0.115961644,400
3:44,399.88,399.9916,0.027908373,400
3:46,399.88,400.00036,0.03009903,400
3:48,400.46,399.99676,0.115676971,400
3:50,399.88,399.99306,0.028273482,400
3:52,399.88,399.99866,0.029673902,400
3:54,399.31,399.99208,0.170814655,400
3:56,398.44,399.99679,0.390721313,400
3:58,398.15,399.99742,0.464001005,400
4:00,397.86,399.99721,0.537176394,400
4:02,397.86,400.00086,0.538093802,400
4:04,398.44,399.99932,0.39135629,400
4:06,399.02,399.99944,0.24546138,400
4:08,399.59,400.00028,0.102675242,400
4:10,400.75,399.99932,0.187318777,400
4:12,401.91,399.9956,0.476325546,400
4:14,401.33,399.99019,0.333842474,400
4:16,401.04,399.99733,0.259991522,400
4:18,401.04,400.00002,0.259320766,400
4:20,401.04,399.99296,0.261081189,400
4:22,400.46,399.99129,0.117042901,400
4:24,399.88,399.99337,0.028351005,400
4:26,399.88,399.99895,0.029746424,400
4:28,399.88,399.99481,0.028711113,400
4:30,401.04,399.99839,0.259727209,400
4:32,402.78,399.99953,0.690319778,400
4:34,401.91,399.9861,0.478689259,400
4:36,401.91,399.99644,0.476116544,400
4:38,401.91,399.99504,0.47646488,400
4:40,401.91,399.99229,0.477149113,400
4:42,401.04,399.99066,0.261654698,400
4:44,401.33,399.99749,0.332023522,400
4:46,401.04,399.99052,0.261689607,400
4:48,399.59,399.99413,0.101136165,400
4:50,398.44,399.99287,0.389737476,400
4:52,399.02,400.00482,0.246809684,400
4:54,399.59,400.00113,0.10288796,400
4:56,399.59,399.99667,0.101771816,400
4:58,401.33,400.00027,0.331330825,400
5:00,400.46,399.99089,0.117142786,400
5:02,399.59,399.99281,0.100805826,400
5:04,399.59,399.9954,0.10145399,400
5:06,399.31,399.999,0.172547645,400
5:08,399.02,399.99976,0.245541577,400
5:10,400.46,400.00373,0.113936473,400
5:12,400.46,399.99383,0.11640863,400
5:14,400.75,399.99953,0.187266376,400
5:16,400.46,399.99545,0.116004095,400
5:18,401.91,400.00182,0.474777935,400
5:20,400.75,399.98673,0.190460387,400
5:22,401.04,400.00209,0.258804608,400
5:24,402.2,400.00246,0.54637991,400
5:26,402.2,399.99247,0.548863749,400
5:28,401.91,399.9975,0.475852803,400
5:30,401.04,399.99589,0.260350588,400
5:32,399.88,399.99532,0.028838652,400
5:34,399.88,399.99576,0.028948685,400
5:36,399.31,399.99975,0.172735469,400
5:38,399.31,399.99936,0.1726378,400
5:40,399.59,399.99621,0.101656698,400
5:42,399.59,399.99657,0.10174679,400
5:44,398.44,399.99572,0.390452766,400
5:46,399.31,400.0005,0.172923293,400
5:48,399.59,399.99578,0.101549088,400
5:50,401.04,399.99753,0.259941652,400
5:52,402.49,399.99859,0.61899923,400
5:54,402.49,399.99249,0.620514795,400
5:56,402.2,399.99532,0.548155147,400
5:58,401.91,399.99539,0.476377796,400
6:00,401.04,399.99714,0.260038899,400
6:02,400.46,399.99859,0.115219997,400
6:04,399.88,399.99651,0.029136241,400
6:06,400.75,400.00021,0.187096694,400
6:08,401.33,399.99942,0.331542621,400
6:10,401.91,399.99577,0.476283247,400
6:12,401.33,400.00147,0.331031819,400
6:14,400.75,399.99172,0.189215221,400
6:16,399.88,399.99829,0.029581374,400
6:18,399.88,399.99916,0.02979894,400
6:20,399.88,400.00128,0.030329099,400
6:22,398.15,399.9948,0.463342961,400
6:24,398.44,400.00207,0.392046481,400
6:26,398.44,400.00001,0.391529465,400
6:28,399.02,400.0012,0.245902461,400
6:30,399.31,400.0014,0.173148681,400
6:32,399.31,399.99992,0.172778042,400
6:34,399.31,400.00225,0.173361549,400
6:36,399.31,400.00158,0.173193759,400
6:38,401.04,400.00264,0.258667465,400
6:40,401.04,399.99352,0.260941552,400
6:42,401.33,399.99591,0.332417213,400
6:44,405.67,400.01797,1.393258067,400
6:46,410.01,408.04763,0.478615156,408
6:48,412.62,408.00616,1.118181378,408
6:50,414.93,408.00144,1.669814186,408
6:52,416.38,407.9981,2.013040972,408
6:54,414.93,407.98796,1.673062926,408
6:56,415.8,408.00496,1.874708995,408
6:58,416.38,407.99575,2.01360536,408
7:00,418.11,408.00045,2.417916338,408
7:02,420.14,415.03599,1.214835531,415
7:04,419.85,414.99426,1.156541622,415
7:06,419.56,414.99877,1.087146058,415
7:08,419.27,414.99627,1.019326448,415
7:10,412.62,415.01066,0.579385391,415
7:12,412.04,413.06522,0.248815649,415
7:14,407.99,411.7766,0.928110983,415
7:16,408.56,404.18964,1.069698453,415
7:18,408.28,409.75655,0.361651318,425
7:20,409.14,403.13699,1.467226377,425
7:22,409.14,403.69295,1.33134135,425
7:24,409.14,402.06738,1.728655228,425
7:26,409.43,402.16128,1.775326674,425
7:28,407.12,405.10523,0.494883572,425
7:30,404.8,405.87612,0.265839921,425
7:32,405.67,402.27037,0.838028447,425
7:34,405.09,404.1978,0.220247352,432
7:36,403.65,403.02249,0.155458937,432
7:38,402.78,403.19315,0.102574606,432
7:40,402.49,400.94405,0.384096499,432
7:42,402.2,401.38734,0.202053705,432
7:44,400.75,401.55512,0.200903306,432
7:46,399.88,402.32015,0.610220566,432
7:48,401.04,401.21193,0.042871035,432
7:50,400.46,400.70877,0.062121061,432
7:52,399.59,400.29778,0.177126555,432
7:54,400.75,398.65536,0.522679975,432
7:56,400.75,399.9017,0.211678104,432
7:58,400.46,398.04364,0.603396094,432
8:00,399.59,398.31505,0.319064541,432
8:02,399.31,398.46445,0.211752774,432
8:04,397.86,398.36685,0.127394058,432
8:06,396.7,398.23563,0.387101084,432
8:08,395.54,398.73774,0.808449209,432
8:10,396.41,393.30661,0.782873792,432
8:12,396.12,396.70403,0.147437645,432
8:14,393.81,397.25078,0.873715751,432
8:16,392.65,395.16854,0.641421113,432
8:18,391.2,394.84318,0.931283231,432
8:20,392.07,393.34328,0.324758334,432
8:22,391.78,394.29743,0.642562152,432
8:24,391.78,396.57623,1.224215121,432
8:26,391.2,393.30647,0.538463701,432
8:28,391.2,392.62069,0.363162065,432
8:30,390.91,395.0738,1.065155662,432
8:32,391.2,394.26117,0.782507669,432
8:34,391.78,394.70917,0.747656848,432
8:36,391.2,395.30424,1.049141104,432
8:38,391.78,392.14081,0.092095053,432
8:40,391.2,393.53044,0.595715746,432
8:42,391.2,392.84585,0.420718303,432
8:44,390.63,393.47181,0.727494048,432
8:46,389.18,393.17076,1.025427823,432
8:48,388.02,392.6324,1.188701613,432
8:50,387.73,393.59533,1.512735667,432
8:52,389.18,390.35883,0.302900971,432
8:54,388.89,394.46365,1.433220191,432
8:56,387.73,391.59287,0.996278338,432
8:58,388.02,390.55676,0.653770424,432
9:00,387.44,393.60113,1.590215259,432
9:02,387.73,392.15448,1.141123978,432
9:04,387.73,392.34301,1.189748021,432
9:06,388.31,391.73191,0.88123149,432
9:08,388.89,391.73989,0.732826763,432
9:10,388.31,393.3665,1.302181247,432
9:12,389.47,390.6952,0.314581354,432
9:14,389.47,392.76407,0.84578273,432
9:16,389.47,392.74848,0.841779855,432
9:18,389.47,392.19296,0.699144992,432
9:20,389.47,393.96006,1.152864149,432
9:22,390.34,392.53929,0.563429318,432
9:24,390.63,392.1527,0.38980621,432
9:26,390.91,393.464,0.653347318,432
9:28,389.18,395.4929,1.622102883,432
9:30,389.18,394.83019,1.45181921,432
9:32,389.18,392.25792,0.790873118,432
9:34,388.31,394.02968,1.472967474,432
9:36,387.44,394.28636,1.767076192,432
9:38,386.57,393.66489,1.835344181,432
9:40,386.28,395.08404,2.279186083,432
9:42,386.28,392.33505,1.567528736,432
9:44,386.86,391.39305,1.17175464,432
9:46,387.73,390.8112,0.794676708,432
9:48,386.57,393.29223,1.738942494,432
9:50,386.57,391.06228,1.162087073,432
9:52,386,392.2941,1.630595855,432
9:54,385.42,391.01572,1.45184993,432
9:56,385.13,390.97028,1.516443798,432
9:58,384.55,393.15355,2.237303342,432
10:00,384.84,391.37003,1.696816859,432
10:02,382.52,392.92934,2.721253791,432
10:04,381.94,391.17865,2.418874692,432
10:06,381.08,390.75386,2.53853784,432
10:08,383.39,388.992,1.461175305,432
10:10,383.39,390.32994,1.810151543,432
10:12,383.1,390.69728,1.983106239,432
10:14,383.39,390.97726,1.978992671,432
10:16,383.68,392.59346,2.3231495,432
10:18,383.39,392.78675,2.450963771,432
10:20,385.13,389.40526,1.11008231,432
10:22,385.13,390.98423,1.520065952,432
10:24,384.55,392.71855,2.124184111,432
10:26,385.13,394.01206,2.306249838,432
10:28,386,392.30936,1.634549223,432
10:30,386.57,390.88824,1.117065473,432
10:32,386.28,393.06721,1.757070001,432
10:34,386.57,392.20093,1.45663916,432
10:36,386.28,392.55203,1.623700425,432
10:38,387.44,391.95373,1.165013938,432
10:40,387.73,393.24188,1.421576871,432
10:42,387.73,393.81428,1.569205375,432
10:44,387.44,393.14533,1.472571237,432
10:46,386.86,393.80617,1.795525513,432
10:48,387.73,394.15912,1.658143554,432
10:50,387.44,396.08505,2.231326141,432
10:52,387.44,393.2693,1.504568449,432
10:54,386.86,396.08344,2.384180324,432
10:56,387.73,394.49225,1.744061589,432
10:58,388.02,393.81848,1.494376579,432
11:00,388.02,394.67123,1.714146178,432
11:02,386.57,396.05329,2.453188297,432
11:04,386,395.19216,2.381388601,432
11:06,386,395.39954,2.43511399,432
11:08,388.31,391.58116,0.842409415,432
11:10,388.89,393.55868,1.200514284,432
11:12,388.89,394.175,1.358996117,432
11:14,389.47,395.04965,1.43262639,432
11:16,390.34,394.44797,1.052408157,432
11:18,390.34,396.31421,1.530514423,432
11:20,389.47,395.14092,1.456060801,432
11:22,390.63,396.35608,1.465857717,432
11:24,391.2,395.59472,1.123394683,432
11:26,391.2,397.25566,1.547970348,432
11:28,391.2,399.32658,2.077346626,432
11:30,392.07,395.96253,0.992815059,432
11:32,393.52,399.23303,1.451776276,432
11:34,393.52,400.50839,1.775866538,432
11:36,394.68,399.48325,1.216998581,432
11:38,395.54,398.31423,0.701377863,432
11:40,395.54,399.78562,1.07337311,432
11:42,395.54,401.07291,1.398824392,432
11:44,396.41,399.87673,0.874531419,432
11:46,396.99,402.4451,1.374115217,432
11:48,398.15,400.73798,0.650001256,432
11:50,399.02,402.70504,0.92352263,432
11:52,400.46,403.57411,0.777633222,432
11:54,400.75,404.77514,1.004401747,432
11:56,400.46,404.56158,1.02421715,432
11:58,401.91,404.86949,0.736356398,432
12:00,402.2,406.02679,0.951464446,432
12:02,403.36,403.71523,0.088067731,422
12:04,403.65,406.08799,0.603986127,422
12:06,403.36,407.02626,0.908929988,422
12:08,403.94,407.51752,0.885656286,422
12:10,403.65,407.09889,0.854425864,422
12:12,403.94,405.0721,0.280264396,422
12:14,403.65,407.37795,0.923560015,422
12:16,403.94,407.81432,0.959132544,422
12:18,404.22,404.07384,0.036158528,422
12:20,402.78,405.44597,0.661892348,422
12:22,402.78,406.29414,0.872471324,422
12:24,404.8,404.07388,0.17937747,422
12:26,405.67,407.93988,0.559538541,422
12:28,405.67,407.20385,0.378102892,422
12:30,406.54,407.6016,0.261130516,422
12:32,407.12,408.93249,0.445197976,422
12:34,406.83,410.0124,0.782243197,422
12:36,407.12,411.68096,1.120298683,422
12:38,407.12,409.19267,0.509105423,422
12:40,407.7,409.30363,0.393335786,422
12:42,407.12,411.84211,1.159881607,422
12:44,406.83,410.27879,0.847722636,422
12:46,407.12,410.48742,0.82713205,422
12:48,407.7,409.8652,0.531076772,422
12:50,409.14,408.34878,0.193386127,422
12:52,409.43,409.31075,0.029125858,422
12:54,408.56,413.6913,1.255947719,422
12:56,409.43,410.52824,0.268236329,422
12:58,409.72,411.39898,0.409787172,422
13:00,409.43,412.6451,0.785262438,422
13:02,409.43,412.21667,0.68062184,422
13:04,409.72,412.21755,0.609574832,422
13:06,410.59,412.64531,0.500574783,422
13:08,410.59,413.64142,0.743179327,422
13:10,410.59,414.58651,0.973357851,422
13:12,411.46,411.07519,0.093523064,422
13:14,412.04,410.44662,0.386705174,422
13:16,412.33,413.14798,0.198379938,422
13:18,412.62,414.69132,0.501992148,422
13:20,410.01,419.01429,2.196114729,422
13:22,409.43,414.79354,1.31000171,422
13:24,408.56,412.98385,1.082790777,422
13:26,407.99,412.81051,1.181526508,422
13:28,407.7,412.60413,1.202877116,422
13:30,408.28,411.58893,0.81045606,422
13:32,408.56,412.62768,0.995613863,422
13:34,409.72,412.28991,0.627235673,422
13:36,409.43,414.72474,1.29319786,422
13:38,409.43,412.35134,0.71351391,422
13:40,409.72,412.75967,0.741889583,422
13:42,410.88,411.6105,0.177789136,422
13:44,410.59,413.73903,0.766952434,422
13:46,410.01,413.66339,0.891048999,422
13:48,410.59,411.4055,0.198616625,422
13:50,411.17,412.43394,0.307400832,422
13:52,410.59,415.71221,1.247524294,422
13:54,410.88,413.54786,0.649303933,422
13:56,409.14,418.28333,2.23476805,422
13:58,407.12,417.40574,2.526463942,422
14:00,405.67,416.03652,2.555407104,422
14:02,405.09,415.34994,2.532755684,418
14:04,403.94,414.95442,2.726746547,418
14:06,404.22,412.60971,2.075530652,418
14:08,402.78,414.73353,2.967756592,418
14:10,402.78,413.20531,2.588338547,418
14:12,403.36,410.99939,1.893938417,418
14:14,403.94,410.98828,1.744882903,418
14:16,402.78,415.29418,3.106951686,418
14:18,404.22,411.73447,1.859004997,418
14:20,404.22,414.40619,2.519961902,418
14:22,405.67,412.13335,1.593253137,418
14:24,405.09,414.14475,2.23524402,418
14:26,405.38,413.03627,1.888664956,418
14:28,404.22,414.6163,2.571941022,418
14:30,405.67,411.79551,1.509973624,418
14:32,405.38,415.54426,2.50734126,415
14:34,405.38,413.25266,1.942044501,415
14:36,405.67,412.83774,1.766889344,415
14:38,405.09,414.71586,2.376227505,415
14:40,405.09,413.60515,2.102039053,415
14:42,405.09,414.75272,2.385326718,415
14:44,404.22,415.05993,2.681690664,415
14:46,403.94,413.74563,2.427496658,415
14:48,403.94,412.00148,1.995712234,415
14:50,403.65,414.28417,2.634502663,415
14:52,403.36,412.64746,2.3025238,415
14:54,403.94,411.80024,1.945892954,415
14:56,404.8,411.6691,1.696912055,415
14:58,404.8,413.2129,2.078285573,415
15:00,404.8,414.06376,2.288478261,415
15:02,405.38,411.98501,1.629337905,415
15:04,406.54,409.80783,0.803815123,415
15:06,406.54,412.36667,1.433234122,415
15:08,405.09,413.20557,2.003399245,415
15:10,404.22,412.88234,2.142976597,415
15:12,404.22,414.27359,2.487157983,415
15:14,403.94,414.58333,2.634878942,415
15:16,403.94,412.4239,2.100287171,415
15:18,404.8,411.07178,1.549352767,415
15:20,404.8,414.17138,2.315064229,415
15:22,404.8,412.74739,1.963288043,415
15:24,405.09,414.19375,2.247340097,415
15:26,405.38,411.89854,1.608007302,415
15:28,403.94,416.24464,3.04615537,415
15:30,403.94,411.01826,1.752304798,415
15:32,403.94,411.56007,1.886436104,415
15:34,404.22,412.52167,2.053750433,415
15:36,402.2,416.22122,3.486131278,415
15:38,400.46,416.55384,4.018838336,415
15:40,399.88,412.91501,3.259730419,415
15:42,399.02,414.52937,3.88686532,415
15:44,398.44,413.20722,3.706259412,415
15:46,399.31,412.81316,3.3816233,415
15:48,399.88,411.91671,3.010080524,415
15:50,400.46,413.29494,3.205049193,415
15:52,400.46,413.58785,3.278192579,415
15:54,399.88,414.26434,3.597164149,415
15:56,399.88,412.90311,3.256754526,415
15:58,399.02,414.73781,3.939103303,415
16:00,399.59,411.24452,2.916619535,415
16:02,400.46,413.70668,3.307865954,410
16:04,400.75,415.73536,3.739328759,410
16:06,400.46,414.72576,3.562343305,410
16:08,400.46,413.07974,3.151310992,410
16:10,400.75,414.12153,3.336626326,410
16:12,399.31,417.28696,4.50200596,410
16:14,399.02,415.73461,4.188915343,410
16:16,399.02,414.99183,4.002764272,410
16:18,399.59,415.2525,3.919642634,410
16:20,398.15,416.71504,4.662825568,410
16:22,397.86,416.09392,4.582999045,410
16:24,398.15,415.53248,4.36581188,410
16:26,396.99,418.05736,5.30677347,410
16:28,395.54,418.26215,5.744589675,410
16:30,393.52,409.65644,4.100538727,410
16:32,392.07,405,3.297880481,370
16:34,392.65,395,0.59849739,370
16:36,388.89,385,1.000282856,370
16:38,384.84,370,3.85614801,370
16:40,381.94,370,3.126145468,370
16:42,380.21,370,2.685358092,370
16:44,377.89,370,2.08790918,370
16:46,375,370,1.333333333,370
16:48,371.82,370,0.489484159,370
16:50,370.66,370,0.178060756,370
16:52,368.06,370,0.527087975,370
16:54,367.77,370,0.606357234,370
16:56,367.19,370,0.765271385,370
16:58,367.77,370,0.606357234,370
17:00,368.92,370,0.292746395,370
17:02,370.08,370,0.021616948,370
17:04,368.92,370,0.292746395,370
17:06,369.21,370,0.213970369,370
17:08,369.21,370,0.213970369,370
17:10,370.37,370,0.0999001,370
17:12,370.37,370,0.0999001,370
17:14,370.37,370,0.0999001,370
17:16,370.08,370,0.021616948,370
17:18,369.5,370,0.135317997,370
17:20,370.08,370,0.021616948,370
17:22,369.5,370,0.135317997,370
17:24,370.66,370,0.178060756,370
17:26,370.95,370,0.256099205,370
17:28,370.66,370,0.178060756,370
17:30,370.37,370,0.0999001,370
17:32,369.5,370,0.135317997,370
17:34,369.21,370,0.213970369,370
17:36,368.63,370,0.371646366,370
17:38,368.63,370,0.371646366,370
17:40,368.63,370,0.371646366,370
17:42,369.5,370,0.135317997,370
17:44,371.82,370,0.489484159,370
17:46,370.95,370,0.256099205,370
17:48,370.95,370,0.256099205,370
17:50,368.63,370,0.371646366,370
17:52,367.19,370,0.765271385,370
17:54,365.74,370,1.164761853,370
17:56,364.87,370,1.405980212,370
17:58,364.29,370,1.56743254,370
18:00,363.72,365,0.351919059,360
18:02,363.43,360,0.943785598,360
18:04,363.14,360,0.864680289,360
18:06,362.85,360,0.785448532,360
18:08,362.85,360,0.785448532,360
18:10,361.98,360,0.546991546,360
18:12,361.4,360,0.387382402,360
18:14,360.82,360,0.22726013,360
18:16,360.24,360,0.066622252,360
18:18,359.95,360,0.013890818,360
18:20,358.8,360,0.334448161,360
18:22,359.38,360,0.172519339,360
18:24,359.38,360,0.172519339,360
18:26,360.24,360,0.066622252,360
18:28,359.38,360,0.172519339,360
18:30,359.95,360,0.013890818,360
18:32,360.24,360,0.066622252,360
18:34,359.95,360,0.013890818,360
18:36,360.24,360,0.066622252,360
18:38,359.95,360,0.013890818,360
18:40,359.95,360,0.013890818,360
18:42,359.38,360,0.172519339,360
18:44,359.38,360,0.172519339,360
18:46,359.95,360,0.013890818,360
18:48,360.24,360,0.066622252,360
18:50,360.53,360,0.147005797,360
18:52,359.95,360,0.013890818,360
18:54,359.95,360,0.013890818,360
18:56,360.24,360,0.066622252,360
18:58,360.53,360,0.147005797,360
19:00,360.24,360,0.066622252,360
19:02,360.24,360,0.066622252,360
19:04,360.24,360,0.066622252,360
19:06,360.53,360,0.147005797,360
19:08,360.53,360,0.147005797,360
19:10,360.24,360,0.066622252,360
19:12,360.24,360,0.066622252,360
19:14,360.24,360,0.066622252,360
19:16,359.38,360,0.172519339,360
19:18,360.24,360,0.066622252,360
19:20,360.24,360,0.066622252,360
19:22,360.53,360,0.147005797,360
19:24,360.82,360,0.22726013,360
19:26,360.82,360,0.22726013,360
19:28,360.82,360,0.22726013,360
19:30,360.53,360,0.147005797,360
19:32,360.24,360,0.066622252,360
19:34,360.53,360,0.147005797,360
19:36,359.95,360,0.013890818,360
19:38,359.95,360,0.013890818,360
19:40,360.24,360,0.066622252,360
19:42,359.38,360,0.172519339,360
19:44,359.38,360,0.172519339,360
19:46,359.95,360,0.013890818,360
19:48,359.95,360,0.013890818,360
19:50,359.95,360,0.013890818,360
19:52,360.24,360,0.066622252,360
19:54,360.53,360,0.147005797,360
19:56,359.95,360,0.013890818,360
19:58,359.09,360,0.253418363,360
20:00,359.38,360,0.172519339,360
20:02,360.24,360,0.066622252,360
20:04,360.53,360,0.147005797,360
20:06,360.24,360,0.066622252,360
20:08,360.53,360,0.147005797,360
20:10,360.24,360,0.066622252,360
20:12,360.24,360,0.066622252,360
20:14,363.14,360,0.864680289,360
20:16,367.19,360,1.958114328,360
20:18,370.08,360,2.723735409,360
20:20,370.66,360,2.875951006,360
20:22,370.66,365.11354,1.496374036,365
20:24,370.95,365.00698,1.602108101,365
20:26,370.37,364.99881,1.45022275,365
20:28,370.08,375.07049,1.348489516,375
20:30,369.5,375.0053,1.489932341,375
20:32,370.37,390.10086,5.327337527,390
20:34,370.37,390.01252,5.303485703,390
20:36,369.5,390.0064,5.549769959,390
20:38,371.53,390.01173,4.974491966,390
20:40,377.31,390.03351,3.372163473,390
20:42,383.1,400.77946,4.614842078,402
20:44,385.42,401.88035,4.270756577,402
20:46,386.86,401.99756,3.912929742,402
20:48,387.44,401.99417,3.75649649,402
20:50,386,401.98925,4.142292746,402
20:52,384.55,401.98833,4.534736705,402
20:54,383.68,401.99525,4.773574333,402
20:56,383.68,401.99571,4.773694224,402
20:58,383.97,401.99626,4.694705316,402
21:00,384.84,401.99661,4.458115061,402
21:02,385.42,401.99998,4.301795444,402
21:04,386,401.9897,4.142409326,402
21:06,383.97,401.99655,4.694780842,402
21:08,382.52,401.99934,5.092371641,402
21:10,383.39,402.00282,4.854800595,402
21:12,383.39,402.00581,4.855580479,402
21:14,389.76,400.9884,2.880849754,402
21:16,394.68,402.9012,2.083003953,402
21:18,398.15,401.97262,0.960095441,402
21:20,401.33,401.99195,0.164939078,402
21:22,401.91,401.98697,0.019151054,402
21:24,401.33,401.98423,0.163015474,402
21:26,401.04,401.99312,0.237662079,402
21:28,401.91,401.98866,0.019571546,402
21:30,401.91,401.98447,0.018529024,402
21:32,401.91,401.987,0.019158518,402
21:34,401.33,401.9903,0.164527945,402
21:36,400.75,401.98767,0.308838428,402
21:38,400.46,401.98748,0.381431354,402
21:40,401.04,401.99835,0.238966188,402
21:42,400.75,401.99187,0.309886463,402
21:44,399.88,401.99556,0.529048715,402
21:46,400.46,401.99948,0.384427908,402
21:48,400.75,401.99355,0.310305677,402
21:50,400.75,401.99565,0.310829694,402
21:52,399.88,401.98928,0.527478243,402
21:54,397.86,401.99767,1.0399814,402
21:56,398.15,402.00023,0.967030014,402
21:58,397.57,401.99286,1.112473275,402
22:00,398.15,401.98874,0.964144167,402
22:02,399.02,402.00966,0.749250664,402
22:04,399.59,401.99692,0.602347406,402
22:06,401.04,401.99463,0.2380386,402
22:08,401.91,401.9983,0.021970093,402
22:10,400.46,401.99162,0.382465165,402
22:12,399.59,401.99218,0.60116119,402
22:14,399.59,401.99769,0.602540104,402
22:16,399.31,401.99421,0.672212066,402
22:18,399.59,402.00149,0.603491078,402
22:20,399.31,401.98705,0.670418973,402
22:22,399.59,402.00545,0.604482094,402
22:24,400.75,401.99683,0.311124142,402
22:26,399.88,401.99469,0.528831149,402
22:28,399.88,401.99901,0.529911473,402
22:30,399.02,401.99446,0.745441331,402
22:32,399.02,401.99856,0.746468849,402
22:34,399.31,401.99573,0.672592722,402
22:36,400.75,402.00454,0.313048035,402
22:38,399.88,401.99055,0.527795839,402
22:40,399.88,401.99856,0.52979894,402
22:42,399.88,401.99636,0.529248775,402
22:44,399.59,401.99481,0.601819365,402
22:46,399.02,401.9964,0.745927522,402
22:48,399.02,401.99732,0.746158087,402
22:50,399.02,401.99772,0.746258333,402
22:52,398.44,401.99561,0.892382793,402
22:54,398.15,402.00383,0.967934196,402
22:56,397.86,402.00363,1.041479415,402
22:58,398.15,401.99773,0.96640211,402
23:00,398.15,402.00179,0.967421826,402
23:02,399.02,402.00403,0.747839707,402
23:04,399.59,401.9955,0.601992042,402
23:06,399.31,401.99421,0.672212066,402
23:08,399.59,402.00224,0.603678771,402
23:10,399.59,401.99427,0.601684226,402
23:12,399.59,401.99525,0.601929478,402
23:14,399.88,401.999,0.529908973,402
23:16,399.31,401.99612,0.672690391,402
23:18,398.44,401.99535,0.892317538,402
23:20,399.31,401.99437,0.672252135,402
23:22,399.59,401.99246,0.601231262,402
23:24,399.02,401.99758,0.746223247,402
23:26,399.02,401.99491,0.745554108,402
23:28,398.44,401.99685,0.892694007,402
23:30,399.02,402.00433,0.747914891,402
23:32,399.02,401.99425,0.745388702,402
23:34,399.59,401.99829,0.602690258,402
23:36,399.59,402.0018,0.603568658,402
23:38,400.75,401.99873,0.311598253,402
23:40,401.04,401.99098,0.237128466,402
23:42,398.44,401.99288,0.891697621,402
23:44,396.99,401.99531,1.260815134,402
23:46,396.41,402.00192,1.410640498,402
23:48,396.41,402.01503,1.41394768,402
23:50,396.12,402.00017,1.484441583,402
23:52,396.12,401.99756,1.483782692,402
23:54,396.12,401.99574,1.483323235,402
23:56,396.12,401.99528,1.483207109,402
23:58,396.12,401.99548,1.483257599,402
