time,Actual,Simulation,MAE,MSE,,MAE %,MSE ,MR %,Coef,R-square
0:00,4.601281738,4.71351,2.439065208,0.012595183,,2.775101443,0.028635509,0.569222873,0.953435377,0.909039018
0:02,4.601724255,5.38235,16.96376623,0.609376554,,,,,,
0:04,4.602166772,5.09868,10.78868395,0.246525386,,,,,,
0:06,4.602609289,5.04685,9.651931831,0.197349809,,,,,,
0:08,4.603051806,5.01764,9.006811382,0.171883371,,,,,,
0:10,4.603494323,4.99059,8.408735839,0.149843063,,,,,,
0:12,4.60393684,4.96575,7.858777663,0.130908763,,,,,,
0:14,4.604379357,4.95023,7.511341186,0.119612667,,,,,,
0:16,4.604821875,4.94105,7.301653226,0.113049352,,,,,,
0:18,4.605264392,4.93179,7.090268445,0.106618973,,,,,,
0:20,4.605706909,4.92077,6.840710823,0.099264751,,,,,,
0:22,4.606149426,4.90877,6.569925246,0.091579212,,,,,,
0:24,4.606591943,4.89597,6.281825275,0.08373966,,,,,,
0:26,4.60703446,4.88377,6.006804212,0.076582559,,,,,,
0:28,4.607476977,4.87134,5.726844091,0.069623695,,,,,,
0:30,4.607919494,4.85609,5.385738755,0.0615886,,,,,,
0:32,4.605498229,4.83755,5.038581267,0.053848024,,,,,,
0:34,4.603076965,4.81452,4.59351509,0.044708157,,,,,,
0:36,4.6006557,4.79239,4.1675429,0.036762042,,,,,,
0:38,4.598234435,4.77511,3.846597373,0.031284965,,,,,,
0:40,4.595813171,4.76005,3.573618485,0.026973736,,,,,,
0:42,4.593391906,4.74611,3.324734687,0.023322816,,,,,,
0:44,4.590970641,4.73379,3.110875023,0.020397369,,,,,,
0:46,4.588549377,4.72222,2.913134675,0.017867835,,,,,,
0:48,4.586128112,4.71258,2.757268984,0.01599008,,,,,,
0:50,4.583706847,4.70271,2.596220853,0.01416175,,,,,,
0:52,4.581285583,4.69312,2.441114289,0.012506937,,,,,,
0:54,4.578864318,4.68417,2.299820975,0.011089287,,,,,,
0:56,4.576443053,4.6752,2.157941131,0.009752935,,,,,,
0:58,4.574021789,4.66728,2.038866785,0.008697094,,,,,,
1:00,4.571600524,4.66399,2.02094377,0.008535815,,,,,,
1:02,4.573059195,4.67017,2.123541394,0.009430508,,,,,,
1:04,4.574517866,4.68145,2.337560747,0.011434481,,,,,,
1:06,4.575976538,4.69138,2.521941733,0.013317959,,,,,,
1:08,4.577435209,4.6984,2.642632511,0.014632481,,,,,,
1:10,4.57889388,4.7033,2.716947002,0.015476883,,,,,,
1:12,4.580352551,4.70629,2.749514314,0.015860241,,,,,,
1:14,4.581811222,4.70873,2.770056902,0.016108376,,,,,,
1:16,4.583269894,4.70989,2.762658733,0.016032651,,,,,,
1:18,4.584728565,4.70934,2.717967558,0.01552801,,,,,,
1:20,4.586187236,4.70795,2.654988943,0.014826171,,,,,,
1:22,4.587645907,4.70144,2.480446297,0.012949096,,,,,,
1:24,4.589104578,4.69431,2.292504348,0.011068181,,,,,,
1:26,4.59056325,4.69051,2.177221935,0.009989353,,,,,,
1:28,4.592021921,4.68763,2.08204753,0.009140905,,,,,,
1:30,4.593480592,4.68472,1.986280472,0.00832463,,,,,,
1:32,4.594910182,4.68237,1.903406477,0.00764922,,,,,,
1:34,4.596339771,4.67994,1.81884354,0.006988998,,,,,,
1:36,4.597769361,4.67882,1.762825245,0.006569206,,,,,,
1:38,4.599198951,4.65152,1.137612214,0.002737492,,,,,,
1:40,4.600628541,4.63235,0.689502722,0.001006251,,,,,,
1:42,4.60205813,4.63507,0.717328401,0.001089784,,,,,,
1:44,4.60348772,4.64188,0.833982457,0.001473967,,,,,,
1:46,4.60491731,4.64719,0.917990208,0.00178698,,,,,,
1:48,4.6063469,4.6522,0.995433062,0.002102507,,,,,,
1:50,4.607776489,4.65771,1.083679105,0.002493356,,,,,,
1:52,4.609206079,4.66961,1.310505974,0.003648634,,,,,,
1:54,4.610635669,4.68557,1.625249453,0.005615154,,,,,,
1:56,4.612065259,4.70002,1.907057599,0.007736036,,,,,,
1:58,4.613494848,4.71148,2.123881249,0.00960109,,,,,,
2:00,4.614924438,4.7195,2.266029778,0.010936048,,,,,,
2:02,4.614824991,4.71942,2.266500013,0.010940116,,,,,,
2:04,4.614725545,4.7179,2.235765789,0.010644968,,,,,,
2:06,4.614626098,4.71584,2.19332834,0.010244254,,,,,,
2:08,4.614526651,4.73287,2.564582631,0.014005148,,,,,,
2:10,4.614427205,4.74078,2.738211903,0.015965029,,,,,,
2:12,4.614327758,4.74377,2.805224266,0.016755294,,,,,,
2:14,4.614228311,4.74502,2.834530071,0.017106466,,,,,,
2:16,4.614128865,4.74521,2.840864199,0.017182264,,,,,,
2:18,4.614029418,4.74473,2.832677691,0.017082642,,,,,,
2:20,4.613929971,4.74363,2.811053263,0.016822098,,,,,,
2:22,4.613830525,4.74207,2.779457856,0.016445363,,,,,,
2:24,4.613731078,4.74016,2.740275059,0.015984272,,,,,,
2:26,4.613631631,4.73808,2.697405839,0.015487397,,,,,,
2:28,4.613532185,4.73606,2.655835271,0.015013065,,,,,,
2:30,4.613432738,4.7317,2.563541482,0.013987145,,,,,,
2:32,4.610213671,4.72456,2.480282632,0.013075083,,,,,,
2:34,4.606994603,4.71655,2.378023124,0.012002385,,,,,,
2:36,4.603775536,4.70839,2.272362394,0.010944186,,,,,,
2:38,4.600556469,4.70019,2.16568434,0.00992684,,,,,,
2:40,4.597337401,4.69215,2.062337191,0.008989429,,,,,,
2:42,4.594118334,4.68505,1.979306134,0.008268568,,,,,,
2:44,4.590899267,4.67993,1.939287443,0.007926471,,,,,,
2:46,4.587680199,4.67707,1.948474983,0.007990537,,,,,,
2:48,4.584461132,4.67554,1.986686447,0.00829536,,,,,,
2:50,4.581242065,4.67497,2.045906627,0.008784926,,,,,,
2:52,4.578022997,4.67483,2.114602811,0.009371596,,,,,,
2:54,4.57480393,4.67472,2.184051416,0.009983221,,,,,,
2:56,4.571584863,4.6744,2.249004231,0.010570952,,,,,,
2:58,4.568365795,4.6736,2.303541567,0.011074238,,,,,,
3:00,4.565146728,4.67394,2.383127608,0.011835976,,,,,,
3:02,4.564364685,4.67455,2.414033992,0.012140804,,,,,,
3:04,4.563582641,4.6738,2.415149843,0.012147866,,,,,,
3:06,4.562800598,4.67186,2.390185581,0.011893953,,,,,,
3:08,4.562018555,4.66909,2.34701906,0.011464294,,,,,,
3:10,4.561236511,4.66566,2.289367998,0.010904265,,,,,,
3:12,4.560454468,4.66173,2.220733322,0.010256733,,,,,,
3:14,4.559672425,4.65741,2.143521856,0.009552634,,,,,,
3:16,4.558890381,4.65289,2.06189689,0.008835928,,,,,,
3:18,4.558108338,4.64838,1.980463282,0.008148973,,,,,,
3:20,4.557326295,4.64381,1.897685165,0.007479431,,,,,,
3:22,4.556544251,4.6391,1.811806151,0.006815452,,,,,,
3:24,4.555762208,4.63426,1.723044101,0.006161903,,,,,,
3:26,4.554980165,4.6293,1.631617094,0.005523438,,,,,,
3:28,4.554198121,4.62431,1.539499976,0.004915676,,,,,,
3:30,4.553416078,4.61999,1.462065422,0.004432087,,,,,,
3:32,4.553324928,4.61859,1.433349762,0.00425953,,,,,,
3:34,4.553233778,4.61957,1.456903494,0.004400494,,,,,,
3:36,4.553142628,4.62259,1.525262389,0.004822937,,,,,,
3:38,4.553051478,4.62721,1.628765288,0.005499486,,,,,,
3:40,4.552960328,4.63282,1.754016426,0.006377567,,,,,,
3:42,4.552869178,4.63889,1.889376098,0.007399582,,,,,,
3:44,4.552778028,4.64505,2.026718005,0.008514117,,,,,,
3:46,4.552686878,4.65107,2.160990304,0.009679239,,,,,,
3:48,4.552595728,4.65667,2.286042474,0.010831454,,,,,,
3:50,4.552504578,4.66165,2.397480774,0.011912723,,,,,,
3:52,4.552413428,4.66543,2.482563892,0.012772746,,,,,,
3:54,4.552322278,4.66771,2.534700203,0.013314326,,,,,,
3:56,4.552231128,4.66887,2.56223528,0.013604626,,,,,,
3:58,4.552139978,4.66925,2.572636662,0.013714757,,,,,,
4:00,4.552048828,4.6697,2.58457623,0.013841798,,,,,,
4:02,4.552848503,4.66918,2.555136568,0.013533017,,,,,,
4:04,4.553648177,4.6681,2.513409437,0.01309922,,,,,,
4:06,4.554447852,4.66687,2.468403452,0.012638739,,,,,,
4:08,4.555247526,4.66567,2.424071872,0.012193123,,,,,,
4:10,4.556047201,4.66444,2.379097367,0.011748999,,,,,,
4:12,4.556846875,4.66309,2.331505269,0.011287602,,,,,,
4:14,4.55764655,4.66164,2.281735735,0.010814638,,,,,,
4:16,4.558446224,4.6601,2.230009328,0.01033349,,,,,,
4:18,4.559245899,4.65856,2.178301044,0.009863291,,,,,,
4:20,4.560045573,4.6572,2.130558247,0.009438983,,,,,,
4:22,4.560845248,4.65687,2.105415702,0.009220753,,,,,,
4:24,4.561644922,4.65845,2.122152856,0.009371223,,,,,,
4:26,4.562444597,4.66206,2.183377812,0.009923229,,,,,,
4:28,4.563244271,4.66725,2.27920582,0.010817192,,,,,,
4:30,4.564043946,4.6736,2.400416282,0.012002529,,,,,,
4:32,4.565079839,4.68179,2.55658532,0.013621262,,,,,,
4:34,4.566115732,4.69029,2.719472639,0.015419249,,,,,,
4:36,4.567151624,4.69863,2.878782813,0.017286563,,,,,,
4:38,4.568187517,4.70651,3.027951074,0.019133109,,,,,,
4:40,4.56922341,4.71373,3.162607232,0.020882155,,,,,,
4:42,4.570259303,4.7197,3.269851601,0.022332522,,,,,,
4:44,4.571295196,4.72413,3.343358883,0.023358477,,,,,,
4:46,4.572331088,4.72739,3.391244182,0.024043266,,,,,,
4:48,4.573366981,4.72983,3.421177869,0.024480676,,,,,,
4:50,4.574402874,4.73161,3.436669885,0.02471408,,,,,,
4:52,4.575438767,4.73291,3.44166409,0.024797189,,,,,,
4:54,4.57647466,4.73383,3.438352699,0.024760703,,,,,,
4:56,4.577510552,4.73456,3.430892102,0.024664529,,,,,,
4:58,4.578546445,4.73531,3.423871678,0.024574812,,,,,,
5:00,4.579582338,4.73467,3.386502317,0.024052183,,,,,,
5:02,4.57887077,4.72884,3.27524487,0.02249077,,,,,,
5:04,4.578159201,4.72203,3.142546877,0.020698807,,,,,,
5:06,4.577447633,4.71512,3.007622982,0.018953681,,,,,,
5:08,4.576736065,4.7082,2.872438636,0.017282766,,,,,,
5:10,4.576024497,4.70147,2.741364324,0.015736574,,,,,,
5:12,4.575312928,4.69577,2.632761385,0.014509906,,,,,,
5:14,4.57460136,4.69199,2.566095508,0.013780093,,,,,,
5:16,4.573889792,4.69026,2.544228508,0.013542025,,,,,,
5:18,4.573178224,4.6901,2.556685313,0.013670702,,,,,,
5:20,4.572466655,4.69092,2.590578651,0.014031195,,,,,,
5:22,4.571755087,4.69215,2.633450627,0.014494935,,,,,,
5:24,4.571043519,4.69343,2.677429792,0.014978451,,,,,,
5:26,4.570331951,4.69453,2.717484208,0.015425155,,,,,,
5:28,4.569620382,4.69516,2.747265801,0.015760196,,,,,,
5:30,4.568908814,4.69506,2.761079092,0.015914122,,,,,,
5:32,4.568114006,4.69676,2.816173017,0.016549792,,,,,,
5:34,4.567319198,4.69749,2.850048275,0.016944438,,,,,,
5:36,4.56652439,4.69705,2.858314089,0.017036935,,,,,,
5:38,4.565729581,4.69579,2.848622913,0.016915713,,,,,,
5:40,4.564934773,4.69387,2.824470303,0.016624293,,,,,,
5:42,4.564139965,4.69146,2.789573413,0.016210391,,,,,,
5:44,4.563345157,4.68867,2.746337143,0.015706316,,,,,,
5:46,4.562550349,4.68569,2.698921471,0.015163374,,,,,,
5:48,4.561755541,4.68273,2.651927704,0.01463482,,,,,,
5:50,4.560960733,4.67973,2.604040551,0.014106139,,,,,,
5:52,4.560165925,4.67658,2.552847351,0.013552237,,,,,,
5:54,4.559371116,4.67333,2.499443039,0.012986627,,,,,,
5:56,4.558576308,4.66997,2.443607049,0.012408555,,,,,,
5:58,4.5577815,4.66659,2.387312775,0.01183929,,,,,,
6:00,4.556986692,4.66563,2.384104132,0.011803368,,,,,,
6:02,4.559138092,4.66154,2.24608042,0.010486151,,,,,,
6:04,4.561289492,4.65849,2.13098748,0.009447939,,,,,,
6:06,4.563440892,4.65746,2.060267904,0.008839593,,,,,,
6:08,4.565592291,4.658,2.024002651,0.008539185,,,,,,
6:10,4.567743691,4.65951,2.009007405,0.008421055,,,,,,
6:12,4.569895091,4.66144,2.003216861,0.00838047,,,,,,
6:14,4.572046491,4.66342,1.998525369,0.008349118,,,,,,
6:16,4.574197891,4.66521,1.989684556,0.008283204,,,,,,
6:18,4.576349291,4.66655,1.97101889,0.008136168,,,,,,
6:20,4.578500691,4.66722,1.937737154,0.007871116,,,,,,
6:22,4.580652091,4.66664,1.87719799,0.00739392,,,,,,
6:24,4.58280349,4.66452,1.783111804,0.006677588,,,,,,
6:26,4.58495489,4.66124,1.663813752,0.005819418,,,,,,
6:28,4.58710629,4.65716,1.527187416,0.004907522,,,,,,
6:30,4.58925769,4.65955,1.531670583,0.004941009,,,,,,
6:32,4.600975705,4.66898,1.478040732,0.004624584,,,,,,
6:34,4.612693719,4.67901,1.437690968,0.004397849,,,,,,
6:36,4.624411734,4.68887,1.393869528,0.004154868,,,,,,
6:38,4.636129749,4.69876,1.3509167,0.003922548,,,,,,
6:40,4.647847763,4.70862,1.307535016,0.003693265,,,,,,
6:42,4.659565778,4.71834,1.261366934,0.003454409,,,,,,
6:44,4.671283793,4.72796,1.21328974,0.003212192,,,,,,
6:46,4.683001807,4.73748,1.163317787,0.002967874,,,,,,
6:48,4.694719822,4.74698,1.113169262,0.002731126,,,,,,
6:50,4.706437837,4.75666,1.067095003,0.002522266,,,,,,
6:52,4.718155851,4.76736,1.042868242,0.002421048,,,,,,
6:54,4.729873866,4.78007,1.061257349,0.002519652,,,,,,
6:56,4.741591881,4.79497,1.125742585,0.002849224,,,,,,
6:58,4.753309895,4.81156,1.225464072,0.003393075,,,,,,
7:00,4.76502791,4.84532,1.685028745,0.00644682,,,,,,
7:02,4.793881574,4.86433,1.469548734,0.004962981,,,,,,
7:04,4.822735239,4.87906,1.167900749,0.003172479,,,,,,
7:06,4.851588903,4.89083,0.808829804,0.001539864,,,,,,
7:08,4.880442567,4.89925,0.385363269,0.00035372,,,,,,
7:10,4.909296231,4.9052,0.083438253,1.67791E-05,,,,,,
7:12,4.938149896,4.90436,0.684262258,0.001141757,,,,,,
7:14,4.96700356,4.90124,1.324008715,0.004324846,,,,,,
7:16,4.995857224,4.90026,1.913529945,0.009138829,,,,,,
7:18,5.024710888,4.8993,2.495882665,0.015727891,,,,,,
7:20,5.053564553,4.8975,3.088207371,0.024356145,,,,,,
7:22,5.082418217,4.89569,3.674003378,0.034867427,,,,,,
7:24,5.111271881,4.89317,4.267076494,0.04756843,,,,,,
7:26,5.140125545,4.89147,4.83753836,0.06182958,,,,,,
7:28,5.16897921,4.89021,5.393119196,0.077712272,,,,,,
7:30,5.197832874,4.86517,6.400030206,0.110664588,,,,,,
7:32,5.192199501,4.8638,6.324862921,0.107846232,,,,,,
7:34,5.186566127,4.86633,6.174338072,0.102551177,,,,,,
7:36,5.180932754,4.86856,6.029276365,0.097576737,,,,,,
7:38,5.175299381,4.87176,5.865155978,0.092136156,,,,,,
7:40,5.169666007,4.8767,5.667020009,0.085829081,,,,,,
7:42,5.164032634,4.89032,5.300366078,0.074918606,,,,,,
7:44,5.158399261,4.90945,4.826095236,0.061975735,,,,,,
7:46,5.152765887,4.92681,4.385137845,0.051056063,,,,,,
7:48,5.147132514,4.94045,4.015488497,0.042717662,,,,,,
7:50,5.141499141,4.95132,3.698904459,0.036168106,,,,,,
7:52,5.135865767,4.95984,3.427382548,0.030985071,,,,,,
7:54,5.130232394,4.96759,3.170273421,0.026452548,,,,,,
7:56,5.124599021,4.97368,2.944991801,0.022776551,,,,,,
7:58,5.118965647,4.97771,2.759456827,0.019953158,,,,,,
8:00,5.113332274,4.98406,2.528141476,0.016711321,,,,,,
8:02,5.112445376,4.96548,2.874659095,0.021598822,,,,,,
8:04,5.111558479,4.94415,3.27509662,0.028025599,,,,,,
8:06,5.110671581,4.92925,3.549857942,0.03291379,,,,,,
8:08,5.109784683,4.91736,3.765808051,0.037027259,,,,,,
8:10,5.108897785,4.90697,3.952472598,0.04077483,,,,,,
8:12,5.108010888,4.89854,4.100830883,0.043878053,,,,,,
8:14,5.10712399,4.89094,4.232988869,0.046735518,,,,,,
8:16,5.106237092,4.88552,4.322499877,0.048716035,,,,,,
8:18,5.105350194,4.88152,4.384228025,0.050099956,,,,,,
8:20,5.104463297,4.87601,4.475559598,0.052190909,,,,,,
8:22,5.103576399,4.87054,4.56613913,0.054305963,,,,,,
8:24,5.102689501,4.86572,4.64401177,0.056154544,,,,,,
8:26,5.101802603,4.86075,4.724851621,0.058106357,,,,,,
8:28,5.100915706,4.85689,4.783958804,0.059548545,,,,,,
8:30,5.100028808,4.85478,4.808772994,0.060146978,,,,,,
8:32,5.099078564,4.85783,4.731218807,0.05820087,,,,,,
8:34,5.09812832,4.86563,4.560464261,0.054055469,,,,,,
8:36,5.097178076,4.87185,4.420643592,0.050772742,,,,,,
8:38,5.096227831,4.87485,4.343954751,0.049008144,,,,,,
8:40,5.095277587,4.87577,4.308059438,0.048183581,,,,,,
8:42,5.094327343,4.87503,4.304735998,0.048091325,,,,,,
8:44,5.093377099,4.87412,4.304748986,0.048073675,,,,,,
8:46,5.092426855,4.87212,4.326166311,0.04853511,,,,,,
8:48,5.091476611,4.86857,4.378034665,0.049687357,,,,,,
8:50,5.090526367,4.86442,4.441708984,0.051124089,,,,,,
8:52,5.089576123,4.85486,4.611702769,0.055091658,,,,,,
8:54,5.088625878,4.84499,4.787852042,0.059358441,,,,,,
8:56,5.087675634,4.83912,4.885445769,0.061779903,,,,,,
8:58,5.08672539,4.83437,4.961057864,0.063683243,,,,,,
9:00,5.085775146,4.84066,4.819622161,0.060081435,,,,,,
9:02,5.100420023,4.85078,4.894499313,0.062320141,,,,,,
9:04,5.1150649,4.86021,4.982437271,0.06495102,,,,,,
9:06,5.129709777,4.86924,5.07767083,0.067844505,,,,,,
9:08,5.144354654,4.87759,5.185580543,0.071163381,,,,,,
9:10,5.158999531,4.88272,5.355292811,0.076330379,,,,,,
9:12,5.173644408,4.88639,5.552264233,0.082515095,,,,,,
9:14,5.188289285,4.88945,5.759880928,0.089304918,,,,,,
9:16,5.202934163,4.89132,5.989200579,0.097103387,,,,,,
9:18,5.21757904,4.89344,6.212441393,0.105066117,,,,,,
9:20,5.232223917,4.89668,6.413026704,0.11258972,,,,,,
9:22,5.246868794,4.90826,6.453540336,0.114655915,,,,,,
9:24,5.261513671,4.9249,6.397658394,0.113308764,,,,,,
9:26,5.276158548,4.93926,6.385299929,0.113500632,,,,,,
9:28,5.290803425,4.94956,6.449746808,0.116447075,,,,,,
9:30,5.305448302,4.9803,6.128573562,0.105721418,,,,,,
9:32,5.355545446,5.04231,5.848805676,0.098116445,,,,,,
9:34,5.405642589,5.1075,5.515395887,0.088889003,,,,,,
9:36,5.455739733,5.16958,5.245113349,0.081887393,,,,,,
9:38,5.505836877,5.22766,5.052399539,0.077382375,,,,,,
9:40,5.555934021,5.2446,5.603630637,0.096928873,,,,,,
9:42,5.606031164,5.2392,6.543509183,0.134565103,,,,,,
9:44,5.656128308,5.23006,7.532861435,0.181534203,,,,,,
9:46,5.706225452,5.21883,8.541468543,0.237554327,,,,,,
9:48,5.756322596,5.20704,9.542248316,0.30171137,,,,,,
9:50,5.806419739,5.19473,10.53471445,0.374164337,,,,,,
9:52,5.856516883,5.38362,8.074712196,0.223631462,,,,,,
9:54,5.906614027,5.75292,2.602066536,0.023621854,,,,,,
9:56,5.956711171,5.85101,1.774488774,0.011172738,,,,,,
9:58,6.006808314,5.93229,1.240564208,0.005552979,,,,,,
10:00,6.056905458,5.97968,1.27499857,0.005963771,,,,,,
10:02,6.05415676,5.97797,1.258420669,0.005804422,,,,,,
10:04,6.051408062,5.96144,1.486729387,0.008094252,,,,,,
10:06,6.048659364,5.94415,1.727810374,0.010922207,,,,,,
10:08,6.045910667,5.928,1.950254866,0.013902925,,,,,,
10:10,6.043161969,5.9146,2.127395719,0.01652818,,,,,,
10:12,6.040413271,5.91264,2.115306772,0.016326009,,,,,,
10:14,6.037664573,5.92203,1.915220225,0.013371354,,,,,,
10:16,6.034915875,5.9334,1.682142338,0.010305473,,,,,,
10:18,6.032167177,5.94191,1.496264516,0.008146358,,,,,,
10:20,6.029418479,5.94746,1.359309845,0.006717192,,,,,,
10:22,6.026669781,5.95002,1.271843054,0.005875189,,,,,,
10:24,6.023921084,5.95081,1.213679313,0.005345231,,,,,,
10:26,6.021172386,5.9491,1.196982604,0.005194429,,,,,,
10:28,6.018423688,5.9437,1.241582379,0.00558363,,,,,,
10:30,6.01567499,5.93638,1.318139529,0.006287695,,,,,,
10:32,6.014413531,5.92463,1.492806082,0.008061082,,,,,,
10:34,6.013152073,5.91067,1.704298706,0.010502575,,,,,,
10:36,6.011890614,5.89945,1.870303723,0.012642892,,,,,,
10:38,6.010629156,5.88967,2.012420877,0.014631117,,,,,,
10:40,6.009367697,5.87946,2.161753175,0.01687601,,,,,,
10:42,6.008106239,5.86978,2.302326781,0.019134148,,,,,,
10:44,6.00684478,5.86014,2.442293506,0.021522292,,,,,,
10:46,6.005583322,5.85203,2.556842754,0.023578623,,,,,,
10:48,6.004321863,5.84571,2.641628257,0.025157723,,,,,,
10:50,6.003060405,5.83784,2.752269573,0.027297782,,,,,,
10:52,6.001798946,5.82902,2.87878597,0.029852564,,,,,,
10:54,6.000537488,5.82065,2.997856248,0.032359508,,,,,,
10:56,5.999276029,5.81202,3.12131044,0.03506482,,,,,,
10:58,5.998014571,5.80433,3.229144723,0.037513713,,,,,,
11:00,5.996753112,5.799,3.297669727,0.039106293,,,,,,
11:02,5.995362092,5.79947,3.267393845,0.038373712,,,,,,
11:04,5.993971073,5.80757,3.109809352,0.03474536,,,,,,
11:06,5.992580053,5.81743,2.922782031,0.030677541,,,,,,
11:08,5.991189034,5.82458,2.780900971,0.02775857,,,,,,
11:10,5.989798014,5.8289,2.686200997,0.025888171,,,,,,
11:12,5.988406994,5.83035,2.639382964,0.024982013,,,,,,
11:14,5.987015975,5.83009,2.621104999,0.024625762,,,,,,
11:16,5.985624955,5.82741,2.64324872,0.025031972,,,,,,
11:18,5.984233936,5.82116,2.72505951,0.026593109,,,,,,
11:20,5.982842916,5.81212,2.853541676,0.029146314,,,,,,
11:22,5.981451896,5.79512,3.115161657,0.034719575,,,,,,
11:24,5.980060877,5.77349,3.454327326,0.042671527,,,,,,
11:26,5.978669857,5.75452,3.749159301,0.050243158,,,,,,
11:28,5.977278838,5.73709,4.018364284,0.057690678,,,,,,
11:30,5.975887818,5.71967,4.28752724,0.06564757,,,,,,
11:32,5.974957894,5.70424,4.530875343,0.073288178,,,,,,
11:34,5.974027971,5.68948,4.763084009,0.080967548,,,,,,
11:36,5.973098047,5.67629,4.969080445,0.088095017,,,,,,
11:38,5.972168124,5.66489,5.145168683,0.094419845,,,,,,
11:40,5.9712382,5.65215,5.343752658,0.101817279,,,,,,
11:42,5.970308276,5.63864,5.555295651,0.110003845,,,,,,
11:44,5.969378353,5.62565,5.758193445,0.118149181,,,,,,
11:46,5.968448429,5.61255,5.962997473,0.126663692,,,,,,
11:48,5.967518506,5.60041,6.151778258,0.134768655,,,,,,
11:50,5.966588582,5.59059,6.301734682,0.141374934,,,,,,
11:52,5.965658658,5.59065,6.286123285,0.140631494,,,,,,
11:54,5.964728735,5.60056,6.105369602,0.132618868,,,,,,
11:56,5.963798811,5.61225,5.894712785,0.123586567,,,,,,
11:58,5.962868888,5.62153,5.724407067,0.116512236,,,,,,
12:00,5.961938964,5.63071,5.555725511,0.109712627,,,,,,
12:02,5.964906656,5.64774,5.317210717,0.100594688,,,,,,
12:04,5.967874348,5.66671,5.046425753,0.090699965,,,,,,
12:06,5.97084204,5.68384,4.806726389,0.082370171,,,,,,
12:08,5.973809732,5.69795,4.617819187,0.076098592,,,,,,
12:10,5.976777424,5.70971,4.468418431,0.071325009,,,,,,
12:12,5.979745116,5.71436,4.438067357,0.07042926,,,,,,
12:14,5.982712808,5.71492,4.476110029,0.071712988,,,,,,
12:16,5.9856805,5.71794,4.473016894,0.071684975,,,,,,
12:18,5.988648192,5.72238,4.446215297,0.07089875,,,,,,
12:20,5.991615884,5.72662,4.422778248,0.070222819,,,,,,
12:22,5.994583576,5.73148,4.389021734,0.069223492,,,,,,
12:24,5.997551268,5.73654,4.351963932,0.068126882,,,,,,
12:26,6.00051896,5.74309,4.290111601,0.066269669,,,,,,
12:28,6.003486652,5.75135,4.199836972,0.063572891,,,,,,
12:30,6.006454344,5.72439,4.696020778,0.079560294,,,,,,
12:32,5.958155132,5.67224,4.798719162,0.081747463,,,,,,
12:34,5.909855919,5.61708,4.954028034,0.085717739,,,,,,
12:36,5.861556707,5.56193,5.111725809,0.089776164,,,,,,
12:38,5.813257494,5.50792,5.252433671,0.093230985,,,,,,
12:40,5.764958282,5.55175,3.698349087,0.045457772,,,,,,
12:42,5.71665907,5.55592,2.811765894,0.025837049,,,,,,
12:44,5.668359857,5.51927,2.630211574,0.022227785,,,,,,
12:46,5.620060645,5.48711,2.365644312,0.017675874,,,,,,
12:48,5.571761432,5.4571,2.057902755,0.013147244,,,,,,
12:50,5.52346222,5.42823,1.724139972,0.009069176,,,,,,
12:52,5.475163008,5.4013,1.349055871,0.005455744,,,,,,
12:54,5.426863795,5.38619,0.749489881,0.001654358,,,,,,
12:56,5.378564583,5.39009,0.214284254,0.000132835,,,,,,
12:58,5.33026537,5.39962,1.301147789,0.004810065,,,,,,
13:00,5.281966158,5.40414,2.313037198,0.014926448,,,,,,
13:02,5.262759934,5.40693,2.73943839,0.020785008,,,,,,
13:04,5.243553711,5.40883,3.151990007,0.027316252,,,,,,
13:06,5.224347487,5.41008,3.555133219,0.034496566,,,,,,
13:08,5.205141263,5.37152,3.196430771,0.027681884,,,,,,
13:10,5.185935039,5.2243,0.739788692,0.00147187,,,,,,
13:12,5.166728816,5.20089,0.661176253,0.001166986,,,,,,
13:14,5.147522592,5.17972,0.625493282,0.001036673,,,,,,
13:16,5.128316368,5.1584,0.586618099,0.000905025,,,,,,
13:18,5.109110144,5.1372,0.549799382,0.00078904,,,,,,
13:20,5.089903921,5.11604,0.513488651,0.000683095,,,,,,
13:22,5.070697697,5.09478,0.474930758,0.000579957,,,,,,
13:24,5.051491473,5.07348,0.435287818,0.000483495,,,,,,
13:26,5.032285249,5.05215,0.394746125,0.000394608,,,,,,
13:28,5.013079026,5.03086,0.354691676,0.000316163,,,,,,
13:30,4.993872802,5.02725,0.668362998,0.001114037,,,,,,
13:32,4.996318619,5.02507,0.575451311,0.000826642,,,,,,
13:34,4.998764436,5.02354,0.495633757,0.000613829,,,,,,
13:36,5.001210254,5.02421,0.459883605,0.000528988,,,,,,
13:38,5.003656071,5.02658,0.458143579,0.000525507,,,,,,
13:40,5.006101888,5.02998,0.476980144,0.000570164,,,,,,
13:42,5.008547705,5.0338,0.504183977,0.000637678,,,,,,
13:44,5.010993522,5.03765,0.531959937,0.000710568,,,,,,
13:46,5.01343934,5.04125,0.55472218,0.000773433,,,,,,
13:48,5.015885157,5.04427,0.565898981,0.000805699,,,,,,
13:50,5.018330974,5.04647,0.560724794,0.000791805,,,,,,
13:52,5.020776791,5.04724,0.527073999,0.000700301,,,,,,
13:54,5.023222608,5.04619,0.457224252,0.000527501,,,,,,
13:56,5.025668426,5.04376,0.359983438,0.000327305,,,,,,
13:58,5.028114243,5.04039,0.244142364,0.000150694,,,,,,
14:00,5.03056006,5.00075,0.592579348,0.00088864,,,,,,
14:02,4.988876611,4.97604,0.25730464,0.000164779,,,,,,
14:04,4.947193161,4.9552,0.161846096,6.41095E-05,,,,,,
14:06,4.905509712,4.93363,0.573238861,0.000790751,,,,,,
14:08,4.863826262,4.91151,0.980375026,0.002273739,,,,,,
14:10,4.822142813,4.88878,1.381899906,0.004440515,,,,,,
14:12,4.780459363,4.86532,1.775156539,0.007201328,,,,,,
14:14,4.738775914,4.84117,2.160770795,0.010484549,,,,,,
14:16,4.697092464,4.81634,2.538752152,0.014219975,,,,,,
14:18,4.655409015,4.7909,2.910399163,0.018357807,,,,,,
14:20,4.613725565,4.76506,3.280091823,0.022902111,,,,,,
14:22,4.572042116,4.73962,3.665274286,0.028082347,,,,,,
14:24,4.530358666,4.71544,4.085357201,0.0342551,,,,,,
14:26,4.488675217,4.6926,4.543095081,0.041585317,,,,,,
14:28,4.446991767,4.67058,5.02785354,0.049991698,,,,,,
14:30,4.405308318,4.69097,6.484487836,0.081602597,,,,,,
14:32,4.409273978,4.68115,6.166004275,0.073916571,,,,,,
14:34,4.413239637,4.66355,5.671805376,0.062655278,,,,,,
14:36,4.417205297,4.64551,5.168532763,0.052123037,,,,,,
14:38,4.421170956,4.62678,4.65055629,0.042275079,,,,,,
14:40,4.425136616,4.60718,4.11384777,0.033139794,,,,,,
14:42,4.429102276,4.58618,3.546491235,0.024673411,,,,,,
14:44,4.433067935,4.5635,2.94225279,0.017012524,,,,,,
14:46,4.437033595,4.53952,2.309795561,0.010503463,,,,,,
14:48,4.440999254,4.51458,1.656851123,0.005414126,,,,,,
14:50,4.444964914,4.48884,0.987073843,0.001925023,,,,,,
14:52,4.448930574,4.46246,0.304105128,0.000183045,,,,,,
14:54,4.452896233,4.43554,0.389774028,0.000301239,,,,,,
14:56,4.456861893,4.40825,1.090720201,0.002363116,,,,,,
14:58,4.460827552,4.3808,1.794006853,0.006404409,,,,,,
15:00,4.464793212,4.34997,2.571747594,0.01318437,,,,,,
15:02,4.464531074,4.34693,2.634119285,0.013830013,,,,,,
15:04,4.464268936,4.34925,2.57643385,0.013229356,,,,,,
15:06,4.464006798,4.35167,2.516501499,0.012619556,,,,,,
15:08,4.463744661,4.35423,2.453425752,0.011993461,,,,,,
15:10,4.463482523,4.3571,2.383397324,0.011317241,,,,,,
15:12,4.463220385,4.36104,2.289386949,0.010440831,,,,,,
15:14,4.462958247,4.36687,2.153016938,0.009232951,,,,,,
15:16,4.462696109,4.37467,1.972487188,0.007748596,,,,,,
15:18,4.462433971,4.38404,1.756753635,0.006145615,,,,,,
15:20,4.462171833,4.39446,1.517463592,0.004584892,,,,,,
15:22,4.461909695,4.40543,1.265818873,0.003189956,,,,,,
15:24,4.461647558,4.41666,1.008317161,0.00202388,,,,,,
15:26,4.46138542,4.42844,0.738457158,0.001085401,,,,,,
15:28,4.461123282,4.47003,0.199651914,7.93296E-05,,,,,,
15:30,4.460861144,4.51311,1.171272862,0.002729943,,,,,,
15:32,4.460000068,4.51511,1.235648681,0.003037105,,,,,,
15:34,4.459138992,4.51305,1.209000394,0.002906397,,,,,,
15:36,4.458277916,4.51034,1.167762194,0.002710461,,,,,,
15:38,4.457416841,4.50725,1.117982921,0.002483344,,,,,,
15:40,4.456555765,4.50381,1.060330836,0.002232963,,,,,,
15:42,4.455694689,4.5001,0.996596807,0.001971832,,,,,,
15:44,4.454833613,4.4962,0.928573109,0.001711178,,,,,,
15:46,4.453972537,4.49219,0.858053405,0.001460574,,,,,,
15:48,4.453111461,4.48822,0.788404676,0.00123261,,,,,,
15:50,4.452250385,4.48424,0.718504402,0.001023335,,,,,,
15:52,4.451389309,4.48016,0.646330595,0.000827753,,,,,,
15:54,4.450528234,4.47602,0.572780683,0.00064983,,,,,,
15:56,4.449667158,4.47184,0.498303383,0.000491635,,,,,,
15:58,4.448806082,4.46765,0.423572474,0.000355093,,,,,,
16:00,4.447945006,4.46501,0.383660184,0.000291214,,,,,,
16:02,4.448735676,4.46487,0.36267212,0.000260316,,,,,,
16:04,4.449526346,4.46601,0.370458622,0.000271711,,,,,,
16:06,4.450317016,4.4683,0.404083213,0.000323388,,,,,,
16:08,4.451107685,4.4714,0.455893599,0.000411778,,,,,,
16:10,4.451898355,4.47497,0.518242852,0.000532301,,,,,,
16:12,4.452689025,4.47877,0.58573538,0.000680217,,,,,,
16:14,4.453479695,4.48261,0.654102118,0.000848575,,,,,,
16:16,4.454270365,4.48639,0.721097562,0.001031671,,,,,,
16:18,4.455061035,4.48991,0.782233166,0.00121445,,,,,,
16:20,4.455851705,4.49306,0.835043387,0.001384457,,,,,,
16:22,4.456642375,4.49557,0.873474282,0.00151536,,,,,,
16:24,4.457433044,4.49716,0.891251884,0.001578231,,,,,,
16:26,4.458223714,4.49811,0.894667665,0.001590916,,,,,,
16:28,4.459014384,4.49868,0.889560171,0.001573361,,,,,,
16:30,4.459805054,4.49596,0.810684448,0.00130718,,,,,,
16:32,4.457274048,4.49394,0.822609326,0.001344392,,,,,,
16:34,4.454743042,4.49173,0.830282637,0.001368035,,,,,,
16:36,4.452212036,4.48937,0.834595561,0.001380714,,,,,,
16:38,4.449681031,4.487,0.838688633,0.001392705,,,,,,
16:40,4.447150025,4.48458,0.841662071,0.001401003,,,,,,
16:42,4.444619019,4.48201,0.841264028,0.001398085,,,,,,
16:44,4.442088013,4.47935,0.838839458,0.001388456,,,,,,
16:46,4.439557007,4.47659,0.834159646,0.001371443,,,,,,
16:48,4.437026001,4.47377,0.828122238,0.001350121,,,,,,
16:50,4.434494995,4.47558,0.92648667,0.001687978,,,,,,
16:52,4.431963989,4.47719,1.020450778,0.002045392,,,,,,
16:54,4.429432984,4.4801,1.143871375,0.002567147,,,,,,
16:56,4.426901978,4.48482,1.308319504,0.003354497,,,,,,
16:58,4.424370972,4.49094,1.504598697,0.004431435,,,,,,
17:00,4.421839966,4.50021,1.772339899,0.006141862,,,,,,
17:02,4.422222893,4.50964,1.976768451,0.007641751,,,,,,
17:04,4.422605819,4.51894,2.178222183,0.009280274,,,,,,
17:06,4.422988746,4.52807,2.375797454,0.01104207,,,,,,
17:08,4.423371672,4.53673,2.562713161,0.012850111,,,,,,
17:10,4.423754599,4.54474,2.734903085,0.014637467,,,,,,
17:12,4.424137525,4.55156,2.880165327,0.016236487,,,,,,
17:14,4.424520452,4.55689,2.991726435,0.017521697,,,,,,
17:16,4.424903378,4.56111,3.078182965,0.018552244,,,,,,
17:18,4.425286305,4.56453,3.146546583,0.019388807,,,,,,
17:20,4.425669231,4.56731,3.200437304,0.020062107,,,,,,
17:22,4.426052158,4.56958,3.242795992,0.020600241,,,,,,
17:24,4.426435084,4.57147,3.276562589,0.021035127,,,,,,
17:26,4.426818011,4.57314,3.305353611,0.021410124,,,,,,
17:28,4.427200937,4.57479,3.333687924,0.021782532,,,,,,
17:30,4.427583864,4.57664,3.366534448,0.022217732,,,,,,
17:32,4.428319167,4.57431,3.296754987,0.021313323,,,,,,
17:34,4.429054469,4.57132,3.212097119,0.020239481,,,,,,
17:36,4.429789772,4.56828,3.12633861,0.019179543,,,,,,
17:38,4.430525074,4.56526,3.041060004,0.0181535,,,,,,
17:40,4.431260377,4.56243,2.960097395,0.01720547,,,,,,
17:42,4.431995679,4.56061,2.901950505,0.016541644,,,,,,
17:44,4.432730982,4.56065,2.885783471,0.016363275,,,,,,
17:46,4.433466284,4.56261,2.912928795,0.016678099,,,,,,
17:48,4.434201587,4.56607,2.973893054,0.017389278,,,,,,
17:50,4.434936889,4.57047,3.056032462,0.018369224,,,,,,
17:52,4.435672192,4.57533,3.148515083,0.019504303,,,,,,
17:54,4.436407494,4.58031,3.243671962,0.020707931,,,,,,
17:56,4.437142797,4.58516,3.335867466,0.021909092,,,,,,
17:58,4.437878099,4.5896,3.418793793,0.023019535,,,,,,
18:00,4.438613402,4.59437,3.509127376,0.024260118,,,,,,
18:02,4.440510183,4.59479,3.474371427,0.023802262,,,,,,
18:04,4.442406965,4.59296,3.388996915,0.022666216,,,,,,
18:06,4.444303746,4.59004,3.279169524,0.021239056,,,,,,
18:08,4.446200528,4.58635,3.152117659,0.019641875,,,,,,
18:10,4.448097309,4.58205,3.011460445,0.017943323,,,,,,
18:12,4.449994091,4.57728,2.860361304,0.016201703,,,,,,
18:14,4.451890872,4.57217,2.701753737,0.014467069,,,,,,
18:16,4.453787654,4.56689,2.539464267,0.012792141,,,,,,
18:18,4.455684435,4.56164,2.37798629,0.011226582,,,,,,
18:20,4.457581217,4.55634,2.21552403,0.009753297,,,,,,
18:22,4.459477998,4.55092,2.050509096,0.00836164,,,,,,
18:24,4.46137478,4.54541,1.883617139,0.007061918,,,,,,
18:26,4.463271561,4.53981,1.714850597,0.005858133,,,,,,
18:28,4.465168343,4.53421,1.546227414,0.00476675,,,,,,
18:30,4.467065124,4.52769,1.357152276,0.003675376,,,,,,
18:32,4.467556148,4.52255,1.230960511,0.003024324,,,,,,
18:34,4.468047172,4.51932,1.147544465,0.002628903,,,,,,
18:36,4.468538196,4.51796,1.105994888,0.002442515,,,,,,
18:38,4.469029219,4.51804,1.096676226,0.002402057,,,,,,
18:40,4.469520243,4.51903,1.107719717,0.002451216,,,,,,
18:42,4.470011267,4.52042,1.127709305,0.00254104,,,,,,
18:44,4.470502291,4.52188,1.149260321,0.002639669,,,,,,
18:46,4.470993315,4.52318,1.167227981,0.00272345,,,,,,
18:48,4.471484339,4.52401,1.174680643,0.002758945,,,,,,
18:50,4.471975363,4.5242,1.16782032,0.002727413,,,,,,
18:52,4.472466387,4.52321,1.134577851,0.002574914,,,,,,
18:54,4.47295741,4.52073,1.068031408,0.00228222,,,,,,
18:56,4.473448434,4.51718,0.977580644,0.00191245,,,,,,
18:58,4.473939458,4.51285,0.869715435,0.00151403,,,,,,
19:00,4.474430482,4.50856,0.762767868,0.001164824,,,,,,
19:02,4.475795598,4.50456,0.642665675,0.000827391,,,,,,
19:04,4.477160715,4.50007,0.511692263,0.000524835,,,,,,
19:06,4.478525831,4.49532,0.374993237,0.000282044,,,,,,
19:08,4.479890947,4.49052,0.237261423,0.000112977,,,,,,
19:10,4.481256063,4.48558,0.096489398,1.86964E-05,,,,,,
19:12,4.48262118,4.48044,0.048658584,4.75755E-06,,,,,,
19:14,4.483986296,4.47511,0.197955467,7.87886E-05,,,,,,
19:16,4.485351412,4.4696,0.351174536,0.000248107,,,,,,
19:18,4.486716528,4.46398,0.50675205,0.00051695,,,,,,
19:20,4.488081645,4.45843,0.660675258,0.00087922,,,,,,
19:22,4.489446761,4.45372,0.795794291,0.001276401,,,,,,
19:24,4.490811877,4.45069,0.893421459,0.001609765,,,,,,
19:26,4.492176993,4.44942,0.95181007,0.00182816,,,,,,
19:28,4.49354211,4.44949,0.980342654,0.001940588,,,,,,
19:30,4.494907226,4.45081,0.981048635,0.001944565,,,,,,
19:32,4.496901415,4.45599,0.909768999,0.001673744,,,,,,
19:34,4.498895605,4.46186,0.823215479,0.001371636,,,,,,
19:36,4.500889794,4.46752,0.741404378,0.001113543,,,,,,
19:38,4.502883983,4.47265,0.671435976,0.000914094,,,,,,
19:40,4.504878173,4.47708,0.617068252,0.000772738,,,,,,
19:42,4.506872362,4.48027,0.590262157,0.000707686,,,,,,
19:44,4.508866551,4.48191,0.597856483,0.000726656,,,,,,
19:46,4.510860741,4.48238,0.631381518,0.000811153,,,,,,
19:48,4.51285493,4.482,0.683711985,0.000952027,,,,,,
19:50,4.514849119,4.48091,0.751722109,0.001151864,,,,,,
19:52,4.516843309,4.47928,0.831627454,0.001411002,,,,,,
19:54,4.518837498,4.47719,0.921641861,0.001734514,,,,,,
19:56,4.520831687,4.47481,1.017991604,0.002117996,,,,,,
19:58,4.522825877,4.47236,1.115804109,0.002546805,,,,,,
20:00,4.524820066,4.46998,1.211983354,0.003007433,,,,,,
20:02,4.527114247,4.46701,1.327650325,0.003612521,,,,,,
20:04,4.529408429,4.46385,1.447394953,0.004297908,,,,,,
20:06,4.53170261,4.46053,1.570548999,0.00506554,,,,,,
20:08,4.533996792,4.4571,1.696004552,0.005913117,,,,,,
20:10,4.536290973,4.45376,1.819349188,0.006811362,,,,,,
20:12,4.538585155,4.45126,1.924061178,0.007625683,,,,,,
20:14,4.540879336,4.45046,1.991229656,0.008175656,,,,,,
20:16,4.543173518,4.45147,2.018490327,0.008409535,,,,,,
20:18,4.545467699,4.45385,2.015583545,0.008393803,,,,,,
20:20,4.547761881,4.45706,1.994428982,0.008226831,,,,,,
20:22,4.550056062,4.46057,1.966702405,0.008007755,,,,,,
20:24,4.552350244,4.46405,1.939662795,0.007796933,,,,,,
20:26,4.554644425,4.46727,1.918358863,0.00763429,,,,,,
20:28,4.556938607,4.46996,1.908707018,0.007565278,,,,,,
20:30,4.559232788,4.47006,1.955872669,0.007951786,,,,,,
20:32,4.559088676,4.47034,1.946631933,0.007876327,,,,,,
20:34,4.558944564,4.46963,1.959106165,0.007977091,,,,,,
20:36,4.558800452,4.46783,1.995490984,0.008275623,,,,,,
20:38,4.558656339,4.46526,2.048769024,0.008722876,,,,,,
20:40,4.558512227,4.46208,2.115432014,0.009299174,,,,,,
20:42,4.558368115,4.45845,2.191971172,0.00998363,,,,,,
20:44,4.558224003,4.45445,2.276632367,0.010769044,,,,,,
20:46,4.558079891,4.45026,2.365467337,0.011625129,,,,,,
20:48,4.557935779,4.44609,2.453869129,0.012509478,,,,,,
20:50,4.557791667,4.44186,2.543592939,0.013440151,,,,,,
20:52,4.557647555,4.43749,2.636394183,0.014437838,,,,,,
20:54,4.557503442,4.43301,2.731614876,0.015498617,,,,,,
20:56,4.55735933,4.42842,2.829255292,0.016625351,,,,,,
20:58,4.557215218,4.4238,2.927560179,0.01779962,,,,,,
21:00,4.557071106,4.41866,3.037282122,0.019157634,,,,,,
21:02,4.556074996,4.4158,3.078856167,0.019677075,,,,,,
21:04,4.555078886,4.41462,3.083566487,0.019728699,,,,,,
21:06,4.554082776,4.41509,3.052047642,0.019318992,,,,,,
21:08,4.553086666,4.41679,2.993500366,0.018576781,,,,,,
21:10,4.552090556,4.41918,2.919769595,0.017665216,,,,,,
21:12,4.551094446,4.42174,2.842271184,0.016732573,,,,,,
21:14,4.550098336,4.42413,2.768475024,0.015868022,,,,,,
21:16,4.549102226,4.42613,2.703219666,0.015122168,,,,,,
21:18,4.548106116,4.42745,2.652887002,0.014557898,,,,,,
21:20,4.547110006,4.42789,2.621885238,0.01421341,,,,,,
21:22,4.546113896,4.42696,2.621005516,0.014197651,,,,,,
21:24,4.545117786,4.42433,2.657528181,0.014589689,,,,,,
21:26,4.544121676,4.42035,2.723775568,0.015319428,,,,,,
21:28,4.543125566,4.41535,2.81250351,0.016326595,,,,,,
21:30,4.542129456,4.41071,2.89334457,0.017271073,,,,,,
21:32,4.542717058,4.4042,3.049211655,0.019186975,,,,,,
21:34,4.543304659,4.39698,3.220665792,0.021410906,,,,,,
21:36,4.543892261,4.3894,3.39999833,0.023867859,,,,,,
21:38,4.544479863,4.38164,3.583245342,0.026516821,,,,,,
21:40,4.545067465,4.37364,3.771725421,0.029387376,,,,,,
21:42,4.545655066,4.36529,3.967856412,0.032531557,,,,,,
21:44,4.546242668,4.35662,4.170975503,0.035956756,,,,,,
21:46,4.54683027,4.34763,4.381079965,0.039680748,,,,,,
21:48,4.547417872,4.33837,4.597067564,0.043701013,,,,,,
21:50,4.548005473,4.329,4.815417974,0.047963397,,,,,,
21:52,4.548593075,4.32022,5.020740946,0.052154261,,,,,,
21:54,4.549180677,4.31283,5.195455925,0.055861643,,,,,,
21:56,4.549768279,4.30692,5.337596645,0.058975287,,,,,,
21:58,4.55035588,4.30207,5.456405753,0.061645878,,,,,,
22:00,4.550943482,4.38351,3.679093855,0.028033971,,,,,,
22:02,4.60754725,4.46138,3.172344028,0.021364865,,,,,,
22:04,4.664151018,4.53273,2.817683593,0.017271484,,,,,,
22:06,4.720754786,4.60333,2.487415494,0.01378858,,,,,,
22:08,4.777358553,4.67298,2.184859098,0.010894882,,,,,,
22:10,4.833962321,4.74148,1.913178359,0.00855298,,,,,,
22:12,4.890566089,4.80826,1.682956277,0.006774292,,,,,,
22:14,4.947169857,4.87288,1.501663762,0.005518983,,,,,,
22:16,5.003773625,4.93567,1.361045285,0.004638104,,,,,,
22:18,5.060377393,4.99706,1.251238556,0.004009092,,,,,,
22:20,5.116981161,5.0572,1.168289644,0.003573787,,,,,,
22:22,5.173584929,5.11627,1.107837791,0.003285001,,,,,,
22:24,5.230188696,5.17442,1.066284588,0.003110147,,,,,,
22:26,5.286792464,5.23143,1.047184363,0.003065002,,,,,,
22:28,5.343396232,5.25362,1.680134284,0.008059772,,,,,,
22:30,5.4,5.26234,2.549259259,0.018950276,,,,,,
22:32,5.407193258,5.25734,2.771368635,0.022455999,,,,,,
22:34,5.414386515,5.2621,2.812627332,0.023191183,,,,,,
22:36,5.421579773,5.27731,2.661028317,0.020813767,,,,,,
22:38,5.42877303,5.29111,2.535803749,0.01895111,,,,,,
22:40,5.435966288,5.30357,2.435561241,0.017528777,,,,,,
22:42,5.443159546,5.31587,2.338523149,0.016202629,,,,,,
22:44,5.450352803,5.32867,2.232567458,0.014806705,,,,,,
22:46,5.457546061,5.34201,2.116996535,0.013348581,,,,,,
22:48,5.464739318,5.35541,2.000631899,0.0119529,,,,,,
22:50,5.471932576,5.36809,1.897731278,0.010783281,,,,,,
22:52,5.479125834,5.37922,1.823390027,0.009981176,,,,,,
22:54,5.486319091,5.39245,1.710966669,0.008811406,,,,,,
22:56,5.493512349,5.4066,1.582090719,0.007553756,,,,,,
22:58,5.500705606,5.41689,1.523724627,0.007025056,,,,,,
23:00,5.507898864,5.44189,1.198440016,0.00435717,,,,,,
23:02,5.484477709,5.35499,2.360985236,0.016767067,,,,,,
23:04,5.461056555,5.23949,4.057210409,0.049091738,,,,,,
23:06,5.4376354,5.18465,4.652489205,0.064001613,,,,,,
23:08,5.414214245,5.10707,5.672923736,0.094337587,,,,,,
23:10,5.390793091,5.02009,6.876596537,0.137420782,,,,,,
23:12,5.367371936,4.93146,8.121515356,0.190019216,,,,,,
23:14,5.343950781,4.93146,7.718835706,0.170148644,,,,,,
23:16,5.320529627,4.93146,7.312610854,0.151375175,,,,,,
23:18,5.297108472,4.93146,6.90279374,0.133698805,,,,,,
23:20,5.273687317,4.93146,6.48933652,0.117119537,,,,,,
23:22,5.250266163,4.93146,6.072190497,0.10163737,,,,,,
23:24,5.226845008,4.93146,5.651306047,0.087252303,,,,,,
23:26,5.203423853,4.93146,5.226632707,0.073964337,,,,,,
23:28,5.180002699,4.93146,4.798119102,0.061773473,,,,,,
23:30,5.156581544,4.93146,4.365712868,0.05067971,,,,,,
23:32,5.156542774,4.93146,4.364993831,0.050662255,,,,,,
23:34,5.156504005,4.93146,4.364274803,0.050644804,,,,,,
23:36,5.156465235,4.93146,4.363555745,0.050627356,,,,,,
23:38,5.156426466,4.93146,4.362836695,0.050609911,,,,,,
23:40,5.156387696,4.93146,4.362117615,0.050592468,,,,,,
23:42,5.156348926,4.93146,4.361398525,0.050575029,,,,,,
23:44,5.156310157,4.93146,4.360679442,0.050557593,,,,,,
23:46,5.156271387,4.93146,4.35996033,0.05054016,,,,,,
23:48,5.156232618,4.93146,4.359241226,0.05052273,,,,,,
23:50,5.156193848,4.93146,4.358522093,0.050505302,,,,,,
23:52,5.156155078,4.93146,4.357802948,0.050487878,,,,,,
23:54,5.156116309,4.93146,4.357083811,0.050470457,,,,,,
23:56,5.156077539,4.93146,4.356364645,0.050453039,,,,,,
23:58,5.15603877,4.93146,4.355645487,0.050435624,,,,,,
