time,Actual,Simulation,MAE,MSE,-0.046438257,0.162064326,,MAE %,MSE %,MRD,Coe,R-square
0:00,11.80589,11.515935,2.456019834,0.084073902,0.289955,0.289955,,1.355580351,0.03390674,0.385155041,0.983393207,0.9670622
0:02,11.94987,11.587925,3.028861402,0.131004183,0.361945,0.361945,,,,,,
0:04,11.90998,11.59036,2.683631711,0.102156944,0.31962,0.31962,,,,,,
0:06,11.91252,11.590775,2.700897879,0.103519845,0.321745,0.321745,,,,,,
0:08,11.84312,11.560605,2.385477813,0.079814725,0.282515,0.282515,,,,,,
0:10,11.97833,11.63077,2.901573091,0.120797954,0.34756,0.34756,,,,,,
0:12,11.99457,11.65087,2.865463289,0.11812969,0.3437,0.3437,,,,,,
0:14,12.00428,11.656175,2.899840723,0.121177091,0.348105,0.348105,,,,,,
0:16,11.97612,11.643315,2.778905021,0.110759168,0.332805,0.332805,,,,,,
0:18,11.99756,11.656875,2.839619056,0.116066269,0.340685,0.340685,,,,,,
0:20,11.98777,11.655035,2.775620487,0.11071258,0.332735,0.332735,,,,,,
0:22,12.03492,11.667655,3.051661332,0.13488358,0.367265,0.367265,,,,,,
0:24,11.91851,11.6284,2.434112989,0.084163812,0.29011,0.29011,,,,,,
0:26,11.96768,11.636455,2.767662571,0.109710001,0.331225,0.331225,,,,,,
0:28,12.12045,11.71611,3.336014752,0.163490836,0.40434,0.40434,,,,,,
0:30,12.03748,11.67536,3.008270834,0.131130894,0.36212,0.36212,,,,,,
0:32,12.01725,11.662945,2.94830348,0.125532033,0.354305,0.354305,,,,,,
0:34,12.12675,11.71253,3.415754427,0.171578208,0.41422,0.41422,,,,,,
0:36,12.09441,11.687125,3.367547487,0.165881071,0.407285,0.407285,,,,,,
0:38,12.08831,11.69323,3.268281505,0.156088206,0.39508,0.39508,,,,,,
0:40,12.31234,11.781345,4.312705789,0.28195569,0.530995,0.530995,,,,,,
0:42,12.22295,11.744775,3.912107961,0.228651331,0.478175,0.478175,,,,,,
0:44,12.27103,11.78268,3.979698526,0.238485723,0.48835,0.48835,,,,,,
0:46,12.19153,11.754945,3.581051763,0.190606462,0.436585,0.436585,,,,,,
0:48,12.06215,11.694185,3.050575561,0.135398241,0.367965,0.367965,,,,,,
0:50,12.04774,11.683075,3.026833248,0.132980562,0.364665,0.364665,,,,,,
0:52,12.0897,11.707645,3.1601694,0.145966023,0.382055,0.382055,,,,,,
0:54,11.99869,11.66718,2.762884948,0.10989888,0.33151,0.33151,,,,,,
0:56,11.94668,11.658475,2.412427553,0.083062122,0.288205,0.288205,,,,,,
0:58,11.92712,11.628325,2.505173085,0.089278452,0.298795,0.298795,,,,,,
1:00,11.93209,11.64038,2.444751925,0.085094724,0.29171,0.29171,,,,,,
1:02,11.96929,11.65802,2.600571964,0.096889013,0.31127,0.31127,,,,,,
1:04,11.9327,11.6352,2.493149078,0.08850625,0.2975,0.2975,,,,,,
1:06,11.87998,11.612885,2.248278196,0.071339739,0.267095,0.267095,,,,,,
1:08,11.8452,11.60177,2.055094047,0.059258165,0.24343,0.24343,,,,,,
1:10,11.97506,11.65437,2.677982407,0.102842076,0.32069,0.32069,,,,,,
1:12,12.12597,11.734385,3.229308666,0.153338812,0.391585,0.391585,,,,,,
1:14,11.80179,11.583405,1.850439637,0.047692008,0.218385,0.218385,,,,,,
1:16,11.82248,11.59262,1.944262118,0.05283562,0.22986,0.22986,,,,,,
1:18,11.75319,11.589185,1.395408396,0.02689764,0.164005,0.164005,,,,,,
1:20,11.81996,11.640155,1.521198041,0.032329838,0.179805,0.179805,,,,,,
1:22,11.81517,11.66487,1.272093419,0.02259009,0.1503,0.1503,,,,,,
1:24,11.77163,11.677395,0.80052635,0.008880235,0.094235,0.094235,,,,,,
1:26,11.93238,11.763495,1.4153505,0.028522143,0.168885,0.168885,,,,,,
1:28,11.939,11.800885,1.156838931,0.019075753,0.138115,0.138115,,,,,,
1:30,11.87742,11.79501,0.693837551,0.006791408,0.08241,0.08241,,,,,,
1:32,12.03331,11.897935,1.125002181,0.018326391,0.135375,0.135375,,,,,,
1:34,12.00422,11.901245,0.857823332,0.010603851,0.102975,0.102975,,,,,,
1:36,12.10173,11.96836,1.102073836,0.017787557,0.13337,0.13337,,,,,,
1:38,12.09123,11.990215,0.835440232,0.01020403,0.101015,0.101015,,,,,,
1:40,12.14214,12.03052,0.919277821,0.012459024,0.11162,0.11162,,,,,,
1:42,12.13028,12.0494,0.666761196,0.006541574,0.08088,0.08088,,,,,,
1:44,12.20018,12.096795,0.84740553,0.010688458,0.103385,0.103385,,,,,,
1:46,12.13494,12.06244,0.59744836,0.00525625,0.0725,0.0725,,,,,,
1:48,12.06658,12.03787,0.237929886,0.000824264,0.02871,0.02871,,,,,,
1:50,12.04691,12.030465,0.136508034,0.000270438,0.016445,0.016445,,,,,,
1:52,11.99082,12.0161,0.21082795,0.000639078,-0.02528,0.02528,,,,,,
1:54,11.92685,11.98728,0.506671921,0.003651785,-0.06043,0.06043,,,,,,
1:56,11.96769,11.98962,0.183243383,0.000480925,-0.02193,0.02193,,,,,,
1:58,12.24767,12.12875,0.970960191,0.014141966,0.11892,0.11892,,,,,,
2:00,12.20146,12.121895,0.652094094,0.006330589,0.079565,0.079565,,,,,,
2:02,12.14996,12.12218,0.228642728,0.000771728,0.02778,0.02778,,,,,,
2:04,12.14834,12.128795,0.160886179,0.000382007,0.019545,0.019545,,,,,,
2:06,12.1625,12.139605,0.188242549,0.000524181,0.022895,0.022895,,,,,,
2:08,12.18308,12.161675,0.175694488,0.000458174,0.021405,0.021405,,,,,,
2:10,12.12404,12.134815,0.088873016,0.000116101,-0.010775,0.010775,,,,,,
2:12,12.13426,12.14451,0.084471571,0.000105063,-0.01025,0.01025,,,,,,
2:14,12.1295,12.143105,0.112164557,0.000185096,-0.013605,0.013605,,,,,,
2:16,12.07916,12.107565,0.23515708,0.000806844,-0.028405,0.028405,,,,,,
2:18,12.04414,12.100815,0.470560787,0.003212056,-0.056675,0.056675,,,,,,
2:20,12.04864,12.09345,0.371909195,0.002007936,-0.04481,0.04481,,,,,,
2:22,11.92468,12.051855,1.066485642,0.016173481,-0.127175,0.127175,,,,,,
2:24,12.01299,12.06964,0.471572856,0.003209222,-0.05665,0.05665,,,,,,
2:26,11.92349,12.032695,0.915881172,0.011925732,-0.109205,0.109205,,,,,,
2:28,11.92423,12.028905,0.87783446,0.010956856,-0.104675,0.104675,,,,,,
2:30,11.97223,12.056935,0.707512301,0.007174937,-0.084705,0.084705,,,,,,
2:32,11.90023,12.022635,1.028593565,0.014982984,-0.122405,0.122405,,,,,,
2:34,11.73116,11.93129,1.705969401,0.040052017,-0.20013,0.20013,,,,,,
2:36,11.91227,11.99835,0.72261626,0.007409766,-0.08608,0.08608,,,,,,
2:38,11.79965,11.928955,1.095837588,0.016719783,-0.129305,0.129305,,,,,,
2:40,11.86391,11.956265,0.778453309,0.008529446,-0.092355,0.092355,,,,,,
2:42,11.90132,11.981075,0.67013575,0.00636086,-0.079755,0.079755,,,,,,
2:44,11.86548,11.973995,0.914543702,0.011775505,-0.108515,0.108515,,,,,,
2:46,11.92034,11.994045,0.6183129,0.005432427,-0.073705,0.073705,,,,,,
2:48,11.93489,12.014615,0.667999454,0.006356076,-0.079725,0.079725,,,,,,
2:50,12.05347,12.07328,0.164351013,0.000392436,-0.01981,0.01981,,,,,,
2:52,11.97958,12.049165,0.580863436,0.004842072,-0.069585,0.069585,,,,,,
2:54,11.9199,12.01814,0.824167988,0.009651098,-0.09824,0.09824,,,,,,
2:56,11.84722,11.992565,1.226827897,0.021125169,-0.145345,0.145345,,,,,,
2:58,11.83308,11.978055,1.225167074,0.021017751,-0.144975,0.144975,,,,,,
3:00,11.80281,11.958505,1.31913502,0.024240933,-0.155695,0.155695,,,,,,
3:02,11.83904,11.961065,1.030700124,0.014890101,-0.122025,0.122025,,,,,,
3:04,11.89382,11.977655,0.704861853,0.007028307,-0.083835,0.083835,,,,,,
3:06,11.94642,12.004965,0.490063132,0.003427517,-0.058545,0.058545,,,,,,
3:08,11.99329,12.039455,0.38492357,0.002131207,-0.046165,0.046165,,,,,,
3:10,11.95295,12.03679,0.701416805,0.007029146,-0.08384,0.08384,,,,,,
3:12,11.95313,12.03588,0.692287292,0.006847563,-0.08275,0.08275,,,,,,
3:14,11.91458,12.02561,0.931883457,0.012327661,-0.11103,0.11103,,,,,,
3:16,11.90398,12.014575,0.929059021,0.012231254,-0.110595,0.110595,,,,,,
3:18,11.87891,12.00647,1.073835899,0.016271554,-0.12756,0.12756,,,,,,
3:20,11.89344,12.00331,0.923786558,0.012071417,-0.10987,0.10987,,,,,,
3:22,11.90011,11.99644,0.809488316,0.009279469,-0.09633,0.09633,,,,,,
3:24,11.9911,12.031465,0.336624663,0.001629333,-0.040365,0.040365,,,,,,
3:26,11.89434,12.004595,0.926953492,0.012156165,-0.110255,0.110255,,,,,,
3:28,11.94319,12.02662,0.698557086,0.006960565,-0.08343,0.08343,,,,,,
3:30,11.95721,12.043965,0.725545508,0.00752643,-0.086755,0.086755,,,,,,
3:32,11.87604,12.007205,1.104450642,0.017204257,-0.131165,0.131165,,,,,,
3:34,11.88535,12.01202,1.065765838,0.016045289,-0.12667,0.12667,,,,,,
3:36,11.97999,12.05941,0.662938784,0.006307536,-0.07942,0.07942,,,,,,
3:38,11.92366,12.028105,0.875947486,0.010908758,-0.104445,0.104445,,,,,,
3:40,12.00828,12.06562,0.477503856,0.003287876,-0.05734,0.05734,,,,,,
3:42,12.03227,12.086705,0.452408398,0.002963169,-0.054435,0.054435,,,,,,
3:44,11.92001,12.036225,0.974957236,0.013505926,-0.116215,0.116215,,,,,,
3:46,11.9715,12.04814,0.640187111,0.00587369,-0.07664,0.07664,,,,,,
3:48,11.96478,12.050915,0.719904587,0.007419238,-0.086135,0.086135,,,,,,
3:50,11.97038,12.061915,0.76467915,0.008378656,-0.091535,0.091535,,,,,,
3:52,11.92039,12.028185,0.904290883,0.011619762,-0.107795,0.107795,,,,,,
3:54,11.90127,12.02562,1.044846474,0.015462922,-0.12435,0.12435,,,,,,
3:56,11.84016,11.982035,1.198252388,0.020128516,-0.141875,0.141875,,,,,,
3:58,11.87371,11.98906,0.971473954,0.013305622,-0.11535,0.11535,,,,,,
4:00,11.84724,11.969605,1.032856598,0.014973193,-0.122365,0.122365,,,,,,
4:02,11.87219,11.971305,0.834850183,0.009823783,-0.099115,0.099115,,,,,,
4:04,11.9794,12.028185,0.407240763,0.002379976,-0.048785,0.048785,,,,,,
4:06,12.06195,12.07536,0.111176054,0.000179828,-0.01341,0.01341,,,,,,
4:08,12.0865,12.095385,0.073511769,7.89E-05,-0.008885,0.008885,,,,,,
4:10,12.15723,12.143755,0.110839394,0.000181576,0.013475,0.013475,,,,,,
4:12,12.21215,12.192425,0.16151947,0.000389076,0.019725,0.019725,,,,,,
4:14,12.1192,12.166855,0.393219024,0.002270999,-0.047655,0.047655,,,,,,
4:16,12.05345,12.130875,0.642347212,0.005994631,-0.077425,0.077425,,,,,,
4:18,12.08791,12.145005,0.472331445,0.003259839,-0.057095,0.057095,,,,,,
4:20,12.11536,12.172775,0.47390255,0.003296482,-0.057415,0.057415,,,,,,
4:22,11.93699,12.08946,1.277290171,0.023247101,-0.15247,0.15247,,,,,,
4:24,11.88228,12.054575,1.450016327,0.029685567,-0.172295,0.172295,,,,,,
4:26,11.89209,12.042445,1.264327801,0.022606626,-0.150355,0.150355,,,,,,
4:28,11.89052,12.042695,1.279801052,0.023157231,-0.152175,0.152175,,,,,,
4:30,12.06069,12.121245,0.502085702,0.003666908,-0.060555,0.060555,,,,,,
4:32,12.14207,12.16744,0.208942956,0.000643637,-0.02537,0.02537,,,,,,
4:34,11.90466,12.07459,1.427424219,0.028876205,-0.16993,0.16993,,,,,,
4:36,11.87982,12.049315,1.426747207,0.028728555,-0.169495,0.169495,,,,,,
4:38,11.91607,12.065685,1.255573356,0.022384648,-0.149615,0.149615,,,,,,
4:40,11.86567,12.03999,1.469112153,0.030387462,-0.17432,0.17432,,,,,,
4:42,11.74377,11.97362,1.957207949,0.052831023,-0.22985,0.22985,,,,,,
4:44,11.85783,12.00755,1.262625624,0.022416078,-0.14972,0.14972,,,,,,
4:46,11.77807,11.969565,1.625860604,0.036670335,-0.191495,0.191495,,,,,,
4:48,11.68365,11.90356,1.882202907,0.048360408,-0.21991,0.21991,,,,,,
4:50,11.66052,11.874915,1.838640129,0.045965216,-0.214395,0.214395,,,,,,
4:52,11.76836,11.893555,1.063827075,0.015673788,-0.125195,0.125195,,,,,,
4:54,11.74002,11.872425,1.127808982,0.017531084,-0.132405,0.132405,,,,,,
4:56,11.72555,11.87184,1.247617383,0.021400764,-0.14629,0.14629,,,,,,
4:58,11.88867,11.951355,0.527266717,0.003929409,-0.062685,0.062685,,,,,,
5:00,11.7172,11.885825,1.439123681,0.028434391,-0.168625,0.168625,,,,,,
5:02,11.76864,11.90459,1.155188705,0.018482403,-0.13595,0.13595,,,,,,
5:04,11.65752,11.831205,1.48989665,0.030166479,-0.173685,0.173685,,,,,,
5:06,11.6163,11.79131,1.506589878,0.0306285,-0.17501,0.17501,,,,,,
5:08,11.66233,11.80627,1.23423021,0.020718724,-0.14394,0.14394,,,,,,
5:10,11.96518,11.95436,0.090429062,0.000117072,0.01082,0.01082,,,,,,
5:12,11.75975,11.877045,0.997427666,0.013758117,-0.117295,0.117295,,,,,,
5:14,11.75384,11.874195,1.023963232,0.014485326,-0.120355,0.120355,,,,,,
5:16,11.67386,11.844885,1.465025279,0.029249551,-0.171025,0.171025,,,,,,
5:18,11.84278,11.92248,0.672983877,0.00635209,-0.0797,0.0797,,,,,,
5:20,11.67999,11.86815,1.610960283,0.035404186,-0.18816,0.18816,,,,,,
5:22,11.75324,11.882015,1.095655326,0.016583001,-0.128775,0.128775,,,,,,
5:24,11.92609,11.967675,0.348689302,0.001729312,-0.041585,0.041585,,,,,,
5:26,11.89053,11.977445,0.730959848,0.007554217,-0.086915,0.086915,,,,,,
5:28,11.8516,11.955395,0.875788923,0.010773402,-0.103795,0.103795,,,,,,
5:30,11.76957,11.91849,1.265296863,0.022177166,-0.14892,0.14892,,,,,,
5:32,11.6222,11.84039,1.877355406,0.047606876,-0.21819,0.21819,,,,,,
5:34,11.62103,11.83045,1.802077785,0.043856736,-0.20942,0.20942,,,,,,
5:36,11.63459,11.819315,1.587722472,0.034123326,-0.184725,0.184725,,,,,,
5:38,11.74998,11.87317,1.048427316,0.015175776,-0.12319,0.12319,,,,,,
5:40,11.70492,11.852395,1.259940264,0.021748876,-0.147475,0.147475,,,,,,
5:42,11.60041,11.79742,1.698302043,0.03881294,-0.19701,0.19701,,,,,,
5:44,11.61549,11.8006,1.593647793,0.034265712,-0.18511,0.18511,,,,,,
5:46,11.66195,11.807305,1.246403903,0.021128076,-0.145355,0.145355,,,,,,
5:48,11.62735,11.79532,1.444611197,0.028213921,-0.16797,0.16797,,,,,,
5:50,11.75569,11.85824,0.87234352,0.010516503,-0.10255,0.10255,,,,,,
5:52,11.84376,11.907785,0.540580019,0.004099201,-0.064025,0.064025,,,,,,
5:54,11.67279,11.84056,1.437274208,0.028146773,-0.16777,0.16777,,,,,,
5:56,11.59838,11.801655,1.752615451,0.041320726,-0.203275,0.203275,,,,,,
5:58,11.49537,11.75157,2.22872339,0.06563844,-0.2562,0.2562,,,,,,
6:00,11.51157,11.75211,2.089549905,0.057859492,-0.24054,0.24054,,,,,,
6:02,11.50218,11.737765,2.048176954,0.055500292,-0.235585,0.235585,,,,,,
6:04,11.47183,11.718895,2.153666852,0.061041114,-0.247065,0.247065,,,,,,
6:06,11.58522,11.764325,1.54597841,0.032078601,-0.179105,0.179105,,,,,,
6:08,11.61387,11.78017,1.431908571,0.02765569,-0.1663,0.1663,,,,,,
6:10,11.59837,11.78092,1.573928061,0.033324503,-0.18255,0.18255,,,,,,
6:12,11.48923,11.719525,2.004442421,0.053035787,-0.230295,0.230295,,,,,,
6:14,11.48566,11.735735,2.177280191,0.062537506,-0.250075,0.250075,,,,,,
6:16,11.42738,11.690205,2.299958521,0.069076981,-0.262825,0.262825,,,,,,
6:18,11.44585,11.690105,2.134004901,0.059660505,-0.244255,0.244255,,,,,,
6:20,11.47793,11.698505,1.921731532,0.048653331,-0.220575,0.220575,,,,,,
6:22,11.23743,11.580215,3.050386076,0.117501556,-0.342785,0.342785,,,,,,
6:24,11.30852,11.596,2.542154057,0.08264475,-0.28748,0.28748,,,,,,
6:26,11.46655,11.6791,1.853652581,0.045177503,-0.21255,0.21255,,,,,,
6:28,11.50532,11.697835,1.673269409,0.037062025,-0.192515,0.192515,,,,,,
6:30,11.49594,11.6951,1.732437713,0.039664706,-0.19916,0.19916,,,,,,
6:32,11.55822,11.735295,1.532026558,0.031355556,-0.177075,0.177075,,,,,,
6:34,11.49183,11.70257,1.833824552,0.044411348,-0.21074,0.21074,,,,,,
6:36,11.56862,11.7474,1.545387436,0.031962288,-0.17878,0.17878,,,,,,
6:38,11.68588,11.81353,1.092343923,0.016294523,-0.12765,0.12765,,,,,,
6:40,11.64464,11.822415,1.526668064,0.031603951,-0.177775,0.177775,,,,,,
6:42,11.6312,11.82444,1.661393493,0.037341698,-0.19324,0.19324,,,,,,
6:44,12.06304,12.03123,0.26369804,0.001011876,0.03181,0.03181,,,,,,
6:46,12.26512,12.189935,0.612998487,0.005652784,0.075185,0.075185,,,,,,
6:48,12.40503,12.31587,0.718740704,0.007949506,0.08916,0.08916,,,,,,
6:50,12.3581,12.355935,0.017518874,4.69E-06,0.002165,0.002165,,,,,,
6:52,12.45951,12.46529,0.046390267,3.34E-05,-0.00578,0.00578,,,,,,
6:54,12.1096,12.339995,1.902581423,0.053081856,-0.230395,0.230395,,,,,,
6:56,12.22029,12.38282,1.33000117,0.026416001,-0.16253,0.16253,,,,,,
6:58,12.23387,12.367145,1.089393626,0.017762226,-0.133275,0.133275,,,,,,
7:00,12.39849,12.481735,0.671412406,0.00692973,-0.083245,0.083245,,,,,,
7:02,12.51776,12.588655,0.566355322,0.005026101,-0.070895,0.070895,,,,,,
7:04,12.4409,12.603095,1.303724007,0.026307218,-0.162195,0.162195,,,,,,
7:06,12.29488,12.55172,2.088999649,0.065966786,-0.25684,0.25684,,,,,,
7:08,12.21962,12.53205,2.556789818,0.097612505,-0.31243,0.31243,,,,,,
7:10,12.44323,12.62902,1.493101068,0.034517924,-0.18579,0.18579,,,,,,
7:12,12.6766,12.72971,0.41896092,0.002820672,-0.05311,0.05311,,,,,,
7:14,12.7769,12.792925,0.125421659,0.000256801,-0.016025,0.016025,,,,,,
7:16,13.10114,12.941745,1.216649849,0.025406766,0.159395,0.159395,,,,,,
7:18,12.77986,12.84211,0.487094538,0.003875063,-0.06225,0.06225,,,,,,
7:20,13.45336,13.16449,2.147195942,0.083445877,0.28887,0.28887,,,,,,
7:22,13.52532,13.216075,2.286415405,0.09563247,0.309245,0.309245,,,,,,
7:24,13.65413,13.2722,2.797175653,0.145870525,0.38193,0.38193,,,,,,
7:26,13.6377,13.26632,2.723186461,0.137923104,0.37138,0.37138,,,,,,
7:28,13.26404,13.095775,1.268580312,0.02831311,0.168265,0.168265,,,,,,
7:30,13.15782,13.045555,0.853218846,0.01260343,0.112265,0.112265,,,,,,
7:32,13.52602,13.211005,2.328955598,0.09923445,0.315015,0.315015,,,,,,
7:34,13.37131,13.146975,1.677733894,0.050326192,0.224335,0.224335,,,,,,
7:36,13.31133,13.11032,1.510066988,0.04040502,0.20101,0.20101,,,,,,
7:38,13.32214,13.118165,1.531097857,0.041605801,0.203975,0.203975,,,,,,
7:40,13.35729,13.124175,1.745226764,0.054342603,0.233115,0.233115,,,,,,
7:42,13.29109,13.09573,1.469856874,0.03816553,0.19536,0.19536,,,,,,
7:44,13.27007,13.086635,1.382321269,0.033648399,0.183435,0.183435,,,,,,
7:46,13.30737,13.110115,1.482298907,0.038909535,0.197255,0.197255,,,,,,
7:48,13.34131,13.121325,1.648901045,0.0483934,0.219985,0.219985,,,,,,
7:50,13.36323,13.130985,1.737940603,0.05393774,0.232245,0.232245,,,,,,
7:52,13.273,13.08467,1.418895502,0.035468189,0.18833,0.18833,,,,,,
7:54,13.5252,13.20252,2.385768787,0.104122382,0.32268,0.32268,,,,,,
7:56,13.55023,13.22388,2.408446203,0.106504323,0.32635,0.32635,,,,,,
7:58,13.46036,13.16837,2.169258475,0.08525816,0.29199,0.29199,,,,,,
8:00,13.47993,13.181565,2.213401702,0.089021673,0.298365,0.298365,,,,,,
8:02,13.45065,13.1683,2.099155059,0.079721522,0.28235,0.28235,,,,,,
8:04,13.35647,13.121245,1.761131497,0.055330801,0.235225,0.235225,,,,,,
8:06,13.289,13.087505,1.516254045,0.040600235,0.201495,0.201495,,,,,,
8:08,13.25547,13.074385,1.366115272,0.032791777,0.181085,0.181085,,,,,,
8:10,13.49026,13.159945,2.448544357,0.109107999,0.330315,0.330315,,,,,,
8:12,13.45814,13.16826,2.153938063,0.084030414,0.28988,0.28988,,,,,,
8:14,13.3458,13.113955,1.737213206,0.053752104,0.231845,0.231845,,,,,,
8:16,13.35722,13.107665,1.868315413,0.062277698,0.249555,0.249555,,,,,,
8:18,13.24061,13.050075,1.439019803,0.036303586,0.190535,0.190535,,,,,,
8:20,13.34182,13.1611,1.354537837,0.032659718,0.18072,0.18072,,,,,,
8:22,13.27057,13.148855,0.917179895,0.014814541,0.121715,0.121715,,,,,,
8:24,13.43509,13.244695,1.417147187,0.036250256,0.190395,0.190395,,,,,,
8:26,13.42486,13.219505,1.529662134,0.042170676,0.205355,0.205355,,,,,,
8:28,13.3149,13.16309,1.140151259,0.023046276,0.15181,0.15181,,,,,,
8:30,13.18747,13.11529,0.547337738,0.005209952,0.07218,0.07218,,,,,,
8:32,13.29098,13.161415,0.97483406,0.016787089,0.129565,0.129565,,,,,,
8:34,13.23468,13.137155,0.736889747,0.009511126,0.097525,0.097525,,,,,,
8:36,13.25625,13.151895,0.787213579,0.010889966,0.104355,0.104355,,,,,,
8:38,13.45701,13.233475,1.66110451,0.049967896,0.223535,0.223535,,,,,,
8:40,13.42296,13.22759,1.455491188,0.038169437,0.19537,0.19537,,,,,,
8:42,13.31124,13.167415,1.080477852,0.020685631,0.143825,0.143825,,,,,,
8:44,13.29939,13.166415,0.999857888,0.017682351,0.132975,0.132975,,,,,,
8:46,13.19535,13.11288,0.624992895,0.006801301,0.08247,0.08247,,,,,,
8:48,13.1118,13.068685,0.328825943,0.001858903,0.043115,0.043115,,,,,,
8:50,13.11643,13.07789,0.293829952,0.001485332,0.03854,0.03854,,,,,,
8:52,13.30111,13.15027,1.134040693,0.022752706,0.15084,0.15084,,,,,,
8:54,13.07239,13.063815,0.065596268,7.35E-05,0.008575,0.008575,,,,,,
8:56,13.21552,13.11605,0.752675642,0.009894281,0.09947,0.09947,,,,,,
8:58,13.28656,13.147535,1.046358124,0.019327951,0.139025,0.139025,,,,,,
9:00,13.17023,13.109335,0.462368539,0.003708201,0.060895,0.060895,,,,,,
9:02,13.27013,13.149115,0.911935301,0.01464463,0.121015,0.121015,,,,,,
9:04,13.22695,13.1301,0.732217178,0.009379922,0.09685,0.09685,,,,,,
9:06,13.23378,13.13013,0.783222934,0.010743323,0.10365,0.10365,,,,,,
9:08,13.26909,13.148715,0.907183537,0.014490141,0.120375,0.120375,,,,,,
9:10,13.28899,13.074645,1.612951774,0.045943779,0.214345,0.214345,,,,,,
9:12,13.40267,13.14536,1.919841345,0.066208436,0.25731,0.25731,,,,,,
9:14,13.24127,13.0671,1.315357213,0.030335189,0.17417,0.17417,,,,,,
9:16,13.3047,13.082435,1.67057506,0.04940173,0.222265,0.222265,,,,,,
9:18,13.35365,13.11569,1.781984701,0.056624962,0.23796,0.23796,,,,,,
9:20,13.2554,13.04648,1.576112377,0.043647566,0.20892,0.20892,,,,,,
9:22,13.38064,13.13295,1.851107271,0.061350336,0.24769,0.24769,,,,,,
9:24,13.38723,13.167185,1.643693281,0.048419802,0.220045,0.220045,,,,,,
9:26,13.41362,13.173135,1.792841902,0.057833035,0.240485,0.240485,,,,,,
9:28,13.14034,12.96428,1.339843566,0.030997124,0.17606,0.17606,,,,,,
9:30,13.20947,12.978125,1.75135717,0.053520509,0.231345,0.231345,,,,,,
9:32,13.22012,13.02654,1.464283229,0.037473216,0.19358,0.19358,,,,,,
9:34,13.21416,13.002755,1.599836842,0.044692074,0.211405,0.211405,,,,,,
9:36,13.09087,12.89885,1.466823825,0.03687168,0.19202,0.19202,,,,,,
9:38,13.07204,12.872265,1.528261847,0.039910051,0.199775,0.199775,,,,,,
9:40,13.07574,12.84716,1.74812286,0.052248816,0.22858,0.22858,,,,,,
9:42,13.19145,12.930515,1.978061547,0.068087074,0.260935,0.260935,,,,,,
9:44,13.33407,13.05048,2.126807494,0.080423288,0.28359,0.28359,,,,,,
9:46,13.32172,13.083485,1.788320127,0.056755915,0.238235,0.238235,,,,,,
9:48,13.19105,12.971625,1.663438468,0.048147331,0.219425,0.219425,,,,,,
9:50,13.29251,13.024295,2.01779047,0.071939286,0.268215,0.268215,,,,,,
9:52,13.25493,12.995455,1.957573522,0.067327276,0.259475,0.259475,,,,,,
9:54,13.26812,12.993985,2.066117883,0.075149998,0.274135,0.274135,,,,,,
9:56,13.28965,13.006045,2.134029113,0.080431796,0.283605,0.283605,,,,,,
9:58,13.25816,12.946385,2.351570655,0.097203651,0.311775,0.311775,,,,,,
10:00,13.15025,12.900945,1.895819471,0.062152983,0.249305,0.249305,,,,,,
10:02,12.93809,12.743895,1.500955705,0.037711698,0.194195,0.194195,,,,,,
10:04,12.91876,12.715685,1.571938793,0.041239456,0.203075,0.203075,,,,,,
10:06,12.93159,12.72106,1.628028727,0.044322881,0.21053,0.21053,,,,,,
10:08,13.12695,12.88756,1.823652867,0.057307572,0.23939,0.23939,,,,,,
10:10,13.11845,12.898685,1.675236023,0.048296655,0.219765,0.219765,,,,,,
10:12,13.08097,12.857985,1.704651872,0.04972231,0.222985,0.222985,,,,,,
10:14,13.05044,12.839445,1.616765412,0.04451889,0.210995,0.210995,,,,,,
10:16,13.00383,12.799695,1.569806742,0.041671098,0.204135,0.204135,,,,,,
10:18,12.93398,12.745445,1.457671962,0.035545446,0.188535,0.188535,,,,,,
10:20,13.26071,12.988065,2.056036215,0.074335296,0.272645,0.272645,,,,,,
10:22,13.06538,12.911135,1.180562678,0.02379152,0.154245,0.154245,,,,,,
10:24,12.94414,12.801265,1.103781325,0.020413266,0.142875,0.142875,,,,,,
10:26,13.04215,12.82479,1.666596382,0.04724537,0.21736,0.21736,,,,,,
10:28,13.13685,12.907955,1.742388777,0.052392921,0.228895,0.228895,,,,,,
10:30,13.17217,12.97906,1.466045458,0.037291472,0.19311,0.19311,,,,,,
10:32,13.12303,12.93454,1.436329872,0.03552848,0.18849,0.18849,,,,,,
10:34,13.07871,12.9102,1.288429822,0.02839562,0.16851,0.16851,,,,,,
10:36,13.03583,12.887745,1.135984437,0.021929167,0.148085,0.148085,,,,,,
10:38,13.15179,12.972765,1.361221552,0.032049951,0.179025,0.179025,,,,,,
10:40,13.12398,12.961015,1.241734596,0.026557591,0.162965,0.162965,,,,,,
10:42,13.04795,12.906705,1.082507214,0.01995015,0.141245,0.141245,,,,,,
10:44,12.97866,12.87128,0.82735814,0.011530464,0.10738,0.10738,,,,,,
10:46,12.96564,12.847305,0.912681518,0.014003172,0.118335,0.118335,,,,,,
10:48,13.10599,12.920235,1.417329023,0.03450492,0.185755,0.185755,,,,,,
10:50,13.02108,12.849145,1.320435786,0.029561644,0.171935,0.171935,,,,,,
10:52,13.07354,12.897575,1.345962914,0.030963681,0.175965,0.175965,,,,,,
10:54,13.00423,12.83519,1.29988473,0.028574522,0.16904,0.16904,,,,,,
10:56,13.11609,12.90362,1.619918741,0.045143501,0.21247,0.21247,,,,,,
10:58,13.1853,12.974295,1.600304885,0.04452311,0.211005,0.211005,,,,,,
11:00,13.09669,12.926135,1.302275613,0.029089008,0.170555,0.170555,,,,,,
11:02,12.92568,12.785055,1.087950499,0.019775391,0.140625,0.140625,,,,,,
11:04,12.8602,12.730225,1.01067635,0.016893501,0.129975,0.129975,,,,,,
11:06,12.99758,12.798915,1.52847684,0.039467782,0.198665,0.198665,,,,,,
11:08,13.2616,13.03028,1.744284249,0.053508942,0.23132,0.23132,,,,,,
11:10,13.20796,13.037895,1.287594753,0.028922104,0.170065,0.170065,,,,,,
11:12,13.18142,13.00402,1.345833757,0.03147076,0.1774,0.1774,,,,,,
11:14,13.13986,12.97717,1.238141046,0.026468036,0.16269,0.16269,,,,,,
11:16,13.17037,13.01601,1.17202478,0.02382701,0.15436,0.15436,,,,,,
11:18,13.11166,12.97188,1.066074014,0.019538448,0.13978,0.13978,,,,,,
11:20,13.0295,12.914855,0.879887947,0.013143476,0.114645,0.114645,,,,,,
11:22,13.11094,12.9644,1.117692553,0.021473972,0.14654,0.14654,,,,,,
11:24,13.17668,13.01915,1.195521178,0.024815701,0.15753,0.15753,,,,,,
11:26,13.01836,12.9272,0.700241812,0.008310146,0.09116,0.09116,,,,,,
11:28,12.96828,12.858985,0.84278717,0.011945397,0.109295,0.109295,,,,,,
11:30,13.03962,12.94352,0.736984667,0.00923521,0.0961,0.0961,,,,,,
11:32,13.08959,12.985255,0.797083789,0.010885792,0.104335,0.104335,,,,,,
11:34,12.98128,12.897515,0.64527535,0.007016575,0.083765,0.083765,,,,,,
11:36,13.04298,12.95599,0.666948811,0.00756726,0.08699,0.08699,,,,,,
11:38,13.13544,13.054215,0.618365277,0.006597501,0.081225,0.081225,,,,,,
11:40,13.02861,12.995915,0.250947722,0.001068963,0.032695,0.032695,,,,,,
11:42,13.02738,12.964555,0.482253531,0.003946981,0.062825,0.062825,,,,,,
11:44,13.03167,12.99099,0.312162601,0.001654862,0.04068,0.04068,,,,,,
11:46,13.06588,12.99883,0.51316865,0.004495703,0.06705,0.06705,,,,,,
11:48,13.10002,13.04765,0.399770382,0.002742617,0.05237,0.05237,,,,,,
11:50,13.13117,13.074635,0.430540462,0.003196206,0.056535,0.056535,,,,,,
11:52,13.1236,13.07731,0.352723338,0.002142764,0.04629,0.04629,,,,,,
11:54,13.05219,13.03384,0.140589434,0.000336722,0.01835,0.01835,,,,,,
11:56,12.87702,12.936455,0.461558653,0.003532519,-0.059435,0.059435,,,,,,
11:58,13.0664,13.05466,0.089848772,0.000137828,0.01174,0.01174,,,,,,
12:00,13.09769,13.067585,0.229849691,0.000906311,0.030105,0.030105,,,,,,
12:02,13.22481,13.18129,0.329078452,0.00189399,0.04352,0.04352,,,,,,
12:04,13.20704,13.17011,0.279623595,0.001363825,0.03693,0.03693,,,,,,
12:06,13.11748,13.08866,0.219706834,0.000830592,0.02882,0.02882,,,,,,
12:08,13.10908,13.07854,0.232968294,0.000932692,0.03054,0.03054,,,,,,
12:10,13.05211,13.051185,0.007086977,8.56E-07,0.000925,0.000925,,,,,,
12:12,13.07267,13.09864,0.198658728,0.000674441,-0.02597,0.02597,,,,,,
12:14,13.02977,13.05568,0.19885232,0.000671328,-0.02591,0.02591,,,,,,
12:16,13.12448,13.081405,0.328203479,0.001855456,0.043075,0.043075,,,,,,
12:18,13.21678,13.18727,0.223276774,0.00087084,0.02951,0.02951,,,,,,
12:20,12.92103,13.02375,0.794983062,0.010551398,-0.10272,0.10272,,,,,,
12:22,12.98375,13.019955,0.278848561,0.001310802,-0.036205,0.036205,,,,,,
12:24,13.22984,13.20274,0.204839968,0.00073441,0.0271,0.0271,,,,,,
12:26,13.21111,13.19786,0.100294373,0.000175562,0.01325,0.01325,,,,,,
12:28,13.11424,13.13,0.120174711,0.000248378,-0.01576,0.01576,,,,,,
12:30,13.17322,13.17606,0.02155889,8.07E-06,-0.00284,0.00284,,,,,,
12:32,13.09674,13.132485,0.272930516,0.001277705,-0.035745,0.035745,,,,,,
12:34,13.06785,13.089975,0.169308647,0.000489516,-0.022125,0.022125,,,,,,
12:36,13.13898,13.075815,0.480745081,0.003989817,0.063165,0.063165,,,,,,
12:38,12.97854,13.0226,0.339483486,0.001941284,-0.04406,0.04406,,,,,,
12:40,13.04292,13.070715,0.213104121,0.000772562,-0.027795,0.027795,,,,,,
12:42,12.96788,13.03801,0.540797725,0.004918217,-0.07013,0.07013,,,,,,
12:44,12.92294,12.98518,0.481624151,0.003873818,-0.06224,0.06224,,,,,,
12:46,12.97337,13.01996,0.359120259,0.002170628,-0.04659,0.04659,,,,,,
12:48,12.92345,13.00967,0.667159311,0.007433888,-0.08622,0.08622,,,,,,
12:50,13.12449,13.106505,0.137033896,0.00032346,0.017985,0.017985,,,,,,
12:52,13.04239,13.071245,0.221240125,0.000832611,-0.028855,0.028855,,,,,,
12:54,12.94222,13.04106,0.763702054,0.009769346,-0.09884,0.09884,,,,,,
12:56,13.08505,13.094915,0.075391382,9.73E-05,-0.009865,0.009865,,,,,,
12:58,12.96531,13.041355,0.586526662,0.005782842,-0.076045,0.076045,,,,,,
13:00,12.89802,13.012805,0.889942797,0.013175596,-0.114785,0.114785,,,,,,
13:02,12.92914,13.025445,0.744867795,0.009274653,-0.096305,0.096305,,,,,,
13:04,12.98723,13.054695,0.51947182,0.004551526,-0.067465,0.067465,,,,,,
13:06,13.01079,13.06833,0.442248319,0.003310852,-0.05754,0.05754,,,,,,
13:08,13.02606,13.080105,0.414899056,0.002920862,-0.054045,0.054045,,,,,,
13:10,13.00339,13.072205,0.529208153,0.004735504,-0.068815,0.068815,,,,,,
13:12,13.14833,13.12787,0.155609115,0.000418612,0.02046,0.02046,,,,,,
13:14,13.10419,13.10511,0.007020655,8.46E-07,-0.00092,0.00092,,,,,,
13:16,13.00435,13.06808,0.490066785,0.004061513,-0.06373,0.06373,,,,,,
13:18,12.94118,13.04149,0.775122516,0.010062096,-0.10031,0.10031,,,,,,
13:20,12.52287,12.849455,2.60790857,0.106657762,-0.326585,0.326585,,,,,,
13:22,12.71884,12.926485,1.632578128,0.043116446,-0.207645,0.207645,,,,,,
13:24,12.72827,12.925915,1.552803327,0.039063546,-0.197645,0.197645,,,,,,
13:26,12.60148,12.862885,2.074399198,0.068332574,-0.261405,0.261405,,,,,,
13:28,12.72667,12.891515,1.295272055,0.027173874,-0.164845,0.164845,,,,,,
13:30,12.69534,12.873585,1.404019113,0.03177128,-0.178245,0.178245,,,,,,
13:32,12.97714,13.016305,0.301799934,0.001533897,-0.039165,0.039165,,,,,,
13:34,12.88481,12.991045,0.824497994,0.011285875,-0.106235,0.106235,,,,,,
13:36,12.76222,12.89954,1.075988347,0.018856782,-0.13732,0.13732,,,,,,
13:38,12.79654,12.930895,1.049932247,0.018051266,-0.134355,0.134355,,,,,,
13:40,12.82764,12.96419,1.064498224,0.018645902,-0.13655,0.13655,,,,,,
13:42,12.85932,12.98435,0.972290914,0.015632501,-0.12503,0.12503,,,,,,
13:44,12.81269,12.97265,1.248449779,0.025587202,-0.15996,0.15996,,,,,,
13:46,12.75057,12.93971,1.483384664,0.03577394,-0.18914,0.18914,,,,,,
13:48,12.80086,12.954415,1.199567842,0.023579138,-0.153555,0.153555,,,,,,
13:50,12.811,12.965735,1.207829209,0.02394292,-0.154735,0.154735,,,,,,
13:52,12.71277,12.930455,1.712333347,0.047386759,-0.217685,0.217685,,,,,,
13:54,12.6572,12.890735,1.84507632,0.054538596,-0.233535,0.233535,,,,,,
13:56,12.45091,12.700375,2.003588493,0.062232786,-0.249465,0.249465,,,,,,
13:58,12.32161,12.54367,1.80219955,0.049310644,-0.22206,0.22206,,,,,,
14:00,12.27015,12.50248,1.893456885,0.053977229,-0.23233,0.23233,,,,,,
14:02,12.36982,12.551565,1.469261477,0.033031245,-0.181745,0.181745,,,,,,
14:04,12.29605,12.49998,1.658500087,0.041587445,-0.20393,0.20393,,,,,,
14:06,12.48212,12.62751,1.16478611,0.021138252,-0.14539,0.14539,,,,,,
14:08,12.24207,12.46937,1.856712141,0.05166529,-0.2273,0.2273,,,,,,
14:10,12.4261,12.556525,1.049605266,0.017010681,-0.130425,0.130425,,,,,,
14:12,12.50698,12.652105,1.160352059,0.021061266,-0.145125,0.145125,,,,,,
14:14,12.58914,12.725865,1.086055124,0.018693726,-0.136725,0.136725,,,,,,
14:16,12.45095,12.575855,1.003176464,0.015601259,-0.124905,0.124905,,,,,,
14:18,12.52838,12.651515,0.982848541,0.015162228,-0.123135,0.123135,,,,,,
14:20,12.47897,12.625945,1.1777815,0.021601651,-0.146975,0.146975,,,,,,
14:22,12.55695,12.7052,1.18062109,0.021978062,-0.14825,0.14825,,,,,,
14:24,12.51746,12.672845,1.241346088,0.024144498,-0.155385,0.155385,,,,,,
14:26,12.52147,12.676555,1.238552662,0.024051357,-0.155085,0.155085,,,,,,
14:28,12.35513,12.55856,1.646522538,0.041383765,-0.20343,0.20343,,,,,,
14:30,12.67176,12.764885,0.734901861,0.008672266,-0.093125,0.093125,,,,,,
14:32,12.33299,12.5673,1.899863699,0.054901176,-0.23431,0.23431,,,,,,
14:34,12.46099,12.63368,1.385844945,0.029821836,-0.17269,0.17269,,,,,,
14:36,12.57264,12.718595,1.160893814,0.021302862,-0.145955,0.145955,,,,,,
14:38,12.33796,12.5678,1.86286874,0.052826426,-0.22984,0.22984,,,,,,
14:40,12.44738,12.61975,1.384789409,0.029711417,-0.17237,0.17237,,,,,,
14:42,12.52605,12.650665,0.994846739,0.015528898,-0.124615,0.124615,,,,,,
14:44,12.34871,12.532015,1.484406063,0.033600723,-0.183305,0.183305,,,,,,
14:46,12.38393,12.554595,1.37811664,0.029126542,-0.170665,0.170665,,,,,,
14:48,12.42209,12.60724,1.490489926,0.034280522,-0.18515,0.18515,,,,,,
14:50,12.42537,12.58338,1.271672393,0.02496716,-0.15801,0.15801,,,,,,
14:52,12.33565,12.53692,1.63161244,0.040509613,-0.20127,0.20127,,,,,,
14:54,12.38994,12.597875,1.678256715,0.043236964,-0.207935,0.207935,,,,,,
14:56,12.39222,12.628185,1.904138242,0.055679481,-0.235965,0.235965,,,,,,
14:58,12.39419,12.61361,1.770345622,0.048145136,-0.21942,0.21942,,,,,,
15:00,12.39035,12.586755,1.585144891,0.038574924,-0.196405,0.196405,,,,,,
15:02,12.52317,12.6879,1.315401771,0.027135973,-0.16473,0.16473,,,,,,
15:04,12.68475,12.84339,1.250635606,0.02516665,-0.15864,0.15864,,,,,,
15:06,12.61359,12.79484,1.436942219,0.032851563,-0.18125,0.18125,,,,,,
15:08,12.47194,12.663335,1.534604881,0.036632046,-0.191395,0.191395,,,,,,
15:10,12.41558,12.60548,1.529529833,0.03606201,-0.1899,0.1899,,,,,,
15:12,12.45124,12.598675,1.184098933,0.021737079,-0.147435,0.147435,,,,,,
15:14,12.31777,12.511165,1.570048799,0.037401626,-0.193395,0.193395,,,,,,
15:16,12.47458,12.616605,1.138515285,0.020171101,-0.142025,0.142025,,,,,,
15:18,12.47855,12.67148,1.546093096,0.037221985,-0.19293,0.19293,,,,,,
15:20,12.44413,12.62541,1.456751095,0.032862438,-0.18128,0.18128,,,,,,
15:22,12.47006,12.634875,1.321685702,0.027163984,-0.164815,0.164815,,,,,,
15:24,12.59163,12.690585,0.785879191,0.009792092,-0.098955,0.098955,,,,,,
15:26,12.55467,12.702085,1.174184586,0.021731182,-0.147415,0.147415,,,,,,
15:28,12.33038,12.51845,1.525257129,0.035370325,-0.18807,0.18807,,,,,,
15:30,12.32903,12.5491,1.784974163,0.048430805,-0.22007,0.22007,,,,,,
15:32,12.40965,12.622095,1.711933858,0.045132878,-0.212445,0.212445,,,,,,
15:34,12.4605,12.63429,1.394727338,0.030202964,-0.17379,0.17379,,,,,,
15:36,12.18015,12.396195,1.773746629,0.046675442,-0.216045,0.216045,,,,,,
15:38,12.11967,12.28481,1.362578354,0.02727122,-0.16514,0.16514,,,,,,
15:40,12.11061,12.30559,1.609993221,0.0380172,-0.19498,0.19498,,,,,,
15:42,12.05659,12.26316,1.713336856,0.042671165,-0.20657,0.20657,,,,,,
15:44,12.14587,12.29687,1.243220947,0.022801,-0.151,0.151,,,,,,
15:46,12.13227,12.31812,1.531865018,0.034540223,-0.18585,0.18585,,,,,,
15:48,12.19213,12.381225,1.550959512,0.035756919,-0.189095,0.189095,,,,,,
15:50,12.37835,12.47656,0.793401382,0.009645204,-0.09821,0.09821,,,,,,
15:52,12.22983,12.3914,1.32111403,0.026104865,-0.16157,0.16157,,,,,,
15:54,12.18357,12.344925,1.324365518,0.026035436,-0.161355,0.161355,,,,,,
15:56,12.1519,12.33871,1.537290465,0.034897976,-0.18681,0.18681,,,,,,
15:58,12.10439,12.282635,1.472564912,0.03177128,-0.178245,0.178245,,,,,,
16:00,12.2591,12.399705,1.146943903,0.019769766,-0.140605,0.140605,,,,,,
16:02,12.2152,12.39011,1.431904512,0.030593508,-0.17491,0.17491,,,,,,
16:04,12.24158,12.366915,1.023846595,0.015708862,-0.125335,0.125335,,,,,,
16:06,12.23549,12.35896,1.009113652,0.015244841,-0.12347,0.12347,,,,,,
16:08,12.32221,12.43113,0.883932347,0.011863566,-0.10892,0.10892,,,,,,
16:10,12.26687,12.40636,1.13712789,0.01945746,-0.13949,0.13949,,,,,,
16:12,12.06425,12.22657,1.345462834,0.026347782,-0.16232,0.16232,,,,,,
16:14,12.07126,12.211515,1.161891965,0.019671465,-0.140255,0.140255,,,,,,
16:16,12.11588,12.25377,1.138093147,0.019013652,-0.13789,0.13789,,,,,,
16:18,12.11775,12.267335,1.234428834,0.022375672,-0.149585,0.149585,,,,,,
16:20,11.98865,12.1569,1.403410726,0.028308063,-0.16825,0.16825,,,,,,
16:22,11.89478,12.091285,1.652027192,0.038614215,-0.196505,0.196505,,,,,,
16:24,11.89258,12.10594,1.794059826,0.04552249,-0.21336,0.21336,,,,,,
16:26,11.66009,11.9388,2.390290298,0.077679264,-0.27871,0.27871,,,,,,
16:28,11.50674,11.80432,2.586136473,0.088553856,-0.29758,0.29758,,,,,,
16:30,11.30057,11.62069,2.832777462,0.102476814,-0.32012,0.32012,,,,,,
16:32,11.31207,11.59188,2.473552586,0.078293636,-0.27981,0.27981,,,,,,
16:34,11.36953,11.67225,2.662555092,0.091639398,-0.30272,0.30272,,,,,,
16:36,11.03255,11.372715,3.083285369,0.115712227,-0.340165,0.340165,,,,,,
16:38,10.79804,11.11687,2.952665484,0.101652569,-0.31883,0.31883,,,,,,
16:40,10.72469,11.022325,2.775231732,0.088586593,-0.297635,0.297635,,,,,,
16:42,10.6992,11.01513,2.952837595,0.099811765,-0.31593,0.31593,,,,,,
16:44,10.71424,10.96126,2.305529837,0.06101888,-0.24702,0.24702,,,,,,
16:46,10.47737,10.77469,2.837735042,0.088399182,-0.29732,0.29732,,,,,,
16:48,10.39202,10.65098,2.491912063,0.067060282,-0.25896,0.25896,,,,,,
16:50,10.47606,10.692965,2.070482605,0.047047779,-0.216905,0.216905,,,,,,
16:52,10.37545,10.615515,2.313779161,0.057631204,-0.240065,0.240065,,,,,,
16:54,10.43661,10.64597,2.006015363,0.04383161,-0.20936,0.20936,,,,,,
16:56,10.45518,10.69463,2.290252296,0.057336302,-0.23945,0.23945,,,,,,
16:58,10.57159,10.790405,2.069840015,0.047880004,-0.218815,0.218815,,,,,,
17:00,10.75811,10.91802,1.486413506,0.025571208,-0.15991,0.15991,,,,,,
17:02,10.79368,10.97765,1.704423329,0.033844961,-0.18397,0.18397,,,,,,
17:04,10.54528,10.81244,2.533455726,0.071374466,-0.26716,0.26716,,,,,,
17:06,10.72363,10.90045,1.648881955,0.031265312,-0.17682,0.17682,,,,,,
17:08,10.64113,10.88684,2.309059282,0.060373404,-0.24571,0.24571,,,,,,
17:10,10.81084,11.000445,1.753841515,0.035950056,-0.189605,0.189605,,,,,,
17:12,10.69809,10.945155,2.309430936,0.061041114,-0.247065,0.247065,,,,,,
17:14,10.75922,10.968805,1.947957194,0.043925872,-0.209585,0.209585,,,,,,
17:16,10.70576,10.929035,2.085559549,0.049851726,-0.223275,0.223275,,,,,,
17:18,10.69228,10.87954,1.751357054,0.035066308,-0.18726,0.18726,,,,,,
17:20,10.69073,10.905235,2.006457931,0.046012395,-0.214505,0.214505,,,,,,
17:22,10.66363,10.90201,2.235448904,0.056825024,-0.23838,0.23838,,,,,,
17:24,10.86085,11.049025,1.732599198,0.035409831,-0.188175,0.188175,,,,,,
17:26,10.85743,11.06326,1.895752494,0.042365989,-0.20583,0.20583,,,,,,
17:28,10.85669,11.038125,1.671181548,0.032918659,-0.181435,0.181435,,,,,,
17:30,10.67833,10.898725,2.063946329,0.048573956,-0.220395,0.220395,,,,,,
17:32,10.64931,10.84134,1.80321542,0.036875521,-0.19203,0.19203,,,,,,
17:34,10.67524,10.86374,1.765768264,0.03553225,-0.1885,0.1885,,,,,,
17:36,10.58316,10.797,2.020568526,0.045727546,-0.21384,0.21384,,,,,,
17:38,10.6228,10.840185,2.046400196,0.047256238,-0.217385,0.217385,,,,,,
17:40,10.6086,10.84349,2.214147013,0.055173312,-0.23489,0.23489,,,,,,
17:42,10.79756,10.969285,1.59040561,0.029489476,-0.171725,0.171725,,,,,,
17:44,10.94013,11.121085,1.654047987,0.032744712,-0.180955,0.180955,,,,,,
17:46,10.72454,10.97811,2.364390454,0.064297745,-0.25357,0.25357,,,,,,
17:48,10.68457,10.92546,2.254559613,0.058027992,-0.24089,0.24089,,,,,,
17:50,10.50849,10.73091,2.116574313,0.049470656,-0.22242,0.22242,,,,,,
17:52,10.415,10.60251,1.800384061,0.03516,-0.18751,0.18751,,,,,,
17:54,10.31028,10.515685,1.992234934,0.042191214,-0.205405,0.205405,,,,,,
17:56,10.47766,10.614105,1.302246876,0.018617238,-0.136445,0.136445,,,,,,
17:58,10.35548,10.54239,1.804938062,0.034935348,-0.18691,0.18691,,,,,,
18:00,10.39907,10.55245,1.474939586,0.023525424,-0.15338,0.15338,,,,,,
18:02,10.47333,10.604565,1.253039864,0.017222625,-0.131235,0.131235,,,,,,
18:04,10.43578,10.580355,1.385377998,0.020901931,-0.144575,0.144575,,,,,,
18:06,10.40641,10.586565,1.731192601,0.032455824,-0.180155,0.180155,,,,,,
18:08,10.42948,10.60142,1.648596095,0.029563364,-0.17194,0.17194,,,,,,
18:10,10.41007,10.540675,1.254602515,0.017057666,-0.130605,0.130605,,,,,,
18:12,10.36166,10.487635,1.215780097,0.015869701,-0.125975,0.125975,,,,,,
18:14,10.33584,10.468685,1.285284989,0.017647794,-0.132845,0.132845,,,,,,
18:16,10.27777,10.42808,1.462476782,0.022593096,-0.15031,0.15031,,,,,,
18:18,10.3191,10.442015,1.1911407,0.015108097,-0.122915,0.122915,,,,,,
18:20,10.16259,10.326595,1.613811046,0.02689764,-0.164005,0.164005,,,,,,
18:22,10.39513,10.44493,0.479070488,0.00248004,-0.0498,0.0498,,,,,,
18:24,10.48429,10.528995,0.42639988,0.001998537,-0.044705,0.044705,,,,,,
18:26,10.39941,10.52829,1.239301076,0.016610054,-0.12888,0.12888,,,,,,
18:28,10.22957,10.39879,1.65422398,0.028635408,-0.16922,0.16922,,,,,,
18:30,10.36657,10.471405,1.011279526,0.010990377,-0.104835,0.104835,,,,,,
18:32,10.4104,10.487595,0.741518097,0.005959068,-0.077195,0.077195,,,,,,
18:34,10.31145,10.44549,1.299914173,0.017966722,-0.13404,0.13404,,,,,,
18:36,10.29701,10.45307,1.515585592,0.024354724,-0.15606,0.15606,,,,,,
18:38,10.37691,10.490715,1.096713762,0.012951578,-0.113805,0.113805,,,,,,
18:40,10.31417,10.455185,1.367196779,0.01988523,-0.141015,0.141015,,,,,,
18:42,10.26022,10.401525,1.377212185,0.019967103,-0.141305,0.141305,,,,,,
18:44,10.34974,10.46072,1.072297468,0.01231656,-0.11098,0.11098,,,,,,
18:46,10.37528,10.49601,1.163631247,0.014575733,-0.12073,0.12073,,,,,,
18:48,10.43701,10.527295,0.865046599,0.008151381,-0.090285,0.090285,,,,,,
18:50,10.39821,10.50561,1.032870081,0.01153476,-0.1074,0.1074,,,,,,
18:52,10.30749,10.435,1.237061593,0.0162588,-0.12751,0.12751,,,,,,
18:54,10.34287,10.439555,0.934798562,0.009347989,-0.096685,0.096685,,,,,,
18:56,10.38134,10.49206,1.066528984,0.012258918,-0.11072,0.11072,,,,,,
18:58,10.43491,10.542145,1.027656204,0.011499345,-0.107235,0.107235,,,,,,
19:00,10.29775,10.4491,1.469738535,0.022906822,-0.15135,0.15135,,,,,,
19:02,10.3326,10.452335,1.158808044,0.01433647,-0.119735,0.119735,,,,,,
19:04,10.33427,10.462515,1.240968157,0.01644678,-0.128245,0.128245,,,,,,
19:06,10.36515,10.489095,1.195785879,0.015362363,-0.123945,0.123945,,,,,,
19:08,10.41978,10.510095,0.866764941,0.008156799,-0.090315,0.090315,,,,,,
19:10,10.33468,10.443035,1.048460136,0.011740806,-0.108355,0.108355,,,,,,
19:12,10.3688,10.47287,1.003684129,0.010830565,-0.10407,0.10407,,,,,,
19:14,10.32202,10.46345,1.370177543,0.020002445,-0.14143,0.14143,,,,,,
19:16,10.30572,10.438985,1.293116832,0.01775956,-0.133265,0.133265,,,,,,
19:18,10.40244,10.491585,0.856962405,0.007946831,-0.089145,0.089145,,,,,,
19:20,10.40636,10.531875,1.206137401,0.015754015,-0.125515,0.125515,,,,,,
19:22,10.42509,10.539985,1.102100797,0.013200861,-0.114895,0.114895,,,,,,
19:24,10.43968,10.531495,0.87948098,0.008429994,-0.091815,0.091815,,,,,,
19:26,10.46553,10.538465,0.696906893,0.005319514,-0.072935,0.072935,,,,,,
19:28,10.45555,10.54447,0.850457413,0.007906766,-0.08892,0.08892,,,,,,
19:30,10.27546,10.433935,1.542266721,0.025114326,-0.158475,0.158475,,,,,,
19:32,10.3051,10.425325,1.166655345,0.014454051,-0.120225,0.120225,,,,,,
19:34,10.36105,10.462515,0.979292639,0.010295146,-0.101465,0.101465,,,,,,
19:36,10.31878,10.441025,1.184684624,0.01494384,-0.122245,0.122245,,,,,,
19:38,10.29872,10.42018,1.179369863,0.014752532,-0.12146,0.12146,,,,,,
19:40,10.36251,10.460125,0.942001503,0.009528688,-0.097615,0.097615,,,,,,
19:42,10.2654,10.398105,1.292740663,0.017610617,-0.132705,0.132705,,,,,,
19:44,10.29589,10.39858,0.997388278,0.010545236,-0.10269,0.10269,,,,,,
19:46,10.36011,10.438025,0.752067304,0.006070747,-0.077915,0.077915,,,,,,
19:48,10.37874,10.456785,0.751969892,0.006091022,-0.078045,0.078045,,,,,,
19:50,10.34799,10.460655,1.088762165,0.012693402,-0.112665,0.112665,,,,,,
19:52,10.43787,10.508985,0.681317165,0.005057343,-0.071115,0.071115,,,,,,
19:54,10.41963,10.50996,0.866921378,0.008159509,-0.09033,0.09033,,,,,,
19:56,10.30222,10.428965,1.230268816,0.016064295,-0.126745,0.126745,,,,,,
19:58,10.24685,10.36267,1.13029858,0.013414272,-0.11582,0.11582,,,,,,
20:00,10.33934,10.463745,1.203219935,0.015476604,-0.124405,0.124405,,,,,,
20:02,10.41021,10.564935,1.486281257,0.023939826,-0.154725,0.154725,,,,,,
20:04,10.4265,10.555885,1.240924567,0.016740478,-0.129385,0.129385,,,,,,
20:06,10.34592,10.472195,1.220529445,0.015945376,-0.126275,0.126275,,,,,,
20:08,10.37117,10.485665,1.103973804,0.013109105,-0.114495,0.114495,,,,,,
20:10,10.28703,10.43667,1.45464726,0.02239213,-0.14964,0.14964,,,,,,
20:12,10.38682,10.471985,0.819933339,0.007253077,-0.085165,0.085165,,,,,,
20:14,10.60373,10.69075,0.820654619,0.00757248,-0.08702,0.08702,,,,,,
20:16,10.88795,10.979385,0.839781593,0.008360359,-0.091435,0.091435,,,,,,
20:18,11.05786,11.15329,0.863006043,0.009106885,-0.09543,0.09543,,,,,,
20:20,10.80992,11.012995,1.878598547,0.041239456,-0.203075,0.203075,,,,,,
20:22,10.79896,10.979335,1.670299733,0.032535141,-0.180375,0.180375,,,,,,
20:24,10.79632,10.95956,1.51199668,0.026647298,-0.16324,0.16324,,,,,,
20:26,10.54564,10.78452,2.265201543,0.057063654,-0.23888,0.23888,,,,,,
20:28,10.56252,10.800425,2.252350765,0.056598789,-0.237905,0.237905,,,,,,
20:30,10.62034,10.816765,1.849517059,0.038582781,-0.196425,0.196425,,,,,,
20:32,10.67564,10.859575,1.722941201,0.033832084,-0.183935,0.183935,,,,,,
20:34,10.69118,10.867985,1.653746359,0.031260008,-0.176805,0.176805,,,,,,
20:36,10.56467,10.765295,1.899018143,0.040250391,-0.200625,0.200625,,,,,,
20:38,10.76278,10.91664,1.429556304,0.0236729,-0.15386,0.15386,,,,,,
20:40,11.22357,11.37294,1.330859967,0.022311397,-0.14937,0.14937,,,,,,
20:42,11.60206,11.78446,1.572134604,0.03326976,-0.1824,0.1824,,,,,,
20:44,11.4891,11.75926,2.351446153,0.072986426,-0.27016,0.27016,,,,,,
20:46,11.47081,11.713965,2.119771838,0.059124354,-0.243155,0.243155,,,,,,
20:48,11.43448,11.662505,1.994187755,0.051995401,-0.228025,0.228025,,,,,,
20:50,11.19239,11.462595,2.414184995,0.073010742,-0.270205,0.270205,,,,,,
20:52,11.10719,11.334395,2.045566881,0.051622112,-0.227205,0.227205,,,,,,
20:54,11.09059,11.300335,1.891197853,0.043992965,-0.209745,0.209745,,,,,,
20:56,11.10406,11.321655,1.959598561,0.047347584,-0.217595,0.217595,,,,,,
20:58,11.16225,11.3713,1.872830299,0.043701902,-0.20905,0.20905,,,,,,
21:00,11.16949,11.4013,2.075385716,0.053735876,-0.23181,0.23181,,,,,,
21:02,11.22607,11.462545,2.106480719,0.055920426,-0.236475,0.236475,,,,,,
21:04,11.19745,11.437595,2.144640074,0.057669621,-0.240145,0.240145,,,,,,
21:06,11.11297,11.347675,2.111991664,0.055086437,-0.234705,0.234705,,,,,,
21:08,11.12992,11.33049,1.80207944,0.040228325,-0.20057,0.20057,,,,,,
21:10,11.277,11.449845,1.532721468,0.029875394,-0.172845,0.172845,,,,,,
21:12,11.32339,11.531445,1.837391453,0.043286883,-0.208055,0.208055,,,,,,
21:14,12.087,12.1493,0.515429801,0.00388129,-0.0623,0.0623,,,,,,
21:16,12.28638,12.42371,1.11774176,0.018859529,-0.13733,0.13733,,,,,,
21:18,12.41814,12.558245,1.128228543,0.019629411,-0.140105,0.140105,,,,,,
21:20,12.5339,12.659535,1.002361595,0.015784153,-0.125635,0.125635,,,,,,
21:22,12.28391,12.50994,1.8400493,0.051089561,-0.22603,0.22603,,,,,,
21:24,12.19798,12.39553,1.619530447,0.039026003,-0.19755,0.19755,,,,,,
21:26,12.0983,12.32416,1.866873858,0.05101274,-0.22586,0.22586,,,,,,
21:28,12.0274,12.292055,2.200434009,0.070042269,-0.264655,0.264655,,,,,,
21:30,12.01527,12.24898,1.945108183,0.054620364,-0.23371,0.23371,,,,,,
21:32,12.01094,12.208395,1.64395959,0.038988477,-0.197455,0.197455,,,,,,
21:34,11.81606,12.08512,2.27707036,0.072393284,-0.26906,0.26906,,,,,,
21:36,11.74759,12.01171,2.248290926,0.069759374,-0.26412,0.26412,,,,,,
21:38,11.66937,11.9266,2.2043178,0.066167273,-0.25723,0.25723,,,,,,
21:40,11.83184,12.043925,1.792493813,0.044980047,-0.212085,0.212085,,,,,,
21:42,11.76864,12.02013,2.136950404,0.06324722,-0.25149,0.25149,,,,,,
21:44,11.82546,12.02754,1.7088553,0.040836326,-0.20208,0.20208,,,,,,
21:46,11.803,12.047035,2.067567568,0.059553081,-0.244035,0.244035,,,,,,
21:48,11.78094,12.039025,2.190699554,0.066607867,-0.258085,0.258085,,,,,,
21:50,11.835,12.054455,1.854288128,0.048160497,-0.219455,0.219455,,,,,,
21:52,11.59057,11.882285,2.516830492,0.085097641,-0.291715,0.291715,,,,,,
21:54,11.51432,11.807575,2.546872069,0.085998495,-0.293255,0.293255,,,,,,
21:56,11.61553,11.88514,2.321116643,0.072689552,-0.26961,0.26961,,,,,,
21:58,11.51346,11.81801,2.645164877,0.092750702,-0.30455,0.30455,,,,,,
22:00,11.63925,11.83978,1.722877333,0.040212281,-0.20053,0.20053,,,,,,
22:02,11.65716,11.92018,2.256295702,0.06917952,-0.26302,0.26302,,,,,,
22:04,11.79539,12.040115,2.074751238,0.059890326,-0.244725,0.244725,,,,,,
22:06,12.05872,12.185445,1.050899266,0.016059226,-0.126725,0.126725,,,,,,
22:08,11.89529,12.136615,2.02874415,0.058237756,-0.241325,0.241325,,,,,,
22:10,11.74996,12.017925,2.280560955,0.071805241,-0.267965,0.267965,,,,,,
22:12,11.64548,11.90475,2.226357351,0.067220933,-0.25927,0.25927,,,,,,
22:14,11.75559,11.9666,1.794975837,0.04452522,-0.21101,0.21101,,,,,,
22:16,11.6395,11.90586,2.288414451,0.07094765,-0.26636,0.26636,,,,,,
22:18,11.79805,12.017435,1.859502206,0.048129778,-0.219385,0.219385,,,,,,
22:20,11.75356,11.952045,1.688722396,0.039396295,-0.198485,0.198485,,,,,,
22:22,11.80745,12.00664,1.686985759,0.039676656,-0.19919,0.19919,,,,,,
22:24,11.85019,12.075755,1.90347159,0.050879569,-0.225565,0.225565,,,,,,
22:26,11.79851,12.028535,1.949610586,0.052911501,-0.230025,0.230025,,,,,,
22:28,11.81605,12.04406,1.929663466,0.05198856,-0.22801,0.22801,,,,,,
22:30,11.75425,11.9907,2.011612821,0.055908602,-0.23645,0.23645,,,,,,
22:32,11.82425,12.02289,1.679937417,0.03945785,-0.19864,0.19864,,,,,,
22:34,11.8879,12.06246,1.468383819,0.030471194,-0.17456,0.17456,,,,,,
22:36,11.98704,12.17903,1.601646445,0.03686016,-0.19199,0.19199,,,,,,
22:38,11.77371,12.047275,2.323524191,0.074837809,-0.273565,0.273565,,,,,,
22:40,11.79759,12.052105,2.15734739,0.064777885,-0.254515,0.254515,,,,,,
22:42,11.85353,12.087375,1.972787853,0.054683484,-0.233845,0.233845,,,,,,
22:44,11.81591,12.05285,2.005262396,0.056140564,-0.23694,0.23694,,,,,,
22:46,11.91772,12.089255,1.439327321,0.029424256,-0.171535,0.171535,,,,,,
22:48,11.95336,12.10972,1.308084087,0.02444845,-0.15636,0.15636,,,,,,
22:50,11.93758,12.11233,1.463864535,0.030537562,-0.17475,0.17475,,,,,,
22:52,11.89673,12.079045,1.532479934,0.033238759,-0.182315,0.182315,,,,,,
22:54,11.95593,12.13465,1.494823071,0.031940838,-0.17872,0.17872,,,,,,
22:56,11.9592,12.17796,1.829219346,0.047855938,-0.21876,0.21876,,,,,,
22:58,12.02444,12.220095,1.627144383,0.038280879,-0.195655,0.195655,,,,,,
23:00,12.19169,12.317005,1.027872264,0.015703849,-0.125315,0.125315,,,,,,
23:02,12.29803,12.42028,0.994061651,0.014945062,-0.12225,0.12225,,,,,,
23:04,12.37528,12.467865,0.748144688,0.008571982,-0.092585,0.092585,,,,,,
23:06,12.25223,12.377335,1.021079428,0.015651261,-0.125105,0.125105,,,,,,
23:08,12.33924,12.44376,0.847053789,0.01092443,-0.10452,0.10452,,,,,,
23:10,12.36665,12.45471,0.712076431,0.007754564,-0.08806,0.08806,,,,,,
23:12,12.40861,12.461955,0.429903108,0.002845689,-0.053345,0.053345,,,,,,
23:14,12.43884,12.49518,0.452936126,0.003174196,-0.05634,0.05634,,,,,,
23:16,12.35626,12.449955,0.758279609,0.008778753,-0.093695,0.093695,,,,,,
23:18,12.28529,12.39165,0.865750829,0.01131245,-0.10636,0.10636,,,,,,
23:20,12.38169,12.440675,0.476388926,0.00347923,-0.058985,0.058985,,,,,,
23:22,12.33392,12.40757,0.597133758,0.005424322,-0.07365,0.07365,,,,,,
23:24,12.24629,12.36018,0.929995942,0.012970932,-0.11389,0.11389,,,,,,
23:26,12.29056,12.379635,0.724743218,0.007934356,-0.089075,0.089075,,,,,,
23:28,12.32792,12.389815,0.50207172,0.003830991,-0.061895,0.061895,,,,,,
23:30,12.38655,12.46937,0.668628472,0.006859152,-0.08282,0.08282,,,,,,
23:32,12.45833,12.51137,0.425739244,0.002813242,-0.05304,0.05304,,,,,,
23:34,12.45403,12.51437,0.484501804,0.003640916,-0.06034,0.06034,,,,,,
23:36,12.47241,12.55322,0.647910067,0.006530256,-0.08081,0.08081,,,,,,
23:38,12.6852,12.6964,0.088291868,0.00012544,-0.0112,0.0112,,,,,,
23:40,12.5983,12.635245,0.293253852,0.001364933,-0.036945,0.036945,,,,,,
23:42,12.33059,12.423735,0.755397755,0.008675991,-0.093145,0.093145,,,,,,
23:44,12.32984,12.3692,0.319225554,0.00154921,-0.03936,0.03936,,,,,,
23:46,12.39538,12.41373,0.148039027,0.000336722,-0.01835,0.01835,,,,,,
23:48,12.50143,12.515165,0.109867431,0.00018865,-0.013735,0.013735,,,,,,
23:50,12.56672,12.56072,0.047745155,3.60E-05,0.006,0.006,,,,,,
23:52,12.56672,12.557535,0.073089875,8.44E-05,0.009185,0.009185,,,,,,
23:54,12.56672,12.55749,0.073447964,8.52E-05,0.00923,0.00923,,,,,,
23:56,12.56672,12.55745,0.073766265,8.59E-05,0.00927,0.00927,,,,,,
23:58,12.56672,12.5574,0.074164141,8.69E-05,0.00932,0.00932,,,,,,
