time,Actual,Simulation,Savings,0.446035222,7.804575441
0:00,4.81546,4.81546,0,-9.2159,4.81546
0:02,5.24449,5.24449,0,8.714030211,5.24449
0:04,5.0443,5.0443,0,8.885846822,5.0443
0:06,5.03491,5.03491,0,8.916482571,5.03491
0:08,5.02848,5.02848,0,9.556509588,5.02848
0:10,5.02264,5.02264,0,9.17387727,5.02264
0:12,5.01711,5.01711,0,9.76444749,5.01711
0:14,5.01273,5.01273,0,9.551079499,5.01273
0:16,5.01065,5.01065,0,8.709100636,5.01065
0:18,5.01093,5.01093,0,16.65359752,5.01093
0:20,5.01293,5.01293,0,7.043657889,5.01293
0:22,5.01598,5.01598,0,8.294074079,5.01598
0:24,5.01952,5.01952,0,6.854811886,5.01952
0:26,5.02318,5.02318,0,8.630228772,5.02318
0:28,5.02672,5.02672,0,8.724943843,5.02672
0:30,5.02749,5.02749,0,8.76841548,5.02749
0:32,5.02721,5.02721,0,8.824600757,5.02721
0:34,5.02571,5.02571,0,8.737497289,5.02571
0:36,5.02244,5.02244,0,9.167698147,5.02244
0:38,5.01789,5.01789,0,8.567073788,5.01789
0:40,5.01255,5.01255,0,9.258565147,5.01255
0:42,5.00655,5.00655,0,8.790355602,5.00655
0:44,5.00003,5.00003,0,8.315633616,5.00003
0:46,4.99316,4.99316,0,8.19262097,4.99316
0:48,4.9861,4.9861,0,8.456947606,4.9861
0:50,4.97896,4.97896,0,8.743207374,4.97896
0:52,4.97168,4.97168,0,8.503267573,4.97168
0:54,4.96432,4.96432,0,8.637893314,4.96432
0:56,4.95689,4.95689,0,8.14195972,4.95689
0:58,4.94945,4.94945,0,9.260804443,4.94945
1:00,4.94529,4.94529,0,8.498181099,4.94529
1:02,4.94294,4.94294,0,8.762993888,4.94294
1:04,4.94278,4.94278,0,9.006380633,4.94278
1:06,4.94489,4.94489,0,8.662610197,4.94489
1:08,4.94865,4.94865,0,8.584188677,4.94865
1:10,4.95339,4.95339,0,9.077922479,4.95339
1:12,4.95859,4.95859,0,8.776963356,4.95859
1:14,4.96389,4.96389,0,8.551835313,4.96389
1:16,4.96904,4.96904,0,8.645808042,4.96904
1:18,4.97371,4.97371,0,8.689965285,4.97371
1:20,4.97763,4.97763,0,9.219653626,4.97763
1:22,4.98028,4.98028,0,8.960591285,4.98028
1:24,4.98117,4.98117,0,8.359424677,4.98117
1:26,4.98077,4.98077,0,9.189480549,4.98077
1:28,4.97957,4.97957,0,8.93164892,4.97957
1:30,4.97766,4.97766,0,8.739643248,4.97766
1:32,4.97534,4.97534,0,8.714506952,4.97534
1:34,4.97268,4.97268,0,9.088275071,4.97268
1:36,4.96982,4.96982,0,8.885066477,4.96982
1:38,4.97198,4.97198,0,8.789540558,4.97198
1:40,4.9736,4.9736,0,9.001312836,4.9736
1:42,4.97169,4.97169,0,8.467683196,4.97169
1:44,4.96893,4.96893,0,8.516502546,4.96893
1:46,4.96608,4.96608,0,8.90174583,4.96608
1:48,4.96321,4.96321,0,8.813830064,4.96321
1:50,4.96055,4.96055,0,8.951619612,4.96055
1:52,4.95896,4.95896,0,8.462214314,4.95896
1:54,4.95959,4.95959,0,8.454099851,4.95959
1:56,4.9625,4.9625,0,9.074971385,4.9625
1:58,4.96706,4.96706,0,9.163932744,4.96706
2:00,4.97142,4.97142,0,8.930134442,4.97142
2:02,4.97667,4.97667,0,8.477375223,4.97667
2:04,4.98224,4.98224,0,8.631654345,4.98224
2:06,4.98769,4.98769,0,8.785986062,4.98769
2:08,4.99268,4.99268,0,8.602450293,4.99268
2:10,4.99695,4.99695,0,8.735615274,4.99695
2:12,4.99996,4.99996,0,8.626711222,4.99996
2:14,5.00122,5.00122,0,8.61177275,5.00122
2:16,5.00122,5.00122,0,9.265225184,5.00122
2:18,5.00043,5.00043,0,8.678921669,5.00043
2:20,4.99898,4.99898,0,9.054940881,4.99898
2:22,4.99704,4.99704,0,8.028619584,4.99704
2:24,4.99474,4.99474,0,8.973012154,4.99474
2:26,4.99225,4.99225,0,8.773061816,4.99225
2:28,4.98986,4.98986,0,8.896811118,4.98986
2:30,4.98502,4.98502,0,8.644031264,4.98502
2:32,4.97802,4.97802,0,8.547720551,4.97802
2:34,4.97054,4.97054,0,8.624010824,4.97054
2:36,4.96296,4.96296,0,9.075493873,4.96296
2:38,4.95533,4.95533,0,9.168553051,4.95533
2:40,4.9479,4.9479,0,8.997947897,4.9479
2:42,4.9415,4.9415,0,8.766047127,4.9415
2:44,4.93727,4.93727,0,8.500550826,4.93727
2:46,4.93528,4.93528,0,9.110513637,4.93528
2:48,4.93488,4.93488,0,8.514159618,4.93488
2:50,4.93543,4.93543,0,8.792476229,4.93543
2:52,4.93638,4.93638,0,8.608775602,4.93638
2:54,4.93738,4.93738,0,8.908948428,4.93738
2:56,4.93819,4.93819,0,8.566217146,4.93819
2:58,4.93847,4.93847,0,8.769526928,4.93847
3:00,4.9399,4.9399,0,8.576450515,4.9399
3:02,4.94063,4.94063,0,8.984126116,4.94063
3:04,4.93962,4.93962,0,9.018386432,4.93962
3:06,4.93731,4.93731,0,8.965671725,4.93731
3:08,4.93419,4.93419,0,8.772789416,4.93419
3:10,4.93037,4.93037,0,8.390926509,4.93037
3:12,4.92602,4.92602,0,8.943738676,4.92602
3:14,4.92126,4.92126,0,8.59279168,4.92126
3:16,4.91628,4.91628,0,8.99733182,4.91628
3:18,4.91134,4.91134,0,8.698057867,4.91134
3:20,4.90636,4.90636,0,8.799259685,4.90636
3:22,4.90119,4.90119,0,9.048546526,4.90119
3:24,4.89589,4.89589,0,9.176834798,4.89589
3:26,4.89049,4.89049,0,8.45584426,4.89049
3:28,4.88503,4.88503,0,8.805256211,4.88503
3:30,4.8803,4.8803,0,8.561355186,4.8803
3:32,4.87799,4.87799,0,8.749409705,4.87799
3:34,4.87819,4.87819,0,8.673573961,4.87819
3:36,4.88063,4.88063,0,8.762257729,4.88063
3:38,4.88471,4.88471,0,8.883779674,4.88471
3:40,4.88978,4.88978,0,9.072264498,4.88978
3:42,4.89532,4.89532,0,8.800563562,4.89532
3:44,4.90098,4.90098,0,8.488031974,4.90098
3:46,4.90653,4.90653,0,9.058624965,4.90653
3:48,4.91162,4.91162,0,8.797260774,4.91162
3:50,4.91603,4.91603,0,8.617006694,4.91603
3:52,4.91921,4.91921,0,8.901125222,4.91921
3:54,4.92068,4.92068,0,8.488400689,4.92068
3:56,4.92092,4.92092,0,8.847140872,4.92092
3:58,4.92041,4.92041,0,8.858878549,4.92041
4:00,4.91994,4.91994,0,8.808497086,4.91994
4:02,4.91848,4.91848,0,9.11973932,4.91848
4:04,4.91646,4.91646,0,8.905865104,4.91646
4:06,4.91424,4.91424,0,8.887660738,4.91424
4:08,4.91207,4.91207,0,8.956083889,4.91207
4:10,4.9099,4.9099,0,8.853387076,4.9099
4:12,4.90755,4.90755,0,8.634036688,4.90755
4:14,4.9051,4.9051,0,8.462234777,4.9051
4:16,4.90257,4.90257,0,8.753485214,4.90257
4:18,4.90001,4.90001,0,9.100488399,4.90001
4:20,4.89765,4.89765,0,8.587296705,4.89765
4:22,4.89632,4.89632,0,8.395436383,4.89632
4:24,4.89716,4.89716,0,8.53055566,4.89716
4:26,4.90024,4.90024,0,9.037715622,4.90024
4:28,4.90492,4.90492,0,8.72763971,4.90492
4:30,4.91077,4.91077,0,8.857531885,4.91077
4:32,4.91691,4.91691,0,8.960562548,4.91691
4:34,4.92308,4.92308,0,8.284663269,4.92308
4:36,4.9291,4.9291,0,8.665819785,4.9291
4:38,4.93463,4.93463,0,8.717235596,4.93463
4:40,4.93942,4.93942,0,8.488823704,4.93942
4:42,4.94295,4.94295,0,8.448242915,4.94295
4:44,4.94473,4.94473,0,8.9546208,4.94473
4:46,4.94522,4.94522,0,8.425618709,4.94522
4:48,4.94492,4.94492,0,8.728496699,4.94492
4:50,4.94393,4.94393,0,8.456770422,4.94393
4:52,4.94242,4.94242,0,9.214604985,4.94242
4:54,4.94052,4.94052,0,9.260643103,4.94052
4:56,4.93841,4.93841,0,8.826486414,4.93841
4:58,4.93635,4.93635,0,8.841820857,4.93635
5:00,4.9329,4.9329,0,8.433300939,4.9329
5:02,4.92878,4.92878,0,8.344544203,4.92878
5:04,4.9245,4.9245,0,8.623958437,4.9245
5:06,4.92013,4.92013,0,9.246082407,4.92013
5:08,4.91571,4.91571,0,9.226134179,4.91571
5:10,4.91149,4.91149,0,9.210406036,4.91149
5:12,4.90829,4.90829,0,8.578820819,4.90829
5:14,4.90725,4.90725,0,8.808048699,4.90725
5:16,4.90844,4.90844,0,8.593267615,4.90844
5:18,4.91122,4.91122,0,9.021272581,4.91122
5:20,4.91496,4.91496,0,8.26212085,4.91496
5:22,4.91913,4.91913,0,9.070099674,4.91913
5:24,4.92336,4.92336,0,9.32894122,4.92336
5:26,4.92744,4.92744,0,8.463102162,4.92744
5:28,4.931,4.931,0,8.843987193,4.931
5:30,4.93375,4.93375,0,8.728255769,4.93375
5:32,4.93529,4.93529,0,8.681344396,4.93529
5:34,4.9351,4.9351,0,8.554370499,4.9351
5:36,4.93362,4.93362,0,9.236632935,4.93362
5:38,4.93134,4.93134,0,8.977320815,4.93134
5:40,4.92837,4.92837,0,8.667364817,4.92837
5:42,4.92488,4.92488,0,8.751036387,4.92488
5:44,4.921,4.921,0,8.766551053,4.921
5:46,4.91691,4.91691,0,8.960040355,4.91691
5:48,4.91286,4.91286,0,8.795333875,4.91286
5:50,4.90879,4.90879,0,8.768769185,4.90879
5:52,4.90454,4.90454,0,8.991487921,4.90454
5:54,4.90018,4.90018,0,8.608580905,4.90018
5:56,4.89572,4.89572,0,8.802215984,4.89572
5:58,4.89122,4.89122,0,8.668647349,4.89122
6:00,4.88922,4.88922,0,8.929498558,4.88922
6:02,4.88872,4.88872,0,8.97303427,4.88872
6:04,4.89033,4.89033,0,8.804621715,4.89033
6:06,4.89416,4.89416,0,8.990258403,4.89416
6:08,4.89958,4.89958,0,9.056625356,4.89958
6:10,4.90597,4.90597,0,8.715892274,4.90597
6:12,4.91278,4.91278,0,9.382857054,4.91278
6:14,4.91968,4.91968,0,8.297327433,4.91968
6:16,4.92642,4.92642,0,8.92079494,4.92642
6:18,4.93267,4.93267,0,8.97314365,4.93267
6:20,4.93817,4.93817,0,9.201433469,4.93817
6:22,4.94241,4.94241,0,8.761539469,4.94241
6:24,4.94488,4.94488,0,9.075420509,4.94488
6:26,4.94607,4.94607,0,9.044238715,4.94607
6:28,4.94645,4.94645,0,8.968542188,4.94645
6:30,4.95366,4.95366,0,9.11113784,4.95366
6:32,4.96224,4.96224,0,8.888673089,4.96224
6:34,4.9704,4.9704,0,9.098038678,4.9704
6:36,4.97835,4.97835,0,9.064616036,4.97835
6:38,4.98633,4.98633,0,9.064364573,4.98633
6:40,4.99429,4.99429,0,8.62417253,4.99429
6:42,5.00205,5.00205,0,8.592625706,5.00205
6:44,5.00969,5.00969,0,9.626405249,5.00969
6:46,5.01722,5.01722,0,9.043800644,5.01722
6:48,5.02469,5.02469,0,9.192948133,5.02469
6:50,5.03237,5.03237,0,8.726887649,5.03237
6:52,5.04112,5.04112,0,8.534045727,5.04112
6:54,5.05214,5.05214,0,8.176928388,5.05214
6:56,5.06553,5.06553,0,8.986378283,5.06553
6:58,5.08065,5.08065,0,8.737202525,5.08065
7:00,5.11026,5.11026,0,12.09283706,5.11026
7:02,5.14174,5.14174,0,9.829412579,5.14174
7:04,5.17278,5.17278,0,8.687417687,5.17278
7:06,5.20366,5.20366,0,8.657982281,5.20366
7:08,5.234,5.234,0,8.498113556,5.234
7:10,5.26351,5.26351,0,10.15962757,5.26351
7:12,5.29157,5.29157,0,9.697822473,5.29157
7:14,5.31759,5.31759,0,9.673940619,5.31759
7:16,5.34208,5.34208,0,10.04307049,5.34208
7:18,5.36557,5.36557,0,8.177337,5.36557
7:20,5.38484,5.38484,0,9.739929061,5.38484
7:22,5.38286,5.38286,0,9.070074285,5.38286
7:24,5.37754,5.37754,0,9.196202119,5.37754
7:26,5.37209,5.37209,0,8.877027217,5.37209
7:28,5.36664,5.36664,0,8.480591955,5.36664
7:30,5.3668,5.3668,0,8.471629841,5.3668
7:32,5.36631,5.36631,0,9.062951015,5.36631
7:34,5.36579,5.36579,0,8.674309748,5.36579
7:36,5.36522,5.36522,0,9.030951449,5.36522
7:38,5.36463,5.36463,0,8.668926103,5.36463
7:40,5.36416,5.36416,0,9.087733742,5.36416
7:42,5.36426,5.36426,0,11.74579909,5.36426
7:44,5.3655,5.3655,0,3.53726228,5.3655
7:46,5.36788,5.36788,0,6.219790351,5.36788
7:48,5.37105,5.37105,0,4.524101638,5.37105
7:50,5.37471,5.37471,0,4.314091787,5.37471
7:52,5.37856,5.37856,0,4.184971116,5.37856
7:54,5.38244,5.38244,0,4.030427298,5.38244
7:56,5.38622,5.38622,0,4.222736678,5.38622
7:58,5.38973,5.38973,0,4.311973151,5.38973
8:00,5.39213,5.39213,0,4.243367338,5.39213
8:02,5.39371,5.39371,0,3.869892108,5.39371
8:04,5.39438,5.39438,0,3.861529786,5.39438
8:06,5.39443,5.39443,0,3.798796589,5.39443
8:08,5.39407,5.39407,0,3.57484223,5.39407
8:10,5.39336,5.39336,0,5.018795932,5.39336
8:12,5.3924,5.3924,0,4.18657769,5.3924
8:14,5.39124,5.39124,0,4.18298353,5.39124
8:16,5.38998,5.38998,0,4.588109174,5.38998
8:18,5.38876,5.38876,0,4.917360027,5.38876
8:20,5.38753,5.38753,0,5.004813445,5.38753
8:22,5.38619,5.38619,0,4.998135079,5.38619
8:24,5.38481,5.38481,0,3.763073151,5.38481
8:26,5.38338,5.38338,0,4.769537171,5.38338
8:28,5.38194,5.38194,0,4.960936958,5.38194
8:30,5.37514,5.37514,0,5.132023435,5.37514
8:32,5.29852,5.29852,0,4.738064338,5.29852
8:34,5.29195,5.29195,0,4.530970255,5.29195
8:36,5.2926,5.2926,0,4.074077609,5.2926
8:38,5.29511,5.29511,0,4.922826044,5.29511
8:40,5.29875,5.29875,0,4.873263484,5.29875
8:42,5.30289,5.30289,0,5.035303458,5.30289
8:44,5.30713,5.30713,0,4.961135691,5.30713
8:46,5.3112,5.3112,0,5.293924514,5.3112
8:48,5.31471,5.31471,0,4.91342953,5.31471
8:50,5.31738,5.31738,0,5.021653919,5.31738
8:52,5.3186,5.3186,0,5.032040851,5.3186
8:54,5.31784,5.31784,0,4.961779519,5.31784
8:56,5.31563,5.31563,0,5.110638553,5.31563
8:58,5.31254,5.31254,0,4.958128377,5.31254
9:00,5.32099,5.32099,0,5.077061038,5.32099
9:02,5.32998,5.32998,0,4.976302109,5.32998
9:04,5.33797,5.33797,0,5.042301604,5.33797
9:06,5.34565,5.34565,0,5.063242245,5.34565
9:08,5.35333,5.35333,0,5.0892373,5.35333
9:10,5.36092,5.36092,0,5.370844735,5.36092
9:12,5.36712,5.36712,0,5.099997157,5.36712
9:14,5.37391,5.37391,0,4.987459963,5.37391
9:16,5.37233,5.37233,0,5.142549131,5.37233
9:18,5.3689,5.3689,0,4.782326754,5.3689
9:20,5.36558,5.36558,0,5.005207768,5.36558
9:22,5.36284,5.36284,0,5.046610142,5.36284
9:24,5.36124,5.36124,0,4.894845583,5.36124
9:26,5.36076,5.36076,0,5.269444167,5.36076
9:28,5.36106,5.36106,0,4.96428878,5.36106
9:30,5.35601,5.35601,0,5.261370487,5.35601
9:32,5.35128,5.35128,0,5.040354734,5.35128
9:34,5.34634,5.34634,0,4.933151063,5.34634
9:36,5.3411,5.3411,0,5.249177554,5.3411
9:38,5.3354,5.3354,0,5.082680579,5.3354
9:40,5.32913,5.32913,0,5.361542185,5.32913
9:42,5.32202,5.32202,0,5.112032639,5.32202
9:44,5.31392,5.31392,0,5.181927479,5.31392
9:46,5.30507,5.30507,0,5.150250521,5.30507
9:48,5.29573,5.29573,0,4.951712692,5.29573
9:50,5.28596,5.28596,0,5.045602793,5.28596
9:52,5.27584,5.27584,0,5.258368612,5.27584
9:54,5.26544,5.26544,0,5.136871401,5.26544
9:56,5.25749,5.25749,0,5.182912634,5.25749
9:58,5.62134,5.62134,0,5.299202939,5.62134
10:00,5.73836,5.73836,0,5.430046885,5.73836
10:02,5.73413,5.73413,0,5.415326764,5.73413
10:04,5.72623,5.72623,0,4.980291769,5.72623
10:06,5.71814,5.71814,0,5.419354839,5.71814
10:08,5.71005,5.71005,0,5.228304724,5.71005
10:10,5.7023,5.7023,0,5.02363215,5.7023
10:12,5.69595,5.69595,0,5.032122484,5.69595
10:14,5.69259,5.69259,0,5.261539468,5.69259
10:16,5.69242,5.69242,0,5.227587159,5.69242
10:18,5.6946,5.6946,0,5.140621346,5.6946
10:20,5.69821,5.69821,0,5.280702775,5.69821
10:22,5.70248,5.70248,0,4.9141905,5.70248
10:24,5.70688,5.70688,0,5.07732058,5.70688
10:26,5.71108,5.71108,0,5.145691933,5.71108
10:28,5.71461,5.71461,0,4.953597021,5.71461
10:30,5.71804,5.71804,0,5.199199307,5.71804
10:32,5.71933,5.71933,0,4.930995973,5.71933
10:34,5.71764,5.71764,0,5.121682822,5.71764
10:36,5.71404,5.71404,0,4.803703402,5.71404
10:38,5.70927,5.70927,0,5.204141354,5.70927
10:40,5.70353,5.70353,0,5.012089612,5.70353
10:42,5.69704,5.69704,0,5.329827673,5.69704
10:44,5.69002,5.69002,0,5.141488955,5.69002
10:46,5.68269,5.68269,0,5.336162721,5.68269
10:48,5.67543,5.67543,0,5.239713559,5.67543
10:50,5.66817,5.66817,0,5.213474188,5.66817
10:52,5.6607,5.6607,0,5.051504267,5.6607
10:54,5.65308,5.65308,0,5.205687338,5.65308
10:56,5.64535,5.64535,0,4.303501069,5.64535
10:58,5.63757,5.63757,0,4.367291902,5.63757
11:00,5.62996,5.62996,0,4.341265269,5.62996
11:02,5.62432,5.62432,0,3.942492275,5.62432
11:04,5.62197,5.62197,0,3.738452825,5.62197
11:06,5.62272,5.62272,0,3.562403657,5.62272
11:08,5.62576,5.62576,0,4.57339247,5.62576
11:10,5.6302,5.6302,0,4.654208846,5.6302
11:12,5.63527,5.63527,0,4.585013209,5.63527
11:14,5.64046,5.64046,0,4.251102805,5.64046
11:16,5.64545,5.64545,0,3.903345045,5.64545
11:18,5.64978,5.64978,0,3.742658127,5.64978
11:20,5.65312,5.65312,0,4.063009758,5.65312
11:22,5.65479,5.65479,0,3.99462796,5.65479
11:24,5.6541,5.6541,0,3.526925589,5.6541
11:26,5.65162,5.65162,0,3.766736861,5.65162
11:28,5.64803,5.64803,0,2.33393431,5.64803
11:30,5.64383,5.64383,0,3.744425226,5.64383
11:32,5.63913,5.63913,0,3.029224761,5.63913
11:34,5.63399,5.63399,0,1.998394068,5.63399
11:36,5.62858,5.62858,0,2.211497674,5.62858
11:38,5.62329,5.62329,0,2.930904209,5.62329
11:40,5.61806,5.61806,0,2.669486817,5.61806
11:42,5.61265,5.61265,0,2.045496526,5.61265
11:44,5.60716,5.60716,0,2.506235471,5.60716
11:46,5.6016,5.6016,0,1.707390902,5.6016
11:48,5.59604,5.59604,0,2.121588506,5.59604
11:50,5.59079,5.59079,0,1.824690908,5.59079
11:52,5.58687,5.58687,0,1.168282339,5.58687
11:54,5.58581,5.58581,0,0.94313148,5.58581
11:56,5.58782,5.58782,0,0.841418979,5.58782
11:58,5.5921,5.5921,0,0.654072348,5.5921
12:00,5.60014,5.60014,0,0.725648095,5.60014
12:02,5.61045,5.61045,0,1.017320542,5.61045
12:04,5.62111,5.62111,0,0.495217431,5.62111
12:06,5.63164,5.63164,0,0.343125214,5.63164
12:08,5.64157,5.64157,0,-0.095255499,5.64157
12:10,5.65056,5.65056,0,0.124608511,5.65056
12:12,5.65795,5.65795,0,1.034348916,5.65795
12:14,5.66301,5.66301,0,0.072258006,5.66301
12:16,5.66631,5.66631,0,0.095205816,5.66631
12:18,5.66854,5.66854,0,1.014540342,5.66854
12:20,5.66989,5.66989,0,1.46697395,5.66989
12:22,5.67057,5.67057,0,0.499590035,5.67057
12:24,5.6708,5.6708,0,1.11002814,5.6708
12:26,5.6708,5.6708,0,-0.488125204,5.6708
12:28,5.67092,5.67092,0,0.381474945,5.67092
12:30,5.63968,5.63968,0,0.08764162,5.63968
12:32,5.59188,5.59188,0,-0.135184545,5.59188
12:34,5.5442,5.5442,0,-1.00722761,5.5442
12:36,5.49653,5.49653,0,-1.547124004,5.49653
12:38,5.44892,5.44892,0,-0.570713323,5.44892
12:40,5.40164,5.40164,0,-0.489496383,5.40164
12:42,5.35564,5.35564,0,-1.32073207,5.35564
12:44,5.32227,5.32227,0,-0.721234922,5.32227
12:46,5.32662,5.32662,0,-0.903365457,5.32662
12:48,5.33615,5.33615,0,-1.125149513,5.33615
12:50,5.346,5.346,0,-0.293032806,5.346
12:52,5.35591,5.35591,0,-0.608879763,5.35591
12:54,5.36569,5.36569,0,3.32451205,5.36569
12:56,5.37523,5.37523,0,-2.895541779,5.37523
12:58,5.38434,5.38434,0,0.742313368,5.38434
13:00,5.38841,5.38841,0,0.539360071,5.38841
13:02,5.39209,5.39209,0,6.425799337,5.39209
13:04,5.39483,5.39483,0,8.500379039,5.39483
13:06,5.3969,5.3969,0,8.895716632,5.3969
13:08,5.39854,5.39854,0,9.002867884,5.39854
13:10,5.39979,5.39979,0,8.890261919,5.39979
13:12,5.40074,5.40074,0,9.661652162,5.40074
13:14,5.40145,5.40145,0,9.476527968,5.40145
13:16,5.40203,5.40203,0,8.697462422,5.40203
13:18,5.4026,5.4026,0,8.656822686,5.4026
13:20,5.40312,5.40312,0,8.434274563,5.40312
13:22,5.24838,5.24838,0,9.441607363,5.24838
13:24,5.18239,5.18239,0,9.608354722,5.18239
13:26,5.16291,5.16291,0,9.231861508,5.16291
13:28,5.14355,5.14355,0,9.114212385,5.14355
13:30,5.14144,5.14144,0,9.192219148,5.14144
13:32,5.14123,5.14123,0,8.950015468,5.14123
13:34,5.14241,5.14241,0,9.003541475,5.14241
13:36,5.14598,5.14598,0,8.732938435,5.14598
13:38,5.15124,5.15124,0,9.384920276,5.15124
13:40,5.15749,5.15749,0,3.803018369,5.15749
13:42,5.16416,5.16416,0,4.602429663,5.16416
13:44,5.17086,5.17086,0,4.677103476,5.17086
13:46,5.17733,5.17733,0,4.880148636,5.17733
13:48,5.18319,5.18319,0,4.558328104,5.18319
13:50,5.18817,5.18817,0,17.83980428,5.18817
13:52,5.1917,5.1917,0,17.15722165,5.1917
13:54,5.19324,5.19324,0,9.186618906,5.19324
13:56,5.19332,5.19332,0,8.412884917,5.19332
13:58,5.19245,5.19245,0,9.023578235,5.19245
14:00,5.15596,5.15596,0,8.451305423,5.15596
14:02,5.11236,5.11236,0,8.922658693,5.11236
14:04,5.06895,5.06895,0,9.158447786,5.06895
14:06,5.02529,5.02529,0,9.415092588,5.02529
14:08,4.98167,4.98167,0,8.957925081,4.98167
14:10,4.93801,4.93801,0,9.177934395,4.93801
14:12,4.89415,4.89415,0,9.527338656,4.89415
14:14,4.85017,4.85017,0,9.256986764,4.85017
14:16,4.80608,4.80608,0,8.482433272,4.80608
14:18,4.76194,4.76194,0,9.350831059,4.76194
14:20,4.71796,4.71796,0,8.883821155,4.71796
14:22,4.67492,4.67492,0,9.316001263,4.67492
14:24,4.63379,4.63379,0,9.047662929,4.63379
14:26,4.59459,4.59459,0,9.214727036,4.59459
14:28,4.55668,4.55668,0,9.027341339,4.55668
14:30,4.5551,4.5551,0,9.353698327,4.5551
14:32,4.56299,4.56299,0,8.655072591,4.56299
14:34,4.57093,4.57093,0,9.397146355,4.57093
14:36,4.57879,4.57879,0,9.282119453,4.57879
14:38,4.58628,4.58628,0,8.91380648,4.58628
14:40,4.59317,4.59317,0,9.193407097,4.59317
14:42,4.599,4.599,0,8.924596403,4.599
14:44,4.60332,4.60332,0,9.129967864,4.60332
14:46,4.60656,4.60656,0,9.328727554,4.60656
14:48,4.60913,4.60913,0,9.52188277,4.60913
14:50,4.61113,4.61113,0,8.821930989,4.61113
14:52,4.61271,4.61271,0,9.35944263,4.61271
14:54,4.61399,4.61399,0,9.314840615,4.61399
14:56,4.61512,4.61512,0,9.207178811,4.61512
14:58,4.61633,4.61633,0,8.967951433,4.61633
15:00,4.61426,4.61426,0,8.928824467,4.61426
15:02,4.61279,4.61279,0,9.43658751,4.61279
15:04,4.61174,4.61174,0,9.630934854,4.61174
15:06,4.61072,4.61072,0,8.944372664,4.61072
15:08,4.60978,4.60978,0,9.030405416,4.60978
15:10,4.60914,4.60914,0,9.079114064,4.60914
15:12,4.60953,4.60953,0,5.523166307,4.60953
15:14,4.61198,4.61198,0,7.638038757,4.61198
15:16,4.61657,4.61657,0,7.371041658,4.61657
15:18,4.62272,4.62272,0,6.806454918,4.62272
15:20,4.62988,4.62988,0,7.041425291,4.62988
15:22,4.63755,4.63755,0,7.207141005,4.63755
15:24,4.64542,4.64542,0,7.330417199,4.64542
15:26,4.65327,4.65327,0,7.140065556,4.65327
15:28,4.6608,4.6608,0,7.398212963,4.6608
15:30,4.6673,4.6673,0,7.183392194,4.6673
15:32,4.6703,4.6703,0,7.374868992,4.6703
15:34,4.6711,4.6711,0,8.300649222,4.6711
15:36,4.67075,4.67075,0,9.182066835,4.67075
15:38,4.66967,4.66967,0,9.974328682,4.66967
15:40,4.66796,4.66796,0,9.794655749,4.66796
15:42,4.66578,4.66578,0,9.613384953,4.66578
15:44,4.66326,4.66326,0,9.636365737,4.66326
15:46,4.66053,4.66053,0,9.560039832,4.66053
15:48,4.65785,4.65785,0,16.20347215,4.65785
15:50,4.65516,4.65516,0,8.852566214,4.65516
15:52,4.6523,4.6523,0,9.07104351,4.6523
15:54,4.64934,4.64934,0,9.0410745,4.64934
15:56,4.6463,4.6463,0,9.329978605,4.6463
15:58,4.64322,4.64322,0,8.942829926,4.64322
16:00,4.64162,4.64162,0,9.626185559,4.64162
16:02,4.64113,4.64113,0,8.795440465,4.64113
16:04,4.64256,4.64256,0,8.707629636,4.64256
16:06,4.64604,4.64604,0,9.316814708,4.64604
16:08,4.65098,4.65098,0,9.561882621,4.65098
16:10,4.65682,4.65682,0,9.042628776,4.65682
16:12,4.66307,4.66307,0,8.707168909,4.66307
16:14,4.6694,4.6694,0,9.197262636,4.6694
16:16,4.67561,4.67561,0,9.336056416,4.67561
16:18,4.68137,4.68137,0,9.144635359,4.68137
16:20,4.68647,4.68647,0,3.368564089,4.68647
16:22,4.69042,4.69042,0,7.194405991,4.69042
16:24,4.69278,4.69278,0,8.689754527,4.69278
16:26,4.69396,4.69396,0,8.590084127,4.69396
16:28,4.69442,4.69442,0,8.815401524,4.69442
16:30,4.69164,4.69164,0,8.528157381,4.69164
16:32,4.68745,4.68745,0,9.158187133,4.68745
16:34,4.68283,4.68283,0,9.485562856,4.68283
16:36,4.67799,4.67799,0,8.415124197,4.67799
16:38,4.67317,4.67317,0,9.092742407,4.67317
16:40,4.66832,4.66832,0,9.396552395,4.66832
16:42,4.66329,4.66329,0,9.646551967,4.66329
16:44,4.65813,4.65813,0,9.702818223,4.65813
16:46,4.65287,4.65287,0,9.759371245,4.65287
16:48,4.64755,4.64755,0,9.656099299,4.64755
16:50,4.64239,4.64239,0,10.09505869,4.64239
16:52,4.63815,4.63815,0,9.772551485,4.63815
16:54,4.63584,4.63584,0,9.487495199,4.63584
16:56,4.63555,4.63555,0,10.12568161,4.63555
16:58,4.63669,4.63669,0,9.534065947,4.63669
17:00,4.64096,4.64096,0,9.398099965,4.5
17:02,4.64605,4.64605,0,9.553428755,4.4
17:04,4.65117,4.65117,0,9.116799622,4.2
17:06,4.65612,4.65612,0,9.453269958,4
17:08,4.66061,4.66061,0,9.608007808,3.9
17:10,4.66442,4.66442,0,9.240148583,3.85
17:12,4.66705,4.66705,0,9.324759451,3.83
17:14,4.66808,4.66808,0,9.280424092,3.78
17:16,4.66791,4.66791,0,9.218946907,3.74677
17:18,4.667,4.667,0,8.82487832,3.74405
17:20,4.66544,4.66544,0,9.669392851,3.74088
17:22,4.66338,4.66338,0,9.490380674,3.73736
17:24,4.66094,4.66094,0,9.724759767,3.73358
17:26,4.65827,4.65827,0,9.21404821,3.72964
17:28,4.65563,4.65563,0,9.176294164,3.7257
17:30,4.65321,4.65321,0,8.598227746,3.72208
17:32,4.65164,4.65164,0,9.166580597,3.72466
17:34,4.65024,4.65024,0,9.58554377,3.72704
17:36,4.64878,4.64878,0,9.050862144,3.72938
17:38,4.64732,4.64732,0,9.894644658,3.73172
17:40,4.64607,4.64607,0,9.203042092,3.73422
17:42,4.64579,4.64579,0,9.618840273,3.73741
17:44,4.64751,4.64751,0,9.485911354,3.74202
17:46,4.65132,4.65132,0,9.044852512,3.74807
17:48,4.65663,4.65663,0,7.11416591,3.75519
17:50,4.66287,4.66287,0,7.78699986,3.76297
17:52,4.66955,4.66955,0,8.790131575,3.77108
17:54,4.67636,4.67636,0,9.222996753,3.77931
17:56,4.68308,4.68308,0,9.968164979,3.7875
17:58,4.68939,4.68939,0,9.067092154,3.79542
18:00,4.69599,4.6,0.09599,9.536688842,3.80411
18:02,4.70106,4.5,0.20106,9.633376642,3.80643
18:04,4.70436,4.4,0.30436,9.279678659,3.80782
18:06,4.70649,4.35,0.35649,9.95419966,3.8084
18:08,4.7079,4.32921,0.37869,9.186732086,3.80848
18:10,4.70867,4.32702,0.38165,8.920600405,3.80812
18:12,4.70895,4.32459,0.38436,9.236222282,3.80742
18:14,4.70888,4.32198,0.3869,9.452228197,3.80649
18:16,4.70862,4.31928,0.38934,9.356243652,3.80541
18:18,4.70839,4.31661,0.39178,9.368103768,3.80438
18:20,4.70815,4.31393,0.39422,9.161426529,3.80333
18:22,4.70774,4.31115,0.39659,9.207344489,3.80217
18:24,4.70723,4.30833,0.3989,10.01708597,3.80094
18:26,4.70663,4.30547,0.40116,9.548526932,3.79964
18:28,4.70599,4.30259,0.4034,8.878350727,3.79833
18:30,4.70444,4.29866,0.40578,9.487377899,3.79575
18:32,4.70338,4.2929,0.41048,8.805740615,3.79224
18:34,4.70427,4.28797,0.4163,9.926075795,3.79018
18:36,4.70722,4.28405,0.42317,9.249383525,3.78954
18:38,4.71165,4.28083,0.43082,9.548628864,3.7899
18:40,4.71698,4.27803,0.43895,9.227630352,3.79086
18:42,4.7227,4.27538,0.44732,9.136165576,3.79207
18:44,4.72849,4.27274,0.45575,9.713564492,3.79331
18:46,4.73412,4.27168,0.46244,9.265909638,3.79443
18:48,4.73928,4.2753,0.46398,9.273104922,3.7952
18:50,4.74374,4.27923,0.46451,9.222996158,3.79549
18:52,4.74701,4.28212,0.46489,9.186121923,3.79494
18:54,4.74862,4.28355,0.46507,9.190183094,3.79326
18:56,4.74902,4.28391,0.46511,9.833855586,3.79077
18:58,4.74866,4.28359,0.46507,9.438113539,3.78776
19:00,4.74832,4.28329,0.46503,9.050339506,3.78518
19:02,4.74675,4.28191,0.46484,9.227585275,3.7912
19:04,4.7445,4.2799,0.4646,9.522009746,3.80296
19:06,4.74195,4.27762,0.46433,9.351333089,3.8147
19:08,4.73935,4.27529,0.46406,9.215541466,3.82661
19:10,4.73663,4.27286,0.46377,9.102381569,3.83863
19:12,4.73363,4.27018,0.46345,9.700555205,3.85065
19:14,4.73042,4.26731,0.46311,9.428795307,3.86272
19:16,4.72701,4.26426,0.46275,9.504862554,3.87483
19:18,4.72344,4.26107,0.46237,8.96065591,3.88703
19:20,4.71994,4.25793,0.46201,10.11175065,3.89946
19:22,4.71728,4.25553,0.46175,8.926909499,3.91266
19:24,4.71651,4.25478,0.46173,9.122206389,3.92737
19:26,4.7177,4.25576,0.46194,9.229218017,3.94364
19:28,4.72025,4.25794,0.46231,9.605663806,3.96107
19:30,4.72406,4.26123,0.46283,8.975334174,3.97991
19:32,4.72887,4.26543,0.46344,9.251633604,4.00448
19:34,4.73383,4.26978,0.46405,9.353051401,4.0289
19:36,4.73857,4.27394,0.46463,9.554708378,4.05331
19:38,4.74277,4.27762,0.46515,9.109660128,4.07748
19:40,4.7462,4.28062,0.46558,9.403929518,4.10122
19:42,4.74837,4.28252,0.46585,9.437126811,4.12413
19:44,4.74882,4.2829,0.46592,9.110512075,4.14582
19:46,4.74799,4.28214,0.46585,9.204597533,4.1666
19:48,4.74632,4.28064,0.46568,9.509147864,4.18678
19:50,4.74392,4.2785,0.46542,9.690855174,4.20641
19:52,4.74093,4.27583,0.4651,9.153513328,4.22558
19:54,4.73748,4.27276,0.46472,9.471332387,4.24511
19:56,4.73373,4.26942,0.46431,9.105777239,4.27081
19:58,4.72993,4.26603,0.4639,9.187670308,4.29552
20:00,4.72623,4.26273,0.4635,10.31170615,4.36
20:02,4.72261,4.4,0.32261,9.712890522,4.4
20:04,4.71887,4.5,0.21887,8.848236084,4.45
20:06,4.71498,4.6,0.11498,8.951661571,4.48
20:08,4.71097,4.65,0.06097,9.34298394,4.5
20:10,4.70707,4.7,0.00707,9.256684863,4.52
20:12,4.70404,4.70404,0,9.127151265,4.53
20:14,4.70294,4.70294,0,10.06019183,4.59
20:16,4.70384,4.70384,0,11.50996972,4.62
20:18,4.70613,4.70613,0,10.18052441,4.65
20:20,4.70924,4.70924,0,9.039353466,4.68
20:22,4.71266,4.71266,0,9.248209797,4.71266
20:24,4.71606,4.71606,0,8.843252025,4.71606
20:26,4.71922,4.71922,0,8.829821943,4.71922
20:28,4.72182,4.72182,0,9.749830696,4.72182
20:30,4.7217,4.7217,0,9.074534966,4.7217
20:32,4.72063,4.72063,0,9.305398915,4.72063
20:34,4.71812,4.71812,0,9.175665808,4.71812
20:36,4.71442,4.71442,0,9.151909562,4.71442
20:38,4.70996,4.70996,0,9.384556924,4.70996
20:40,4.70486,4.70486,0,12.98494976,4.70486
20:42,4.69925,4.69925,0,10.75976461,4.69925
20:44,4.69329,4.69329,0,9.164807113,4.69329
20:46,4.68711,4.68711,0,8.670063426,4.68711
20:48,4.68096,4.68096,0,8.747583171,4.68096
20:50,4.67478,4.67478,0,8.769932174,4.67478
20:52,4.66842,4.66842,0,8.694545033,4.66842
20:54,4.66194,4.66194,0,9.26103599,4.66194
20:56,4.65536,4.65536,0,9.369080037,4.65536
20:58,4.64873,4.64873,0,9.40722895,4.64873
21:00,4.64159,4.64159,0,9.303302381,4.64159
21:02,4.63424,4.63424,0,9.551579988,4.63424
21:04,4.62845,4.62845,0,8.839182044,4.62845
21:06,4.62451,4.62451,0,9.538450448,4.62451
21:08,4.62184,4.62184,0,9.397181772,4.62184
21:10,4.61985,4.61985,0,9.489827178,4.61985
21:12,4.61805,4.61805,0,9.950140407,4.61805
21:14,4.61611,4.61611,0,12.64256268,4.61611
21:16,4.61382,4.61382,0,10.20274348,4.61382
21:18,4.61086,4.61086,0,9.386389271,4.61086
21:20,4.60701,4.60701,0,8.861833148,4.60701
21:22,4.6018,4.6018,0,8.820321099,4.6018
21:24,4.59478,4.59478,0,8.562201245,4.59478
21:26,4.58638,4.58638,0,9.044226702,4.58638
21:28,4.57701,4.57701,0,8.777500038,4.57701
21:30,4.56802,4.56802,0,8.706734324,4.56802
21:32,4.55921,4.55921,0,8.776954206,4.55921
21:34,4.55001,4.55001,0,9.081889553,4.55001
21:36,4.54044,4.54044,0,8.859584585,4.54044
21:38,4.53072,4.53072,0,8.746018527,4.53072
21:40,4.5208,4.5208,0,9.609431203,4.5208
21:42,4.51051,4.51051,0,9.297973674,4.51051
21:44,4.49991,4.49991,0,9.366353213,4.49991
21:46,4.48901,4.48901,0,9.429077704,4.48901
21:48,4.47785,4.47785,0,9.072340426,4.47785
21:50,4.46662,4.46662,0,9.201069975,4.46662
21:52,4.45601,4.45601,0,8.857509628,4.45601
21:54,4.44699,4.44699,0,9.598111244,4.44699
21:56,4.43957,4.43957,0,9.419420202,4.43957
21:58,4.43322,4.43322,0,9.115669353,4.43322
22:00,4.51075,4.51075,0,8.532271867,4.51075
22:02,4.60535,4.60535,0,10.07763345,4.60535
22:04,4.69878,4.69878,0,9.500085182,4.69878
22:06,4.79249,4.79249,0,9.025763681,4.79249
22:08,4.88618,4.88618,0,9.466594078,4.88618
22:10,4.97962,4.97962,0,9.117330134,4.97962
22:12,5.07225,5.07225,0,8.859474912,5.07225
22:14,5.16348,5.16348,0,9.312367411,5.16348
22:16,5.25375,5.25375,0,9.177609898,5.25375
22:18,5.34352,5.34352,0,9.662791852,5.34352
22:20,5.37614,5.37614,0,8.593208831,5.37614
22:22,5.36165,5.36165,0,9.794325542,5.36165
22:24,5.34447,5.34447,0,9.232421375,5.34447
22:26,5.32638,5.32638,0,9.330633629,5.32638
22:28,5.30754,5.30754,0,9.344577259,5.30754
22:30,5.3169,5.3169,0,9.108326667,5.3169
22:32,5.32297,5.32297,0,9.213302462,5.32297
22:34,5.32895,5.32895,0,9.1098766,5.32895
22:36,5.33478,5.33478,0,9.662447898,5.33478
22:38,5.34051,5.34051,0,9.053205125,5.34051
22:40,5.34623,5.34623,0,9.353451951,5.34623
22:42,5.35242,5.35242,0,9.183601068,5.35242
22:44,5.35962,5.35962,0,9.11120681,5.35962
22:46,5.36785,5.36785,0,9.199897493,5.36785
22:48,5.37678,5.37678,0,9.181851235,5.37678
22:50,5.38609,5.38609,0,9.281818404,5.38609
22:52,5.3955,5.3955,0,9.16258453,5.3955
22:54,5.40482,5.40482,0,9.684941635,5.40482
22:56,5.41392,5.41392,0,9.692583555,5.41392
22:58,5.42178,5.42178,0,9.062157302,5.42178
23:00,5.14458,5.14458,0,9.318384915,5.14458
23:02,5.07391,5.07391,0,9.394882033,5.07391
23:04,5.03773,5.03773,0,8.887774094,5.03773
23:06,4.99868,4.99868,0,8.866064494,4.99868
23:08,4.95703,4.95703,0,9.322673762,4.95703
23:10,4.91268,4.91268,0,8.89258721,4.91268
23:12,4.91268,4.91268,0,8.916707196,4.91268
23:14,4.91268,4.91268,0,9.178711244,4.91268
23:16,4.91268,4.91268,0,9.125851866,4.91268
23:18,4.91268,4.91268,0,9.075016299,4.91268
23:20,4.91268,4.91268,0,8.704703263,4.91268
23:22,4.91268,4.91268,0,8.799567805,4.91268
23:24,4.91268,4.91268,0,9.28572316,4.91268
23:26,4.91268,4.91268,0,8.952421585,4.91268
23:28,4.91268,4.91268,0,9.157404777,4.91268
23:30,4.91268,4.91268,0,9.532196361,4.91268
23:32,4.91268,4.91268,0,8.969372313,4.91268
23:34,4.91268,4.91268,0,9.019543236,4.91268
23:36,4.91268,4.91268,0,9.425935225,4.91268
23:38,4.91268,4.91268,0,9.058716249,4.91268
23:40,4.91268,4.91268,0,8.681928407,4.91268
23:42,4.91268,4.91268,0,9.051681271,4.91268
23:44,4.91268,4.91268,0,8.818060015,4.91268
23:46,4.91268,4.91268,0,9.300586627,4.91268
23:48,4.91268,4.91268,0,9.11743271,4.91268
23:50,4.91268,4.91268,0,9.069857198,4.91268
23:52,4.91268,4.91268,0,9.028046957,4.91268
23:54,4.91268,4.91268,0,9.019729968,4.91268
23:56,4.91268,4.91268,0,9.018028517,4.91268
23:58,4.91268,4.91268,0,7.4915,4.91268
