time,Actual,Stope,Station,General station,,105 flow,,98,102,105,109,113
0:00,12.69363,12.69363,12.02379,12.69363,1,5.654513889,19.29670139,3.935763889,3.292361111,5.654513889,3.381770833,3.032291667
0:02,12.69363,12.69363,12.02379,12.69363,1,5.654513889,19.32170139,3.935763889,3.292361111,5.654513889,3.381770833,3.057291667
0:04,12.1889,12.1889,12.53775,12.1889,1,5.698784722,19.42144097,3.979166667,3.314930556,5.698784722,3.373784722,3.054774306
0:06,12.19689,12.19689,12.22106,12.19689,1,5.698784722,19.45512153,3.979166667,3.314930556,5.698784722,3.373784722,3.088454861
0:08,12.10738,12.10738,12.18618,12.10738,1,5.698784722,19.48376736,3.979166667,3.314930556,5.698784722,3.373784722,3.117100694
0:10,12.17418,12.17418,12.04103,12.17418,1,5.698784722,19.47118056,3.979166667,3.314930556,5.698784722,3.373784722,3.104513889
0:12,12.28272,12.28272,12.35842,12.28272,1,5.799479167,19.63472222,4.010416667,3.352083333,5.799479167,3.382291667,3.090451389
0:14,12.2584,12.2584,12.20432,12.2584,1,5.799479167,19.62717014,4.010416667,3.352083333,5.799479167,3.382291667,3.082899306
0:16,12.29602,12.29602,12.28132,12.29602,1,5.799479167,19.61909722,4.010416667,3.352083333,5.799479167,3.382291667,3.074826389
0:18,12.23212,12.23212,12.25857,12.23212,1,5.799479167,19.60989583,4.010416667,3.352083333,5.799479167,3.382291667,3.065625
0:20,12.11733,12.11733,12.09734,12.11733,1,5.784722222,19.65815972,4.036458333,3.377777778,5.784722222,3.412934028,3.046267361
0:22,12.10113,12.10113,12.07231,12.10113,1,5.784722222,19.66770833,4.036458333,3.377777778,5.784722222,3.412934028,3.055815972
0:24,12.07672,12.07672,12.09158,12.07672,1,5.784722222,19.66866319,4.036458333,3.377777778,5.784722222,3.412934028,3.056770833
0:26,12.05913,12.05913,12.01549,12.05913,1,5.784722222,19.69175347,4.036458333,3.377777778,5.784722222,3.412934028,3.079861111
0:28,12.17562,12.17562,12.14459,12.17562,1,5.786458333,19.76137153,4.032986111,3.40078125,5.786458333,3.457291667,3.083854167
0:30,12.13591,12.13591,12.17695,12.13591,1,5.786458333,19.75538194,4.032986111,3.40078125,5.786458333,3.457291667,3.077864583
0:32,12.07363,12.07363,12.03372,12.07363,1,5.786458333,19.74079861,4.032986111,3.40078125,5.786458333,3.457291667,3.06328125
0:34,12.14016,12.14016,12.09876,12.14016,1,5.786458333,19.73923611,4.032986111,3.40078125,5.786458333,3.457291667,3.06171875
0:36,12.20512,12.20512,12.20554,12.20512,1,5.840277778,19.759375,4.0546875,3.368229167,5.840277778,3.465972222,3.030208333
0:38,12.21218,12.21218,12.19155,12.21218,1,5.840277778,19.74418403,4.0546875,3.368229167,5.840277778,3.465972222,3.015017361
0:40,12.21664,12.21664,12.19984,12.21664,1,5.840277778,19.73576389,4.0546875,3.368229167,5.840277778,3.465972222,3.006597222
0:42,12.22257,12.22257,12.20059,12.22257,1,5.840277778,19.73263889,4.0546875,3.368229167,5.840277778,3.465972222,3.003472222
0:44,12.27677,12.27677,12.24462,12.27677,1,5.834201389,19.74904514,4.081597222,3.3671875,5.834201389,3.461545139,3.004513889
0:46,12.43287,12.43287,12.39987,12.43287,1,5.834201389,19.76814236,4.081597222,3.3671875,5.834201389,3.461545139,3.023611111
0:48,12.48414,12.48414,12.50129,12.48414,1,5.834201389,19.78619792,4.081597222,3.3671875,5.834201389,3.461545139,3.041666667
0:50,12.35882,12.35882,12.39161,12.35882,1,5.834201389,19.83854167,4.081597222,3.3671875,5.834201389,3.461545139,3.094010417
0:52,12.3268,12.3268,12.25112,12.3268,1,5.811631944,19.8484375,4.105902778,3.351736111,5.811631944,3.474652778,3.104513889
0:54,12.33996,12.33996,12.38438,12.33996,1,5.811631944,19.8572338,4.105902778,3.351736111,5.811631944,3.474652778,3.113310185
0:56,12.29979,12.29979,12.26781,12.29979,1,5.811631944,19.83741319,4.105902778,3.351736111,5.811631944,3.474652778,3.093489583
0:58,12.34064,12.34064,12.32228,12.34064,1,5.811631944,19.83289931,4.105902778,3.351736111,5.811631944,3.474652778,3.088975694
1:00,12.37388,12.37388,12.36888,12.37388,1,5.779513889,19.76397569,4.098958333,3.365625,5.779513889,3.448003472,3.071875
1:02,12.26422,12.26422,12.29604,12.26422,1,5.779513889,19.76744792,4.098958333,3.365625,5.779513889,3.448003472,3.075347222
1:04,12.12196,12.12196,12.10781,12.12196,1,5.779513889,19.78246528,4.098958333,3.365625,5.779513889,3.448003472,3.090364583
1:06,12.1212,12.1212,12.08213,12.1212,1,5.779513889,19.78567708,4.098958333,3.365625,5.779513889,3.448003472,3.093576389
1:08,12.19795,12.19795,12.18826,12.19795,1,5.644675926,19.63478009,4.096064815,3.365740741,5.644675926,3.473958333,3.054340278
1:10,12.27905,12.27905,12.26633,12.27905,1,5.644675926,19.63313079,4.096064815,3.365740741,5.644675926,3.473958333,3.052690972
1:12,12.18738,12.18738,12.22667,12.18738,1,5.644675926,19.60752315,4.096064815,3.365740741,5.644675926,3.473958333,3.027083333
1:14,12.19424,12.19424,12.12979,12.19424,1,5.598090278,19.46927083,4.089409722,3.388802083,5.598090278,3.4578125,2.93515625
1:16,12.20039,12.20039,12.24835,12.20039,1,5.598090278,19.48550347,4.089409722,3.388802083,5.598090278,3.4578125,2.951388889
1:18,12.23098,12.23098,12.1641,12.23098,1,5.598090278,19.43515625,4.089409722,3.388802083,5.598090278,3.4578125,2.901041667
1:20,12.23629,12.23629,12.27784,12.23629,1,5.598090278,19.42508681,4.089409722,3.388802083,5.598090278,3.4578125,2.890972222
1:22,12.19642,12.19642,12.16786,12.19642,1,5.534722222,19.33637153,4.1015625,3.374305556,5.534722222,3.457899306,2.867881944
1:24,12.16167,12.16167,12.16839,12.16167,1,5.534722222,19.31831597,4.1015625,3.374305556,5.534722222,3.457899306,2.849826389
1:26,12.20655,12.20655,12.17278,12.20655,1,5.534722222,19.32578125,4.1015625,3.374305556,5.534722222,3.457899306,2.857291667
1:28,12.17727,12.17727,12.21464,12.17727,1,5.534722222,19.35795718,4.1015625,3.374305556,5.534722222,3.457899306,2.889467593
1:30,12.2178,12.2178,12.15109,12.2178,1,5.511284722,19.32491319,4.107638889,3.400434028,5.511284722,3.431597222,2.873958333
1:32,12.30754,12.30754,12.32161,12.30754,1,5.511284722,19.33237847,4.107638889,3.400434028,5.511284722,3.431597222,2.881423611
1:34,12.27945,12.27945,12.29113,12.27945,1,5.511284722,19.42682292,4.107638889,3.400434028,5.511284722,3.431597222,2.975868056
1:36,12.29648,12.29648,12.2584,12.29648,1,5.511284722,19.39071181,4.107638889,3.400434028,5.511284722,3.431597222,2.939756944
1:38,12.31168,12.31168,12.32783,12.31168,1,5.489583333,19.36883681,4.083333333,3.412413194,5.489583333,3.491493056,2.892013889
1:40,12.24703,12.24703,12.24313,12.24703,1,5.489583333,19.30850694,4.083333333,3.412413194,5.489583333,3.491493056,2.831684028
1:42,12.23721,12.23721,12.21444,12.23721,1,5.489583333,19.25885417,4.083333333,3.412413194,5.489583333,3.491493056,2.78203125
1:44,12.31962,12.31962,12.29864,12.31962,1,5.489583333,19.30451389,4.083333333,3.412413194,5.489583333,3.491493056,2.827690972
1:46,12.38964,12.38964,12.40145,12.38964,1,5.475694444,19.31345486,4.123263889,3.387847222,5.475694444,3.459375,2.867274306
1:48,12.39117,12.39117,12.38112,12.39117,1,5.475694444,19.31909722,4.123263889,3.387847222,5.475694444,3.459375,2.872916667
1:50,12.37375,12.37375,12.37354,12.37375,1,5.475694444,19.30112847,4.123263889,3.387847222,5.475694444,3.459375,2.854947917
1:52,12.3423,12.3423,12.33711,12.3423,1,5.475694444,19.30260417,4.123263889,3.387847222,5.475694444,3.459375,2.856423611
1:54,12.34898,12.34898,12.32751,12.34898,1,5.509548611,19.34401042,4.105034722,3.454427083,5.509548611,3.455729167,2.819270833
1:56,12.37003,12.37003,12.37479,12.37003,1,5.509548611,19.33845486,4.105034722,3.454427083,5.509548611,3.455729167,2.813715278
1:58,12.40191,12.40191,12.37789,12.40191,1,5.509548611,19.34140625,4.105034722,3.454427083,5.509548611,3.455729167,2.816666667
2:00,12.40084,12.40084,12.42811,12.40084,1,5.509548611,19.36354167,4.105034722,3.454427083,5.509548611,3.455729167,2.838802083
2:02,12.41797,12.41797,12.37559,12.41797,1,5.463541667,19.28758681,4.112847222,3.396354167,5.463541667,3.45546875,2.859375
2:04,12.36155,12.36155,12.40231,12.36155,1,5.463541667,19.25135995,4.112847222,3.396354167,5.463541667,3.45546875,2.823148148
2:06,12.27064,12.27064,12.24745,12.27064,1,5.463541667,19.23880208,4.112847222,3.396354167,5.463541667,3.45546875,2.810590278
2:08,12.25321,12.25321,12.24285,12.25321,1,5.463541667,19.22630208,4.112847222,3.396354167,5.463541667,3.45546875,2.798090278
2:10,12.14024,12.14024,12.18564,12.14024,1,5.573784722,19.296875,4.114583333,3.384809028,5.573784722,3.437586806,2.786111111
2:12,12.19048,12.19048,12.08836,12.19048,1,5.573784722,19.29826389,4.114583333,3.384809028,5.573784722,3.437586806,2.7875
2:14,12.27706,12.27706,12.33808,12.27706,1,5.573784722,19.29730903,4.114583333,3.384809028,5.573784722,3.437586806,2.786545139
2:16,12.3062,12.3062,12.25808,12.3062,1,5.573784722,19.29470486,4.114583333,3.384809028,5.573784722,3.437586806,2.783940972
2:18,12.3878,12.3878,12.38616,12.3878,1,5.802083333,19.52413194,4.078993056,3.333072917,5.802083333,3.483246528,2.826736111
2:20,12.45481,12.45481,12.45947,12.45481,1,5.802083333,19.51814236,4.078993056,3.333072917,5.802083333,3.483246528,2.820746528
2:22,12.40165,12.40165,12.41375,12.40165,1,5.802083333,19.53072917,4.078993056,3.333072917,5.802083333,3.483246528,2.833333333
2:24,12.47927,12.47927,12.40534,12.47927,1,5.802083333,19.50954861,4.078993056,3.333072917,5.802083333,3.483246528,2.812152778
2:26,12.55915,12.55915,12.61756,12.55915,1,5.964409722,19.68958333,4.065104167,3.355208333,5.964409722,3.4625,2.842361111
2:28,12.52887,12.52887,12.50033,12.52887,1,5.964409722,19.68802083,4.065104167,3.355208333,5.964409722,3.4625,2.840798611
2:30,12.47573,12.47573,12.49515,12.47573,1,5.964409722,19.68046875,4.065104167,3.355208333,5.964409722,3.4625,2.833246528
2:32,12.33892,12.33892,12.35275,12.33892,1,5.964409722,19.66432292,4.065104167,3.355208333,5.964409722,3.4625,2.817100694
2:34,12.27809,12.27809,12.25213,12.27809,1,6.001736111,19.76796875,4.050347222,3.438020833,6.001736111,3.457118056,2.820746528
2:36,12.3221,12.3221,12.31152,12.3221,1,6.001736111,19.78654514,4.050347222,3.438020833,6.001736111,3.457118056,2.839322917
2:38,12.30521,12.30521,12.32819,12.30521,1,6.001736111,19.80503472,4.050347222,3.438020833,6.001736111,3.457118056,2.8578125
2:40,12.27503,12.27503,12.25332,12.27503,1,6.001736111,19.7912037,4.050347222,3.438020833,6.001736111,3.457118056,2.843981481
2:42,12.22361,12.22361,12.24455,12.22361,1,6.014756944,19.81822917,4.035590278,3.454947917,6.014756944,3.458072917,2.854861111
2:44,12.18482,12.18482,12.16104,12.18482,1,6.014756944,19.79661458,4.035590278,3.454947917,6.014756944,3.458072917,2.833246528
2:46,12.2313,12.2313,12.21556,12.2313,1,6.014756944,19.81215278,4.035590278,3.454947917,6.014756944,3.458072917,2.848784722
2:48,12.21106,12.21106,12.24169,12.21106,1,6.014756944,19.82465278,4.035590278,3.454947917,6.014756944,3.458072917,2.861284722
2:50,12.10262,12.10262,12.10819,12.10262,1,5.877604167,19.76302083,4.037326389,3.497395833,5.877604167,3.478385417,2.872309028
2:52,12.16094,12.16094,12.09221,12.16094,1,5.877604167,19.75763889,4.037326389,3.497395833,5.877604167,3.478385417,2.866927083
2:54,12.15464,12.15464,12.22863,12.15464,1,5.877604167,19.76970486,4.037326389,3.497395833,5.877604167,3.478385417,2.878993056
2:56,12.1302,12.1302,12.07661,12.1302,1,5.877604167,19.74904514,4.037326389,3.497395833,5.877604167,3.478385417,2.858333333
2:58,12.17461,12.17461,12.18625,12.17461,1,5.666666667,19.65182292,4.076388889,3.550347222,5.666666667,3.509548611,2.848871528
3:00,12.17774,12.17774,12.17834,12.17774,1,5.666666667,19.65885417,4.076388889,3.550347222,5.666666667,3.509548611,2.855902778
3:02,12.23246,12.23246,12.20944,12.23246,1,5.666666667,19.65477431,4.076388889,3.550347222,5.666666667,3.509548611,2.851822917
3:04,12.32069,12.32069,12.30822,12.32069,1,5.666666667,19.66440972,4.076388889,3.550347222,5.666666667,3.509548611,2.861458333
3:06,12.32998,12.32998,12.34461,12.32998,1,5.653645833,19.76258681,4.124131944,3.591145833,5.653645833,3.533854167,2.859809028
3:08,12.2576,12.2576,12.26872,12.2576,1,5.653645833,19.74444444,4.124131944,3.591145833,5.653645833,3.533854167,2.841666667
3:10,12.19891,12.19891,12.18367,12.19891,1,5.653645833,19.75060764,4.124131944,3.591145833,5.653645833,3.533854167,2.847829861
3:12,12.15036,12.15036,12.15639,12.15036,1,5.653645833,19.75416667,4.124131944,3.591145833,5.653645833,3.533854167,2.851388889
3:14,12.0688,12.0688,12.079,12.0688,1,5.586805556,19.68003472,4.133680556,3.540798611,5.586805556,3.578993056,2.839756944
3:16,12.02836,12.02836,12.00432,12.02836,1,5.586805556,19.63935185,4.133680556,3.540798611,5.586805556,3.578993056,2.799074074
3:18,12.03857,12.03857,12.03566,12.03857,1,5.586805556,19.63932292,4.133680556,3.540798611,5.586805556,3.578993056,2.799045139
3:20,12.06309,12.06309,12.04811,12.06309,1,5.586805556,19.63940972,4.133680556,3.540798611,5.586805556,3.578993056,2.799131944
3:22,12.05959,12.05959,12.075,12.05959,1,5.587673611,19.61145833,4.126736111,3.488368056,5.587673611,3.626736111,2.781944444
3:24,12.13642,12.13642,12.0969,12.13642,1,5.587673611,19.628125,4.126736111,3.488368056,5.587673611,3.626736111,2.798611111
3:26,12.26676,12.26676,12.25505,12.26676,1,5.587673611,19.66223958,4.126736111,3.488368056,5.587673611,3.626736111,2.832725694
3:28,12.33987,12.33987,12.35022,12.33987,1,5.587673611,19.66831597,4.126736111,3.488368056,5.587673611,3.626736111,2.838802083
3:30,12.31318,12.31318,12.32851,12.31318,1,5.564814815,19.63590856,4.116898148,3.449884259,5.564814815,3.665509259,2.838802083
3:32,12.28867,12.28867,12.26178,12.28867,1,5.564814815,19.63443287,4.116898148,3.449884259,5.564814815,3.665509259,2.837326389
3:34,12.25419,12.25419,12.2718,12.25419,1,5.564814815,19.62531829,4.116898148,3.449884259,5.564814815,3.665509259,2.828211806
3:36,12.19235,12.19235,12.18593,12.19235,1,5.564236111,19.64331597,4.114583333,3.513888889,5.564236111,3.641493056,2.809114583
3:38,12.10791,12.10791,12.12615,12.10791,1,5.564236111,19.63689236,4.114583333,3.513888889,5.564236111,3.641493056,2.802690972
3:40,12.08064,12.08064,12.05023,12.08064,1,5.564236111,19.63081597,4.114583333,3.513888889,5.564236111,3.641493056,2.796614583
3:42,12.29674,12.29674,12.22496,12.29674,1,5.564236111,19.62664931,4.114583333,3.513888889,5.564236111,3.641493056,2.792447917
3:44,12.34978,12.34978,12.4995,12.34978,1,5.543402778,19.80121528,4.142361111,3.565104167,5.543402778,3.592013889,2.958333333
3:46,12.33926,12.33926,12.2058,12.33926,1,5.543402778,19.85399306,4.142361111,3.565104167,5.543402778,3.592013889,3.011111111
3:48,12.26464,12.26464,12.38179,12.26464,1,5.543402778,19.81024306,4.142361111,3.565104167,5.543402778,3.592013889,2.967361111
3:50,12.04016,12.04016,12.01299,12.04016,1,5.543402778,19.778125,4.142361111,3.565104167,5.543402778,3.592013889,2.935243056
3:52,11.86619,11.86619,11.88229,11.86619,1,5.495659722,19.66953125,4.113715278,3.625,5.495659722,3.536892361,2.898263889
3:54,11.74467,11.74467,11.73369,11.74467,1,5.495659722,19.63125,4.113715278,3.625,5.495659722,3.536892361,2.859982639
3:56,11.68475,11.68475,11.68313,11.68475,1,5.495659722,19.59852431,4.113715278,3.625,5.495659722,3.536892361,2.827256944
3:58,11.61016,11.61016,11.61289,11.61016,1,5.495659722,19.58697917,4.113715278,3.625,5.495659722,3.536892361,2.815711806
4:00,11.60786,11.60786,11.58967,11.60786,1,5.452256944,19.57838542,4.128472222,3.620659722,5.452256944,3.53125,2.845746528
4:02,11.62003,11.62003,11.62538,11.62003,1,5.452256944,19.55425347,4.128472222,3.620659722,5.452256944,3.53125,2.821614583
4:04,11.72086,11.72086,11.6877,11.72086,1,5.452256944,19.56345486,4.128472222,3.620659722,5.452256944,3.53125,2.830815972
4:06,11.83839,11.83839,11.83572,11.83839,1,5.452256944,19.60859375,4.128472222,3.620659722,5.452256944,3.53125,2.875954861
4:08,11.91833,11.91833,11.91019,11.91833,1,5.399305556,19.4484375,4.099826389,3.573784722,5.399305556,3.518229167,2.857291667
4:10,11.97179,11.97179,11.97918,11.97179,1,5.399305556,19.48107639,4.099826389,3.573784722,5.399305556,3.518229167,2.889930556
4:12,11.92032,11.92032,11.93262,11.92032,1,5.399305556,19.48715278,4.099826389,3.573784722,5.399305556,3.518229167,2.896006944
4:14,11.89856,11.89856,11.89436,11.89856,1,5.399305556,19.02699653,4.099826389,3.573784722,5.399305556,3.518229167,2.435850694
4:16,11.82991,11.82991,11.84405,11.82991,1,5.519965278,19.15182292,4.112847222,3.5171875,5.519965278,3.518229167,2.48359375
4:18,11.73557,11.73557,11.73414,11.73557,1,5.519965278,19.32664931,4.112847222,3.5171875,5.519965278,3.518229167,2.658420139
4:20,11.6781,11.6781,11.6734,11.6781,1,5.519965278,19.35121528,4.112847222,3.5171875,5.519965278,3.518229167,2.682986111
4:22,11.57334,11.57334,11.60466,11.57334,1,5.519965278,19.35720486,4.112847222,3.5171875,5.519965278,3.518229167,2.688975694
4:24,11.67188,11.67188,11.56752,11.67188,1,5.602430556,19.40572917,4.092013889,3.505555556,5.602430556,3.496527778,2.709201389
4:26,11.75871,11.75871,11.83639,11.75871,1,5.602430556,19.38107639,4.092013889,3.505555556,5.602430556,3.496527778,2.684548611
4:28,11.68164,11.68164,11.68073,11.68164,1,5.602430556,19.39444444,4.092013889,3.505555556,5.602430556,3.496527778,2.697916667
4:30,11.6266,11.6266,11.61476,11.6266,1,5.602430556,19.39618056,4.092013889,3.505555556,5.602430556,3.496527778,2.699652778
4:32,11.61151,11.61151,11.60862,11.61151,1,5.754340278,19.55494792,4.096354167,3.479861111,5.754340278,3.508680556,2.715711806
4:34,11.53088,11.53088,11.55766,11.53088,1,5.754340278,19.55399306,4.096354167,3.479861111,5.754340278,3.508680556,2.714756944
4:36,11.50084,11.50084,11.46972,11.50084,1,5.754340278,19.53637153,4.096354167,3.479861111,5.754340278,3.508680556,2.697135417
4:38,11.58108,11.58108,11.55724,11.58108,1,5.754340278,19.53385417,4.096354167,3.479861111,5.754340278,3.508680556,2.694618056
4:40,11.61441,11.61441,11.65122,11.61441,1,5.833333333,19.55946181,4.098090278,3.426041667,5.833333333,3.513888889,2.688107639
4:42,11.69136,11.69136,11.64069,11.69136,1,5.833333333,19.58090278,4.098090278,3.426041667,5.833333333,3.513888889,2.709548611
4:44,11.69611,11.69611,11.73431,11.69611,1,5.833333333,19.59105903,4.098090278,3.426041667,5.833333333,3.513888889,2.719704861
4:46,11.65063,11.65063,11.64719,11.65063,1,5.833333333,19.59105903,4.098090278,3.426041667,5.833333333,3.513888889,2.719704861
4:48,11.60951,11.60951,11.61003,11.60951,1,5.788194444,19.62508681,4.116319444,3.478038194,5.788194444,3.524305556,2.718229167
4:50,11.63677,11.63677,11.60939,11.63677,1,5.788194444,19.625,4.116319444,3.478038194,5.788194444,3.524305556,2.718142361
4:52,11.58526,11.58526,11.62498,11.58526,1,5.788194444,19.62951389,4.116319444,3.478038194,5.788194444,3.524305556,2.72265625
4:54,11.58544,11.58544,11.55186,11.58544,1,5.788194444,19.61050347,4.116319444,3.478038194,5.788194444,3.524305556,2.703645833
4:56,11.56195,11.56195,11.58382,11.56195,1,5.743923611,19.72934028,4.131076389,3.573784722,5.743923611,3.557291667,2.723263889
4:58,11.5338,11.5338,11.52457,11.5338,1,5.743923611,19.71371528,4.131076389,3.573784722,5.743923611,3.557291667,2.707638889
5:00,11.45687,11.45687,11.47011,11.45687,1,5.743923611,19.71328125,4.131076389,3.573784722,5.743923611,3.557291667,2.707204861
5:02,11.3492,11.3492,11.35714,11.3492,1,5.743923611,19.68463542,4.131076389,3.573784722,5.743923611,3.557291667,2.678559028
5:04,11.51233,11.51233,11.41941,11.51233,1,5.699652778,19.6390625,4.125868056,3.577256944,5.699652778,3.556423611,2.679861111
5:06,11.76658,11.76658,11.80127,11.76658,1,5.699652778,19.63923611,4.125868056,3.577256944,5.699652778,3.556423611,2.680034722
5:08,11.73379,11.73379,11.76311,11.73379,1,5.699652778,19.67994792,4.125868056,3.577256944,5.699652778,3.556423611,2.720746528
5:10,11.63866,11.63866,11.63351,11.63866,1,5.699652778,19.68993056,4.125868056,3.577256944,5.699652778,3.556423611,2.730729167
5:12,11.51516,11.51516,11.53489,11.51516,1,5.671875,19.67699653,4.138020833,3.575520833,5.671875,3.576388889,2.715190972
5:14,11.59314,11.59314,11.52664,11.59314,1,5.671875,19.67092014,4.138020833,3.575520833,5.671875,3.576388889,2.709114583
5:16,11.67926,11.67926,11.7149,11.67926,1,5.671875,19.67300347,4.138020833,3.575520833,5.671875,3.576388889,2.711197917
5:18,11.63661,11.63661,11.64674,11.63661,1,5.671875,19.67751736,4.138020833,3.575520833,5.671875,3.576388889,2.715711806
5:20,11.56778,11.56778,11.5654,11.56778,1,5.703993056,19.65642361,4.126736111,3.521701389,5.703993056,3.609375,2.694618056
5:22,11.50325,11.50325,11.50492,11.50325,1,5.703993056,19.66944444,4.126736111,3.521701389,5.703993056,3.609375,2.707638889
5:24,11.45111,11.45111,11.45352,11.45111,1,5.703993056,19.65998264,4.126736111,3.521701389,5.703993056,3.609375,2.698177083
5:26,11.4564,11.4564,11.43525,11.4564,1,5.703993056,19.65390625,4.126736111,3.521701389,5.703993056,3.609375,2.692100694
5:28,11.42796,11.42796,11.45704,11.42796,1,5.730034722,19.58949653,4.1171875,3.454513889,5.730034722,3.594618056,2.693142361
5:30,11.54217,11.54217,11.47306,11.54217,1,5.730034722,19.57795139,4.1171875,3.454513889,5.730034722,3.594618056,2.681597222
5:32,11.70843,11.70843,11.73129,11.70843,1,5.730034722,19.58888889,4.1171875,3.454513889,5.730034722,3.594618056,2.692534722
5:34,11.67587,11.67587,11.70242,11.67587,1,5.730034722,19.59956597,4.1171875,3.454513889,5.730034722,3.594618056,2.703211806
5:36,11.65625,11.65625,11.6259,11.65625,1,5.7421875,19.69826389,4.126736111,3.463628472,5.7421875,3.644965278,2.720746528
5:38,11.6746,11.6746,11.68535,11.6746,1,5.7421875,19.76449653,4.126736111,3.463628472,5.7421875,3.644965278,2.786979167
5:40,11.64982,11.64982,11.65574,11.64982,1,5.7421875,19.7932581,4.126736111,3.463628472,5.7421875,3.644965278,2.815740741
5:42,11.66433,11.66433,11.64073,11.66433,1,5.7421875,19.81475694,4.126736111,3.463628472,5.7421875,3.644965278,2.837239583
5:44,11.55987,11.55987,11.61405,11.55987,1,5.746527778,19.7853588,4.137731481,3.443171296,5.746527778,3.591435185,2.866493056
5:46,11.51437,11.51437,11.46557,11.51437,1,5.746527778,19.78674769,4.137731481,3.443171296,5.746527778,3.591435185,2.867881944
5:48,11.44811,11.44811,11.47012,11.44811,1,5.746527778,19.73405671,4.137731481,3.443171296,5.746527778,3.591435185,2.815190972
5:50,11.52397,11.52397,11.48756,11.52397,1,5.7734375,20.33567708,4.128472222,3.442621528,5.7734375,3.578993056,3.412152778
5:52,11.74449,11.74449,11.71664,11.74449,1,5.7734375,20.08723958,4.128472222,3.442621528,5.7734375,3.578993056,3.163715278
5:54,11.87842,11.87842,11.90533,11.87842,1,5.7734375,20.04609375,4.128472222,3.442621528,5.7734375,3.578993056,3.122569444
5:56,11.89268,11.89268,11.89096,11.89268,1,5.7734375,20.07274306,4.128472222,3.442621528,5.7734375,3.578993056,3.14921875
5:58,11.81703,11.81703,11.83796,11.81703,1,5.796006944,20.08984375,4.134548611,3.496006944,5.796006944,3.614583333,3.048697917
6:00,11.80246,11.80246,11.77389,11.80246,1,5.796006944,20.07673611,4.134548611,3.496006944,5.796006944,3.614583333,3.035590278
6:02,11.86215,11.86215,11.83728,11.86215,1,5.796006944,20.09947917,4.134548611,3.496006944,5.796006944,3.614583333,3.058333333
6:04,11.85184,11.85184,11.8246,11.85184,1,5.796006944,20.10442708,4.134548611,3.496006944,5.796006944,3.614583333,3.06328125
6:06,11.91561,11.91561,11.80823,11.91561,1,5.625,19.96059028,4.144097222,3.508680556,5.625,3.634548611,3.048263889
6:08,11.74845,11.74845,11.83333,11.74845,1,5.625,19.95911458,4.144097222,3.508680556,5.625,3.634548611,3.046788194
6:10,11.61978,11.61978,11.48153,11.61978,1,5.625,19.95104167,4.144097222,3.508680556,5.625,3.634548611,3.038715278
6:12,11.70285,11.70285,11.66711,11.70285,1,5.625,19.91432292,4.144097222,3.508680556,5.625,3.634548611,3.001996528
6:14,11.70574,11.70574,11.67789,11.70574,1,5.5390625,19.86241319,4.141493056,3.538194444,5.5390625,3.634548611,3.009114583
6:16,11.71241,11.71241,11.64977,11.71241,1,5.5390625,19.7578125,4.141493056,3.538194444,5.5390625,3.634548611,2.904513889
6:18,11.82531,11.82531,11.75244,11.82531,1,5.5390625,19.81047454,4.141493056,3.538194444,5.5390625,3.634548611,2.957175926
6:20,11.84507,11.84507,11.75072,11.84507,1,5.5390625,19.84930556,4.141493056,3.538194444,5.5390625,3.634548611,2.996006944
6:22,12.0953,12.0953,12.03234,12.0953,1,5.772569444,19.73246528,4.128472222,3.502604167,5.772569444,3.6171875,2.711631944
6:24,12.34067,12.34067,12.30193,12.34067,1,5.772569444,19.80685764,4.128472222,3.502604167,5.772569444,3.6171875,2.786024306
6:26,12.43573,12.43573,12.39376,12.43573,1,5.772569444,20.03142361,4.128472222,3.502604167,5.772569444,3.6171875,3.010590278
6:28,12.46642,12.46642,12.42381,12.46642,1,5.772569444,20.08263889,4.128472222,3.502604167,5.772569444,3.6171875,3.061805556
6:30,12.53127,12.53127,12.46024,12.53127,1,6.479166667,20.72569444,4.124131944,3.544270833,6.479166667,3.520833333,3.057291667
6:32,12.43138,12.43138,12.45696,12.43138,1,6.479166667,20.74375,4.124131944,3.544270833,6.479166667,3.520833333,3.075347222
6:34,12.29487,12.29487,12.22529,12.29487,1,6.479166667,20.73324653,4.124131944,3.544270833,6.479166667,3.520833333,3.06484375
6:36,12.20161,12.20161,12.17695,12.20161,1,6.479166667,20.72821181,4.124131944,3.544270833,6.479166667,3.520833333,3.059809028
6:38,12.16501,12.16501,12.1055,12.16501,1,6.659722222,20.79123264,4.107638889,3.469791667,6.659722222,3.494270833,3.059809028
6:40,12.0354,12.0354,12.04652,12.0354,1,6.659722222,20.76414931,4.107638889,3.469791667,6.659722222,3.494270833,3.032725694
6:42,11.98426,11.98426,11.87793,11.98426,1,6.659722222,20.69036458,4.107638889,3.469791667,6.659722222,3.494270833,2.958940972
6:44,11.93329,11.93329,11.94917,11.93329,1,6.659722222,20.67413194,4.107638889,3.469791667,6.659722222,3.494270833,2.942708333
6:46,11.91579,11.91579,11.81403,11.91579,1,6.4140625,20.51762153,4.140625,3.472395833,6.4140625,3.525173611,2.965364583
6:48,11.84121,11.84121,11.86375,11.84121,1,6.4140625,20.48697917,4.140625,3.472395833,6.4140625,3.525173611,2.934722222
6:50,11.81619,11.81619,11.7173,11.81619,1,6.4140625,20.47942708,4.140625,3.472395833,6.4140625,3.525173611,2.927170139
6:52,11.97902,11.97902,11.91026,11.97902,1,6.4140625,20.49505208,4.140625,3.472395833,6.4140625,3.525173611,2.942795139
6:54,12.0787,12.0787,12.06644,12.0787,1,6.276041667,20.38712384,4.169270833,3.479340278,6.276041667,3.49453125,2.967939815
6:56,12.09769,12.09769,12.03063,12.09769,1,6.276041667,20.37352431,4.169270833,3.479340278,6.276041667,3.49453125,2.954340278
6:58,12.11262,12.11262,12.07309,12.11262,1,6.276041667,20.36189236,4.169270833,3.479340278,6.276041667,3.49453125,2.942708333
7:00,12.114,12.114,12.05201,12.114,1,6.276041667,20.38958333,4.169270833,3.479340278,6.276041667,3.49453125,2.970399306
7:02,12.17713,12.17713,12.12609,12.17713,1,6.28125,20.43289931,4.203993056,3.478559028,6.28125,3.549479167,2.919618056
7:04,12.12371,12.12371,12.05485,12.12371,1,6.28125,20.46510417,4.203993056,3.478559028,6.28125,3.549479167,2.951822917
7:06,12.23849,12.23849,12.13605,12.23849,1,6.28125,21.71779514,4.203993056,3.478559028,6.28125,3.549479167,4.204513889
7:08,12.49343,12.49343,12.43153,12.49343,1,6.28125,22.44296875,4.203993056,3.478559028,6.28125,3.549479167,4.9296875
7:10,12.66339,12.66339,12.62628,12.66339,1,6.3203125,22.54973958,4.175347222,3.434288194,6.3203125,3.547743056,5.072048611
7:12,12.77283,12.77283,12.71025,12.77283,1,6.3203125,22.63654514,4.175347222,3.434288194,6.3203125,3.547743056,5.158854167
7:14,12.94985,12.94985,12.87319,12.94985,1,6.3203125,22.70164931,4.175347222,3.434288194,6.3203125,3.547743056,5.223958333
7:16,13.05003,13.05003,13.03882,13.05003,1,6.3203125,22.74331597,4.175347222,3.434288194,6.3203125,3.547743056,5.265625
7:18,13.1161,13.1161,13.03603,13.1161,1,6.265625,22.66961806,4.180555556,3.460416667,6.265625,3.532986111,5.230034722
7:20,13.25839,13.25839,13.20414,13.25839,1,6.265625,22.66006944,4.180555556,3.460416667,6.265625,3.532986111,5.220486111
7:22,13.34086,13.34086,13.32091,13.34086,1,6.265625,22.71215278,4.180555556,3.460416667,6.265625,3.532986111,5.272569444
7:24,13.31809,13.31809,13.27579,13.31809,1,6.265625,22.75902778,4.180555556,3.460416667,6.265625,3.532986111,5.319444444
7:26,13.21582,13.21582,13.19449,13.21582,1,6.374131944,22.89670139,4.197916667,3.454427083,6.374131944,3.48828125,5.381944444
7:28,13.18874,13.18874,13.10351,13.18874,1,6.374131944,22.86979167,4.197916667,3.454427083,6.374131944,3.48828125,5.355034722
7:30,13.16092,13.16092,13.15208,13.16092,1,6.374131944,22.84924769,4.197916667,3.454427083,6.374131944,3.48828125,5.334490741
7:32,13.11503,13.11503,13.04292,13.11503,1,6.374131944,22.84288194,4.197916667,3.454427083,6.374131944,3.48828125,5.328125
7:34,13.09257,13.09257,13.06577,13.09257,1,6.348958333,22.75746528,4.171006944,3.457986111,6.348958333,3.489583333,5.289930556
7:36,13.04439,13.04439,12.99194,13.04439,1,6.348958333,22.75138889,4.171006944,3.457986111,6.348958333,3.489583333,5.283854167
7:38,13.04061,13.04061,12.99507,13.04061,1,6.348958333,22.70451389,4.171006944,3.457986111,6.348958333,3.489583333,5.236979167
7:40,13.14153,13.14153,13.05681,13.14153,1,6.348958333,22.71927083,4.171006944,3.457986111,6.348958333,3.489583333,5.251736111
7:42,13.13042,13.13042,13.15203,13.13042,1,6.376736111,22.72508681,4.163194444,3.458420139,6.376736111,3.4515625,5.275173611
7:44,13.08621,13.08621,12.99236,13.08621,1,6.376736111,22.74939236,4.163194444,3.458420139,6.376736111,3.4515625,5.299479167
7:46,13.14398,13.14398,13.1207,13.14398,1,6.376736111,22.75199653,4.163194444,3.458420139,6.376736111,3.4515625,5.302083333
7:48,13.24193,13.24193,13.16661,13.24193,1,6.376736111,22.70598958,4.163194444,3.458420139,6.376736111,3.4515625,5.256076389
7:50,13.26613,13.26613,13.25461,13.26613,1,6.401909722,22.89418403,4.181423611,3.450607639,6.401909722,3.513020833,5.347222222
7:52,13.28165,13.28165,13.20236,13.28165,1,6.401909722,22.85164931,4.181423611,3.450607639,6.401909722,3.513020833,5.3046875
7:54,13.29699,13.29699,13.26799,13.29699,1,6.401909722,22.86814236,4.181423611,3.450607639,6.401909722,3.513020833,5.321180556
7:56,13.27552,13.27552,13.22502,13.27552,1,6.401909722,22.87855903,4.181423611,3.450607639,6.401909722,3.513020833,5.331597222
7:58,13.25292,13.25292,13.2073,13.25292,1,6.252604167,22.6734375,4.165798611,3.488628472,6.252604167,3.491232639,5.275173611
8:00,13.30739,13.30739,13.24386,13.30739,1,6.252604167,22.63611111,4.165798611,3.488628472,6.252604167,3.491232639,5.237847222
8:02,13.37904,13.37904,13.33241,13.37904,1,6.252604167,22.67864583,4.165798611,3.488628472,6.252604167,3.491232639,5.280381944
8:04,13.38991,13.38991,13.35718,13.38991,1,6.252604167,22.68819444,4.165798611,3.488628472,6.252604167,3.491232639,5.289930556
8:06,13.39478,13.39478,13.34427,13.39478,1,6.221064815,22.61203704,4.200231481,3.458101852,6.221064815,3.515046296,5.217592593
8:08,13.40292,13.40292,13.34471,13.40292,1,6.221064815,22.62361111,4.200231481,3.458101852,6.221064815,3.515046296,5.229166667
8:10,13.42595,13.42595,13.38241,13.42595,1,6.221064815,22.65746528,4.200231481,3.458101852,6.221064815,3.515046296,5.263020833
8:12,13.33327,13.33327,13.328,13.33327,1,6.359375,22.63411458,4.144097222,3.421440972,6.359375,3.500868056,5.208333333
8:14,13.24095,13.24095,13.154,13.24095,1,6.359375,22.63498264,4.144097222,3.421440972,6.359375,3.500868056,5.209201389
8:16,13.28112,13.28112,13.23507,13.28112,1,6.359375,22.65668403,4.144097222,3.421440972,6.359375,3.500868056,5.230902778
8:18,13.36745,13.36745,13.29383,13.36745,1,6.359375,22.66189236,4.144097222,3.421440972,6.359375,3.500868056,5.236111111
8:20,13.38487,13.38487,13.38149,13.38487,1,6.518229167,22.74496528,4.144965278,3.390798611,6.518229167,3.452256944,5.238715278
8:22,13.35117,13.35117,13.26269,13.35117,1,6.518229167,22.71805556,4.144965278,3.390798611,6.518229167,3.452256944,5.211805556
8:24,13.3823,13.3823,13.34993,13.3823,1,6.518229167,22.69809028,4.144965278,3.390798611,6.518229167,3.452256944,5.191840278
8:26,13.45185,13.45185,13.39781,13.45185,1,6.518229167,22.67552083,4.144965278,3.390798611,6.518229167,3.452256944,5.169270833
8:28,13.55281,13.55281,13.47362,13.55281,1,6.607638889,22.72057292,4.129340278,3.443055556,6.607638889,3.374739583,5.165798611
8:30,13.54061,13.54061,13.57894,13.54061,1,6.607638889,22.76223958,4.129340278,3.443055556,6.607638889,3.374739583,5.207465278
8:32,13.55798,13.55798,13.40781,13.55798,1,6.607638889,22.75442708,4.129340278,3.443055556,6.607638889,3.374739583,5.199652778
8:34,13.58131,13.58131,13.62711,13.58131,1,6.607638889,22.78046875,4.129340278,3.443055556,6.607638889,3.374739583,5.225694444
8:36,13.55834,13.55834,13.4614,13.55834,1,6.728298611,22.87543403,4.125868056,3.441059028,6.728298611,3.401388889,5.178819444
8:38,13.58566,13.58566,13.55717,13.58566,1,6.728298611,22.89279514,4.125868056,3.441059028,6.728298611,3.401388889,5.196180556
8:40,13.46842,13.46842,13.45246,13.46842,1,6.728298611,22.87890625,4.125868056,3.441059028,6.728298611,3.401388889,5.182291667
8:42,13.42693,13.42693,13.32995,13.42693,1,6.728298611,22.88064236,4.125868056,3.441059028,6.728298611,3.401388889,5.184027778
8:44,13.38664,13.38664,13.39363,13.38664,1,6.776909722,22.94019097,4.136284722,3.489583333,6.776909722,3.393315972,5.144097222
8:46,13.38527,13.38527,13.27851,13.38527,1,6.776909722,22.83862847,4.136284722,3.489583333,6.776909722,3.393315972,5.042534722
8:48,13.44042,13.44042,13.42237,13.44042,1,6.776909722,22.93498264,4.136284722,3.489583333,6.776909722,3.393315972,5.138888889
8:50,13.38852,13.38852,13.35992,13.38852,1,6.776909722,23.03394097,4.136284722,3.489583333,6.776909722,3.393315972,5.237847222
8:52,13.30508,13.30508,13.26338,13.30508,1,6.674479167,22.90190972,4.126736111,3.476909722,6.674479167,3.462326389,5.161458333
8:54,13.27045,13.27045,13.2072,13.27045,1,6.674479167,22.83506944,4.126736111,3.476909722,6.674479167,3.462326389,5.094618056
8:56,13.27372,13.27372,13.24441,13.27372,1,6.674479167,22.859375,4.126736111,3.476909722,6.674479167,3.462326389,5.118923611
8:58,13.25866,13.25866,13.20525,13.25866,1,6.674479167,22.81423611,4.126736111,3.476909722,6.674479167,3.462326389,5.073784722
9:00,13.243,13.243,13.20817,13.243,1,6.334201389,22.55815972,4.161458333,3.498263889,6.334201389,3.539930556,5.024305556
9:02,13.29356,13.29356,13.19747,13.29356,1,6.334201389,22.53125,4.161458333,3.498263889,6.334201389,3.539930556,4.997395833
9:04,13.33458,13.33458,13.35657,13.33458,1,6.334201389,22.51996528,4.161458333,3.498263889,6.334201389,3.539930556,4.986111111
9:06,13.30813,13.30813,13.21196,13.30813,1,6.334201389,22.54861111,4.161458333,3.498263889,6.334201389,3.539930556,5.014756944
9:08,13.34881,13.34881,13.33216,13.34881,1,6.197916667,22.46006944,4.177083333,3.509548611,6.197916667,3.580729167,4.994791667
9:10,13.33826,13.33826,13.27647,13.33826,1,6.197916667,22.48958333,4.177083333,3.509548611,6.197916667,3.580729167,5.024305556
9:12,13.25096,13.25096,13.25721,13.25096,1,6.197916667,22.51475694,4.177083333,3.509548611,6.197916667,3.580729167,5.049479167
9:14,13.21387,13.21387,13.10348,13.21387,1,6.197916667,22.54774306,4.177083333,3.509548611,6.197916667,3.580729167,5.082465278
9:16,13.27936,13.27936,13.27053,13.27936,1,6.259548611,22.66319444,4.178819444,3.558159722,6.259548611,3.605034722,5.061631944
9:18,13.17078,13.17078,13.15666,13.17078,1,6.259548611,22.66059028,4.178819444,3.558159722,6.259548611,3.605034722,5.059027778
9:20,13.14689,13.14689,13.0687,13.14689,1,6.259548611,22.64409722,4.178819444,3.558159722,6.259548611,3.605034722,5.042534722
9:22,13.15944,13.15944,13.14885,13.15944,1,6.259548611,22.60503472,4.178819444,3.558159722,6.259548611,3.605034722,5.003472222
9:24,13.06185,13.06185,13.00413,13.06185,1,6.268229167,22.63194444,4.159722222,3.533854167,6.268229167,3.641493056,5.028645833
9:26,13.08104,13.08104,13.0258,13.08104,1,6.268229167,22.57986111,4.159722222,3.533854167,6.268229167,3.641493056,4.9765625
9:28,13.15772,13.15772,13.12144,13.15772,1,6.268229167,22.61892361,4.159722222,3.533854167,6.268229167,3.641493056,5.015625
9:30,13.18466,13.18466,13.13411,13.18466,1,6.268229167,22.5859375,4.159722222,3.533854167,6.268229167,3.641493056,4.982638889
9:32,13.18648,13.18648,13.14866,13.18648,1,6.401041667,22.65017361,4.176215278,3.550347222,6.401041667,3.565104167,4.957465278
9:34,13.20481,13.20481,13.14911,13.20481,1,6.401041667,22.64496528,4.176215278,3.550347222,6.401041667,3.565104167,4.952256944
9:36,13.19121,13.19121,13.17274,13.19121,1,6.401041667,22.69357639,4.176215278,3.550347222,6.401041667,3.565104167,5.000868056
9:38,13.09151,13.09151,13.05292,13.09151,1,6.401041667,22.69704861,4.176215278,3.550347222,6.401041667,3.565104167,5.004340278
9:40,13.01871,13.01871,12.96804,13.01871,1,6.235243056,22.49479167,4.159722222,3.543402778,6.235243056,3.588541667,4.967881944
9:42,13.02137,13.02137,12.95855,13.02137,1,6.235243056,22.49652778,4.159722222,3.543402778,6.235243056,3.588541667,4.969618056
9:44,13.12611,13.12611,13.06426,13.12611,1,6.235243056,22.46180556,4.159722222,3.543402778,6.235243056,3.588541667,4.934895833
9:46,13.10103,13.10103,13.11137,13.10103,1,6.235243056,22.45138889,4.159722222,3.543402778,6.235243056,3.588541667,4.924479167
9:48,12.95299,12.95299,12.89031,12.95299,1,6.184895833,22.42534722,4.165798611,3.558159722,6.184895833,3.622395833,4.894097222
9:50,12.83576,12.83576,12.8116,12.83576,1,6.184895833,22.42274306,4.165798611,3.558159722,6.184895833,3.622395833,4.891493056
9:52,12.71879,12.71879,12.67495,12.71879,1,6.184895833,22.375,4.165798611,3.558159722,6.184895833,3.622395833,4.84375
9:54,12.70694,12.70694,12.63023,12.70694,1,6.184895833,22.38078704,4.165798611,3.558159722,6.184895833,3.622395833,4.849537037
9:56,12.86279,12.86279,12.78771,12.86279,1,6.2578125,22.38888889,4.159722222,3.525173611,6.2578125,3.625,4.821180556
9:58,12.98046,12.98046,12.97816,12.98046,1,6.2578125,22.33680556,4.159722222,3.525173611,6.2578125,3.625,4.769097222
10:00,12.87968,12.87968,12.8791,12.87968,1,6.2578125,22.32378472,4.159722222,3.525173611,6.2578125,3.625,4.756076389
10:02,12.73989,12.73989,12.67008,12.73989,1,6.2578125,22.36371528,4.159722222,3.525173611,6.2578125,3.625,4.796006944
10:04,12.81802,12.81802,12.73778,12.81802,1,6.190104167,22.22135417,4.140625,3.491319444,6.190104167,3.611111111,4.788194444
10:06,12.87508,12.87508,12.88228,12.87508,1,6.190104167,22.22916667,4.140625,3.491319444,6.190104167,3.611111111,4.796006944
10:08,12.99475,12.99475,12.87502,12.99475,1,6.190104167,22.24479167,4.140625,3.491319444,6.190104167,3.611111111,4.811631944
10:10,13.10763,13.10763,13.11623,13.10763,1,6.190104167,22.22395833,4.140625,3.491319444,6.190104167,3.611111111,4.790798611
10:12,13.08057,13.08057,13.0374,13.08057,1,6.033854167,22.05,4.1953125,3.477083333,6.033854167,3.556423611,4.787326389
10:14,13.03336,13.03336,12.98628,13.03336,1,6.033854167,22.10295139,4.1953125,3.477083333,6.033854167,3.556423611,4.840277778
10:16,13.02474,13.02474,12.98288,13.02474,1,6.033854167,22.0890625,4.1953125,3.477083333,6.033854167,3.556423611,4.826388889
10:18,13.04619,13.04619,12.98782,13.04619,1,6.033854167,22.0890625,4.1953125,3.477083333,6.033854167,3.556423611,4.826388889
10:20,13.06499,13.06499,13.04951,13.06499,1,5.8046875,21.90798611,4.173611111,3.532986111,5.8046875,3.591145833,4.805555556
10:22,12.9911,12.9911,12.95477,12.9911,1,5.8046875,21.94357639,4.173611111,3.532986111,5.8046875,3.591145833,4.841145833
10:24,13.0013,13.0013,12.91649,13.0013,1,5.8046875,21.94618056,4.173611111,3.532986111,5.8046875,3.591145833,4.84375
10:26,13.02243,13.02243,13.03469,13.02243,1,5.8046875,21.88368056,4.173611111,3.532986111,5.8046875,3.591145833,4.78125
10:28,13.04901,13.04901,12.94379,13.04901,1,5.658564815,21.83101852,4.202546296,3.546296296,5.658564815,3.631944444,4.791666667
10:30,13.09212,13.09212,13.11377,13.09212,1,5.658564815,21.84143519,4.202546296,3.546296296,5.658564815,3.631944444,4.802083333
10:32,13.01208,13.01208,12.95528,13.01208,1,5.658564815,21.85966435,4.202546296,3.546296296,5.658564815,3.631944444,4.8203125
10:34,12.95931,12.95931,12.92977,12.95931,1,5.549479167,21.7265625,4.177951389,3.590277778,5.549479167,3.595486111,4.813368056
10:36,13.01826,13.01826,12.92537,13.01826,1,5.549479167,21.75260417,4.177951389,3.590277778,5.549479167,3.595486111,4.839409722
10:38,13.02924,13.02924,13.06831,13.02924,1,5.549479167,21.75607639,4.177951389,3.590277778,5.549479167,3.595486111,4.842881944
10:40,12.95139,12.95139,12.86292,12.95139,1,5.549479167,21.76041667,4.177951389,3.590277778,5.549479167,3.595486111,4.847222222
10:42,12.98289,12.98289,12.94256,12.98289,1,5.462673611,21.73090278,4.191840278,3.616319444,5.462673611,3.621527778,4.838541667
10:44,12.974,12.974,12.94845,12.974,1,5.462673611,21.75520833,4.191840278,3.616319444,5.462673611,3.621527778,4.862847222
10:46,12.92708,12.92708,12.88817,12.92708,1,5.462673611,21.75607639,4.191840278,3.616319444,5.462673611,3.621527778,4.863715278
10:48,12.86973,12.86973,12.83321,12.86973,1,5.462673611,21.75434028,4.191840278,3.616319444,5.462673611,3.621527778,4.861979167
10:50,12.79437,12.79437,12.7666,12.79437,1,5.583333333,21.82291667,4.203993056,3.59375,5.583333333,3.557291667,4.884548611
10:52,12.82487,12.82487,12.73001,12.82487,1,5.583333333,21.79513889,4.203993056,3.59375,5.583333333,3.557291667,4.856770833
10:54,12.96828,12.96828,12.94559,12.96828,1,5.583333333,21.82899306,4.203993056,3.59375,5.583333333,3.557291667,4.890625
10:56,12.96308,12.96308,12.94375,12.96308,1,5.583333333,21.8359375,4.203993056,3.59375,5.583333333,3.557291667,4.897569444
10:58,12.99386,12.99386,12.90698,12.99386,1,5.606770833,21.7578125,4.1953125,3.513020833,5.606770833,3.546875,4.895833333
11:00,12.97118,12.97118,13.00489,12.97118,1,5.606770833,21.75520833,4.1953125,3.513020833,5.606770833,3.546875,4.893229167
11:02,12.99618,12.99618,12.86275,12.99618,1,5.606770833,21.76302083,4.1953125,3.513020833,5.606770833,3.546875,4.901041667
11:04,13.1463,13.1463,13.13223,13.1463,1,5.606770833,21.81336806,4.1953125,3.513020833,5.606770833,3.546875,4.951388889
11:06,13.13133,13.13133,13.12114,13.13133,1,5.614583333,21.79346065,4.198784722,3.489930556,5.614583333,3.543402778,4.946759259
11:08,13.10351,13.10351,13.02605,13.10351,1,5.614583333,21.80069444,4.198784722,3.489930556,5.614583333,3.543402778,4.953993056
11:10,13.07252,13.07252,13.06271,13.07252,1,5.614583333,21.83802083,4.198784722,3.489930556,5.614583333,3.543402778,4.991319444
11:12,13.08138,13.08138,12.99788,13.08138,1,5.614583333,21.83368056,4.198784722,3.489930556,5.614583333,3.543402778,4.986979167
11:14,13.07407,13.07407,13.07225,13.07407,1,5.541666667,21.78819444,4.205729167,3.495833333,5.541666667,3.498090278,5.046875
11:16,13.13644,13.13644,13.02521,13.13644,1,5.541666667,21.84809028,4.205729167,3.495833333,5.541666667,3.498090278,5.106770833
11:18,13.18608,13.18608,13.19946,13.18608,1,5.541666667,21.80815972,4.205729167,3.495833333,5.541666667,3.498090278,5.066840278
11:20,13.1416,13.1416,13.08447,13.1416,1,5.541666667,21.86458333,4.205729167,3.495833333,5.541666667,3.498090278,5.123263889
11:22,13.13496,13.13496,13.08411,13.13496,1,5.563368056,21.84071181,4.207465278,3.518229167,5.563368056,3.483940972,5.067708333
11:24,13.09563,13.09563,13.0874,13.09563,1,5.563368056,21.87196181,4.207465278,3.518229167,5.563368056,3.483940972,5.098958333
11:26,13.12639,13.12639,13.01871,13.12639,1,5.563368056,21.79557292,4.207465278,3.518229167,5.563368056,3.483940972,5.022569444
11:28,13.16796,13.16796,13.17299,13.16796,1,5.563368056,21.82769097,4.207465278,3.518229167,5.563368056,3.483940972,5.0546875
11:30,13.07209,13.07209,13.04768,13.07209,1,5.540798611,21.74852431,4.217881944,3.470746528,5.540798611,3.513888889,5.005208333
11:32,13.00972,13.00972,12.94112,13.00972,1,5.540798611,21.76935764,4.217881944,3.470746528,5.540798611,3.513888889,5.026041667
11:34,13.07512,13.07512,13.01297,13.07512,1,5.540798611,21.77803819,4.217881944,3.470746528,5.540798611,3.513888889,5.034722222
11:36,13.18054,13.18054,13.13991,13.18054,1,5.540798611,21.76588542,4.217881944,3.470746528,5.540798611,3.513888889,5.022569444
11:38,13.243,13.243,13.20882,13.243,1,5.396701389,21.70876736,4.245659722,3.496961806,5.396701389,3.550347222,5.019097222
11:40,13.10977,13.10977,13.12054,13.10977,1,5.396701389,21.68793403,4.245659722,3.496961806,5.396701389,3.550347222,4.998263889
11:42,13.07379,13.07379,12.96496,13.07379,1,5.396701389,21.77647569,4.245659722,3.496961806,5.396701389,3.550347222,5.086805556
11:44,13.2277,13.2277,13.16417,13.2277,1,5.396701389,21.77907986,4.245659722,3.496961806,5.396701389,3.550347222,5.089409722
11:46,13.25529,13.25529,13.26595,13.25529,1,5.393229167,21.71996528,4.2109375,3.487326389,5.393229167,3.563368056,5.065104167
11:48,13.19235,13.19235,13.14105,13.19235,1,5.393229167,21.69652778,4.2109375,3.487326389,5.393229167,3.563368056,5.041666667
11:50,13.18208,13.18208,13.11206,13.18208,1,5.393229167,21.68263889,4.2109375,3.487326389,5.393229167,3.563368056,5.027777778
11:52,13.15116,13.15116,13.148,13.15116,1,5.393229167,21.70520833,4.2109375,3.487326389,5.393229167,3.563368056,5.050347222
11:54,13.146,13.146,13.04352,13.146,1,5.345486111,21.65529514,4.184027778,3.497309028,5.345486111,3.611111111,5.017361111
11:56,13.19277,13.19277,13.19765,13.19277,1,5.345486111,21.65182292,4.184027778,3.497309028,5.345486111,3.611111111,5.013888889
11:58,13.24942,13.24942,13.14865,13.24942,1,5.345486111,21.69175347,4.184027778,3.497309028,5.345486111,3.611111111,5.053819444
12:00,13.35886,13.35886,13.32278,13.35886,1,5.345486111,21.65182292,4.184027778,3.497309028,5.345486111,3.611111111,5.013888889
12:02,13.34563,13.34563,13.33772,13.34563,1,5.453993056,21.86545139,4.235243056,3.530381944,5.453993056,3.612847222,5.032986111
12:04,13.32774,13.32774,13.23489,13.32774,1,5.453993056,21.87239583,4.235243056,3.530381944,5.453993056,3.612847222,5.039930556
12:06,13.39035,13.39035,13.3559,13.39035,1,5.453993056,21.87152778,4.235243056,3.530381944,5.453993056,3.612847222,5.0390625
12:08,13.37311,13.37311,13.35452,13.37311,1,5.453993056,21.90972222,4.235243056,3.530381944,5.453993056,3.612847222,5.077256944
12:10,13.35108,13.35108,13.27483,13.35108,1,5.508680556,21.97135417,4.227430556,3.526909722,5.508680556,3.645833333,5.0625
12:12,13.38124,13.38124,13.3428,13.38124,1,5.508680556,21.92361111,4.227430556,3.526909722,5.508680556,3.645833333,5.014756944
12:14,13.33356,13.33356,13.30883,13.33356,1,5.508680556,21.98524306,4.227430556,3.526909722,5.508680556,3.645833333,5.076388889
12:16,13.26167,13.26167,13.20613,13.26167,1,5.508680556,22.01996528,4.227430556,3.526909722,5.508680556,3.645833333,5.111111111
12:18,13.15174,13.15174,13.13368,13.15174,1,5.463541667,21.91319444,4.192708333,3.533854167,5.463541667,3.596354167,5.126736111
12:20,13.13312,13.13312,13.03688,13.13312,1,5.463541667,21.84664352,4.192708333,3.533854167,5.463541667,3.596354167,5.060185185
12:22,13.12308,13.12308,13.11993,13.12308,1,5.463541667,21.85243056,4.192708333,3.533854167,5.463541667,3.596354167,5.065972222
12:24,13.16751,13.16751,13.07658,13.16751,1,5.463541667,21.84375,4.192708333,3.533854167,5.463541667,3.596354167,5.057291667
12:26,13.21997,13.21997,13.19029,13.21997,1,5.448784722,21.78385417,4.203125,3.527777778,5.448784722,3.547743056,5.056423611
12:28,13.22729,13.22729,13.17307,13.22729,1,5.448784722,21.79513889,4.203125,3.527777778,5.448784722,3.547743056,5.067708333
12:30,13.1929,13.1929,13.16635,13.1929,1,5.448784722,21.81857639,4.203125,3.527777778,5.448784722,3.547743056,5.091145833
12:32,13.15386,13.15386,13.09271,13.15386,1,5.448784722,21.84461806,4.203125,3.527777778,5.448784722,3.547743056,5.1171875
12:34,13.16927,13.16927,13.1195,13.16927,1,5.420138889,21.85260417,4.342881944,3.491145833,5.420138889,3.467361111,5.131076389
12:36,13.14537,13.14537,13.11403,13.14537,1,5.420138889,21.81788194,4.342881944,3.491145833,5.420138889,3.467361111,5.096354167
12:38,13.06834,13.06834,13.03673,13.06834,1,5.420138889,21.86475694,4.342881944,3.491145833,5.420138889,3.467361111,5.143229167
12:40,13.11932,13.11932,13.01812,13.11932,1,5.420138889,21.87256944,4.342881944,3.491145833,5.420138889,3.467361111,5.151041667
12:42,13.16657,13.16657,13.16886,13.16657,1,5.375,21.86996528,4.401041667,3.498958333,5.375,3.501215278,5.09375
12:44,13.20051,13.20051,13.12497,13.20051,1,5.375,21.89166667,4.401041667,3.498958333,5.375,3.501215278,5.115451389
12:46,13.33806,13.33806,13.25671,13.33806,1,5.375,21.91770833,4.401041667,3.498958333,5.375,3.501215278,5.141493056
12:48,13.49222,13.49222,13.45771,13.49222,1,5.375,21.94288194,4.401041667,3.498958333,5.375,3.501215278,5.166666667
12:50,13.45317,13.45317,13.45198,13.45317,1,5.342592593,22.01336806,4.399305556,3.520023148,5.342592593,3.554398148,5.197048611
12:52,13.22371,13.22371,13.19593,13.22371,1,5.342592593,21.93611111,4.399305556,3.520023148,5.342592593,3.554398148,5.119791667
12:54,13.20279,13.20279,13.09194,13.20279,1,5.342592593,21.96041667,4.399305556,3.520023148,5.342592593,3.554398148,5.144097222
12:56,13.26738,13.26738,13.26084,13.26738,1,5.364583333,22.03153935,4.4140625,3.566840278,5.364583333,3.552951389,5.133101852
12:58,13.26721,13.26721,13.20996,13.26721,1,5.364583333,22.05208333,4.4140625,3.566840278,5.364583333,3.552951389,5.153645833
13:00,13.24741,13.24741,13.21448,13.24741,1,5.364583333,22.05555556,4.4140625,3.566840278,5.364583333,3.552951389,5.157118056
13:02,13.1988,13.1988,13.14783,13.1988,1,5.364583333,22.05034722,4.4140625,3.566840278,5.364583333,3.552951389,5.151909722
13:04,13.16232,13.16232,13.1261,13.16232,1,5.348958333,21.96189236,4.3984375,3.517447917,5.348958333,3.564236111,5.1328125
13:06,13.12904,13.12904,13.07673,13.12904,1,5.348958333,21.99140625,4.3984375,3.517447917,5.348958333,3.564236111,5.162326389
13:08,13.12679,13.12679,13.08559,13.12679,1,5.348958333,21.97751736,4.3984375,3.517447917,5.348958333,3.564236111,5.1484375
13:10,13.16156,13.16156,13.08988,13.16156,1,5.348958333,21.97838542,4.3984375,3.517447917,5.348958333,3.564236111,5.149305556
13:12,13.21818,13.21818,13.18351,13.21818,1,5.354166667,22.01302083,4.403645833,3.575520833,5.354166667,3.513888889,5.165798611
13:14,13.17012,13.17012,13.1484,13.17012,1,5.354166667,21.953125,4.403645833,3.575520833,5.354166667,3.513888889,5.105902778
13:16,13.23687,13.23687,13.1234,13.23687,1,5.354166667,21.95833333,4.403645833,3.575520833,5.354166667,3.513888889,5.111111111
13:18,13.29151,13.29151,13.30794,13.29151,1,5.354166667,21.97569444,4.403645833,3.575520833,5.354166667,3.513888889,5.128472222
13:20,13.25748,13.25748,13.18068,13.25748,1,5.360243056,21.95399306,4.399305556,3.545138889,5.360243056,3.529513889,5.119791667
13:22,13.25197,13.25197,13.21563,13.25197,1,5.360243056,21.95399306,4.399305556,3.545138889,5.360243056,3.529513889,5.119791667
13:24,13.19068,13.19068,13.16342,13.19068,1,5.360243056,21.96701389,4.399305556,3.545138889,5.360243056,3.529513889,5.1328125
13:26,13.12925,13.12925,13.06454,13.12925,1,5.360243056,21.93055556,4.399305556,3.545138889,5.360243056,3.529513889,5.096354167
13:28,13.11526,13.11526,13.0737,13.11526,1,5.394965278,22.12673611,4.409722222,3.652777778,5.394965278,3.546875,5.122395833
13:30,13.07675,13.07675,13.03774,13.07675,1,5.394965278,22.06597222,4.409722222,3.652777778,5.394965278,3.546875,5.061631944
13:32,13.05796,13.05796,13.00233,13.05796,1,5.394965278,22.06568287,4.409722222,3.652777778,5.394965278,3.546875,5.061342593
13:34,13.06577,13.06577,13.0168,13.06577,1,5.394965278,22.09982639,4.409722222,3.652777778,5.394965278,3.546875,5.095486111
13:36,13.1105,13.1105,13.05755,13.1105,1,5.431423611,22.12413194,4.4296875,3.6484375,5.431423611,3.525173611,5.089409722
13:38,13.15673,13.15673,13.10022,13.15673,1,5.431423611,22.13194444,4.4296875,3.6484375,5.431423611,3.525173611,5.097222222
13:40,13.1717,13.1717,13.14766,13.1717,1,5.431423611,22.14930556,4.4296875,3.6484375,5.431423611,3.525173611,5.114583333
13:42,13.06891,13.06891,13.03649,13.06891,1,5.431423611,22.14756944,4.4296875,3.6484375,5.431423611,3.525173611,5.112847222
13:44,13.0247,13.0247,12.94988,13.0247,1,5.453125,22.16145833,4.419270833,3.6640625,5.453125,3.503472222,5.121527778
13:46,13.03155,13.03155,12.99917,13.03155,1,5.453125,22.14409722,4.419270833,3.6640625,5.453125,3.503472222,5.104166667
13:48,13.00748,13.00748,12.95912,13.00748,1,5.453125,22.13715278,4.419270833,3.6640625,5.453125,3.503472222,5.097222222
13:50,12.9477,12.9477,12.92238,12.9477,1,5.453125,22.16666667,4.419270833,3.6640625,5.453125,3.503472222,5.126736111
13:52,12.95445,12.95445,12.86227,12.95445,1,5.473090278,22.20746528,4.446180556,3.664930556,5.473090278,3.502604167,5.120659722
13:54,12.91296,12.91296,12.90901,12.91296,1,5.473090278,22.18489583,4.446180556,3.664930556,5.473090278,3.502604167,5.098090278
13:56,12.95338,12.95338,12.86438,12.95338,1,5.473090278,22.18836806,4.446180556,3.664930556,5.473090278,3.502604167,5.1015625
13:58,12.94126,12.94126,12.92373,12.94126,1,5.473090278,22.20225694,4.446180556,3.664930556,5.473090278,3.502604167,5.115451389
14:00,12.83624,12.83624,12.80719,12.83624,1,5.40625,22.14583333,4.441840278,3.644097222,5.40625,3.580729167,5.072916667
14:02,12.8196,12.8196,12.73398,12.8196,1,5.40625,22.17534722,4.441840278,3.644097222,5.40625,3.580729167,5.102430556
14:04,12.86762,12.86762,12.82601,12.86762,1,5.40625,22.22135417,4.441840278,3.644097222,5.40625,3.580729167,5.1484375
14:06,12.85367,12.85367,12.82635,12.85367,1,5.40625,22.203125,4.441840278,3.644097222,5.40625,3.580729167,5.130208333
14:08,12.85925,12.85925,12.78312,12.85925,1,5.392361111,22.20891204,4.413194444,3.608506944,5.392361111,3.646701389,5.148148148
14:10,12.91511,12.91511,12.87422,12.91511,1,5.392361111,22.17621528,4.413194444,3.608506944,5.392361111,3.646701389,5.115451389
14:12,12.93632,12.93632,12.89118,12.93632,1,5.392361111,22.17621528,4.413194444,3.608506944,5.392361111,3.646701389,5.115451389
14:14,13.02485,13.02485,12.94145,13.02485,1,5.392361111,22.18142361,4.413194444,3.608506944,5.392361111,3.646701389,5.120659722
14:16,12.95446,12.95446,12.99886,12.95446,1,5.348958333,22.09982639,4.392361111,3.613715278,5.348958333,3.618923611,5.125868056
14:18,12.80681,12.80681,12.716,12.80681,1,5.348958333,22.15190972,4.392361111,3.613715278,5.348958333,3.618923611,5.177951389
14:20,12.85607,12.85607,12.78468,12.85607,1,5.348958333,22.12673611,4.392361111,3.613715278,5.348958333,3.618923611,5.152777778
14:22,12.89617,12.89617,12.87975,12.89617,1,5.348958333,22.13454861,4.392361111,3.613715278,5.348958333,3.618923611,5.160590278
14:24,12.91835,12.91835,12.84414,12.91835,1,5.352430556,22.22395833,4.4140625,3.678819444,5.352430556,3.59375,5.184895833
14:26,12.88241,12.88241,12.88259,12.88241,1,5.352430556,22.18836806,4.4140625,3.678819444,5.352430556,3.59375,5.149305556
14:28,12.88508,12.88508,12.79075,12.88508,1,5.352430556,22.20138889,4.4140625,3.678819444,5.352430556,3.59375,5.162326389
14:30,12.86734,12.86734,12.86676,12.86734,1,5.352430556,22.21788194,4.4140625,3.678819444,5.352430556,3.59375,5.178819444
14:32,12.78345,12.78345,12.73215,12.78345,1,5.380208333,22.15972222,4.380208333,3.640625,5.380208333,3.600694444,5.157986111
14:34,12.7311,12.7311,12.68672,12.7311,1,5.380208333,22.16059028,4.380208333,3.640625,5.380208333,3.600694444,5.158854167
14:36,12.71679,12.71679,12.66017,12.71679,1,5.380208333,22.19010417,4.380208333,3.640625,5.380208333,3.600694444,5.188368056
14:38,12.68471,12.68471,12.65175,12.68471,1,5.380208333,22.19097222,4.380208333,3.640625,5.380208333,3.600694444,5.189236111
14:40,12.66724,12.66724,12.60269,12.66724,1,5.626736111,21.64522569,4.536458333,2.593142361,5.626736111,3.691840278,5.197048611
14:42,12.71125,12.71125,12.65707,12.71125,1,5.626736111,21.62092014,4.536458333,2.593142361,5.626736111,3.691840278,5.172743056
14:44,12.7269,12.7269,12.69026,12.7269,1,5.626736111,21.59864005,4.536458333,2.593142361,5.626736111,3.691840278,5.150462963
14:46,12.66744,12.66744,12.63038,12.66744,1,5.626736111,21.57751736,4.536458333,2.593142361,5.626736111,3.691840278,5.129340278
14:48,12.58106,12.58106,12.53586,12.58106,1,5.868923611,21.68168403,4.704861111,2.127864583,5.868923611,3.811631944,5.168402778
14:50,12.5957,12.5957,12.51617,12.5957,1,5.868923611,21.67821181,4.704861111,2.127864583,5.868923611,3.811631944,5.164930556
14:52,12.597,12.597,12.59076,12.597,1,5.868923611,21.64262153,4.704861111,2.127864583,5.868923611,3.811631944,5.129340278
14:54,12.65997,12.65997,12.54622,12.65997,1,5.868923611,21.62439236,4.704861111,2.127864583,5.868923611,3.811631944,5.111111111
14:56,12.67591,12.67591,12.69616,12.67591,1,5.752604167,21.62421875,4.6015625,2.387239583,5.752604167,3.778645833,5.104166667
14:58,12.71087,12.71087,12.59521,12.71087,1,5.752604167,21.59036458,4.6015625,2.387239583,5.752604167,3.778645833,5.0703125
15:00,12.7922,12.7922,12.77962,12.7922,1,5.752604167,21.60338542,4.6015625,2.387239583,5.752604167,3.778645833,5.083333333
15:02,12.8,12.8,12.74363,12.8,1,5.752604167,21.64765625,4.6015625,2.387239583,5.752604167,3.778645833,5.127604167
15:04,12.82026,12.82026,12.76024,12.82026,1,5.651041667,21.52699653,4.579861111,2.521788194,5.651041667,3.688368056,5.0859375
15:06,12.91087,12.91087,12.86181,12.91087,1,5.651041667,21.54869792,4.579861111,2.521788194,5.651041667,3.688368056,5.107638889
15:08,12.93809,12.93809,12.89587,12.93809,1,5.651041667,21.54435764,4.579861111,2.521788194,5.651041667,3.688368056,5.103298611
15:10,13.06808,13.06808,12.96976,13.06808,1,5.651041667,21.61206597,4.579861111,2.521788194,5.651041667,3.688368056,5.171006944
15:12,13.11827,13.11827,13.12764,13.11827,1,5.517361111,21.40271991,4.541666667,2.592824074,5.517361111,3.59375,5.157118056
15:14,13.07618,13.07618,13.00757,13.07618,1,5.517361111,21.38275463,4.541666667,2.592824074,5.517361111,3.59375,5.137152778
15:16,12.89011,12.89011,12.92492,12.89011,1,5.517361111,21.38622685,4.541666667,2.592824074,5.517361111,3.59375,5.140625
15:18,12.85772,12.85772,12.69241,12.85772,1,5.480902778,21.31223958,4.486979167,2.62734375,5.480902778,3.568576389,5.1484375
15:20,12.95018,12.95018,12.97393,12.95018,1,5.480902778,21.32005208,4.486979167,2.62734375,5.480902778,3.568576389,5.15625
15:22,12.91274,12.91274,12.84982,12.91274,1,5.480902778,21.28793403,4.486979167,2.62734375,5.480902778,3.568576389,5.124131944
15:24,12.88073,12.88073,12.84258,12.88073,1,5.480902778,21.25407986,4.486979167,2.62734375,5.480902778,3.568576389,5.090277778
15:26,12.9693,12.9693,12.86231,12.9693,1,5.374131944,21.19574653,4.472222222,2.645833333,5.374131944,3.541232639,5.162326389
15:28,13.00728,13.00728,13.02395,13.00728,1,5.374131944,21.13324653,4.472222222,2.645833333,5.374131944,3.541232639,5.099826389
15:30,12.9301,12.9301,12.8685,12.9301,1,5.374131944,21.13064236,4.472222222,2.645833333,5.374131944,3.541232639,5.097222222
15:32,12.86222,12.86222,12.82405,12.86222,1,5.374131944,21.19314236,4.472222222,2.645833333,5.374131944,3.541232639,5.159722222
15:34,12.76586,12.76586,12.72658,12.76586,1,5.316840278,21.16822917,4.447048611,2.637847222,5.316840278,3.629340278,5.137152778
15:36,12.71289,12.71289,12.64699,12.71289,1,5.316840278,21.17517361,4.447048611,2.637847222,5.316840278,3.629340278,5.144097222
15:38,12.59194,12.59194,12.59567,12.59194,1,5.316840278,21.12309028,4.447048611,2.637847222,5.316840278,3.629340278,5.092013889
15:40,12.5037,12.5037,12.4235,12.5037,1,5.316840278,21.12916667,4.447048611,2.637847222,5.316840278,3.629340278,5.098090278
15:42,12.45416,12.45416,12.4279,12.45416,1,5.322048611,21.06979167,4.421875,2.651388889,5.322048611,3.559027778,5.115451389
15:44,12.44126,12.44126,12.3765,12.44126,1,5.322048611,21.04461806,4.421875,2.651388889,5.322048611,3.559027778,5.090277778
15:46,12.5153,12.5153,12.45109,12.5153,1,5.322048611,20.98211806,4.421875,2.651388889,5.322048611,3.559027778,5.027777778
15:48,12.54684,12.54684,12.52727,12.54684,1,5.322048611,20.96736111,4.421875,2.651388889,5.322048611,3.559027778,5.013020833
15:50,12.51952,12.51952,12.4735,12.51952,1,5.408854167,20.99192708,4.417534722,2.651909722,5.408854167,3.524045139,4.989583333
15:52,12.48971,12.48971,12.44266,12.48971,1,5.408854167,21.07439236,4.417534722,2.651909722,5.408854167,3.524045139,5.072048611
15:54,12.47454,12.47454,12.42644,12.47454,1,5.408854167,21.03532986,4.417534722,2.651909722,5.408854167,3.524045139,5.032986111
15:56,12.50227,12.50227,12.43768,12.50227,1,5.408854167,21.08914931,4.417534722,2.651909722,5.408854167,3.524045139,5.086805556
15:58,12.51775,12.51775,12.49658,12.51775,1,5.425347222,21.09626736,4.441840278,2.650954861,5.425347222,3.519097222,5.059027778
16:00,12.53471,12.53471,12.46017,12.53471,1,5.425347222,21.10928819,4.441840278,2.650954861,5.425347222,3.519097222,5.072048611
16:02,12.63756,12.63756,12.58716,12.63756,1,5.425347222,21.11189236,4.441840278,2.650954861,5.425347222,3.519097222,5.074652778
16:04,12.66966,12.66966,12.64214,12.66966,1,5.425347222,21.09887153,4.441840278,2.650954861,5.425347222,3.519097222,5.061631944
16:06,12.56436,12.56436,12.53685,12.56436,1,5.506944444,21.22682292,4.458333333,2.66953125,5.506944444,3.495659722,5.096354167
16:08,12.45395,12.45395,12.41116,12.45395,1,5.506944444,21.22074653,4.458333333,2.66953125,5.506944444,3.495659722,5.090277778
16:10,12.47036,12.47036,12.38366,12.47036,1,5.506944444,21.23289931,4.458333333,2.66953125,5.506944444,3.495659722,5.102430556
16:12,12.49401,12.49401,12.48022,12.49401,1,5.506944444,21.25026042,4.458333333,2.66953125,5.506944444,3.495659722,5.119791667
16:14,12.41841,12.41841,12.37855,12.41841,1,5.5,21.41684028,4.444444444,2.6625,5.5,3.745659722,5.064236111
16:16,12.35898,12.35898,12.30132,12.35898,1,5.5,21.42725694,4.444444444,2.6625,5.5,3.745659722,5.074652778
16:18,12.34854,12.34854,12.30344,12.34854,1,5.5,21.47847222,4.444444444,2.6625,5.5,3.745659722,5.125868056
16:20,12.24816,12.24816,12.2193,12.24816,1,5.5,21.4203125,4.444444444,2.6625,5.5,3.745659722,5.067708333
16:22,12.25365,12.25365,12.17437,12.25365,1,5.526909722,21.29973958,4.465277778,2.66953125,5.526909722,3.566840278,5.071180556
16:24,12.31953,12.31953,12.27427,12.31953,1,5.526909722,21.35269097,4.465277778,2.66953125,5.526909722,3.566840278,5.124131944
16:26,12.19721,12.19721,12.20203,12.19721,1,5.526909722,21.34487847,4.465277778,2.66953125,5.526909722,3.566840278,5.116319444
16:28,11.98282,11.98282,11.92894,11.98282,1,5.526909722,21.32838542,4.465277778,2.66953125,5.526909722,3.566840278,5.099826389
16:30,11.82364,11.82364,11.77961,11.82364,1,5.587673611,21.36310764,4.491319444,2.66953125,5.587673611,3.539930556,5.074652778
16:32,11.65458,11.65458,11.62965,11.65458,1,5.587673611,21.38336227,4.491319444,2.66953125,5.587673611,3.539930556,5.094907407
16:34,11.42754,11.42754,11.39651,11.42754,1,5.587673611,21.35703125,4.491319444,2.66953125,5.587673611,3.539930556,5.068576389
16:36,11.12431,11.12431,11.10805,11.12431,1,5.587673611,21.33446181,4.491319444,2.66953125,5.587673611,3.539930556,5.046006944
16:38,10.7822,10.7822,10.76568,10.7822,1,5.657118056,21.47170139,4.526909722,2.689583333,5.657118056,3.598090278,5
16:40,10.61232,10.61232,10.52657,10.61232,1,5.657118056,21.40833333,4.526909722,2.689583333,5.657118056,3.598090278,4.936631944
16:42,10.61662,10.61662,10.55795,10.61662,1,5.657118056,21.38315972,4.526909722,2.689583333,5.657118056,3.598090278,4.911458333
16:44,10.56292,10.56292,10.56428,10.56292,1,5.657118056,21.3171875,4.526909722,2.689583333,5.657118056,3.598090278,4.845486111
16:46,10.41945,10.41945,10.36032,10.41945,1,5.655381944,21.23689236,4.526909722,2.71171875,5.655381944,3.558159722,4.784722222
16:48,10.27573,10.27573,10.25931,10.27573,1,5.655381944,21.16831597,4.526909722,2.71171875,5.655381944,3.558159722,4.716145833
16:50,10.13478,10.13478,10.07805,10.13478,1,5.655381944,21.14314236,4.526909722,2.71171875,5.655381944,3.558159722,4.690972222
16:52,10.03403,10.03403,10.00124,10.03403,1,5.655381944,21.13793403,4.526909722,2.71171875,5.655381944,3.558159722,4.685763889
16:54,9.9349,9.9349,9.8886,9.9349,1,5.517361111,20.94036458,4.511284722,2.689496528,5.517361111,3.537326389,4.684895833
16:56,9.84034,9.84034,9.80911,9.84034,1,5.517361111,20.89782986,4.511284722,2.689496528,5.517361111,3.537326389,4.642361111
16:58,9.71201,9.71201,9.67912,9.71201,1,5.517361111,20.85703125,4.511284722,2.689496528,5.517361111,3.537326389,4.6015625
17:00,9.60925,9.60925,9.55724,9.60925,1,5.517361111,20.85355903,4.511284722,2.689496528,5.517361111,3.537326389,4.598090278
17:02,9.49948,9.49948,9.47269,9.49948,1,5.459201389,20.70451389,4.490451389,2.696701389,5.459201389,3.5078125,4.550347222
17:04,9.40041,9.40041,9.36149,9.40041,1,5.459201389,20.70017361,4.490451389,2.696701389,5.459201389,3.5078125,4.546006944
17:06,9.35767,9.35767,9.29931,9.35767,1,5.459201389,20.659375,4.490451389,2.696701389,5.459201389,3.5078125,4.505208333
17:08,9.33004,9.33004,9.31004,9.33004,1,5.459201389,20.6287037,4.490451389,2.696701389,5.459201389,3.5078125,4.474537037
17:10,9.31638,9.31638,9.26143,9.31638,1,5.446180556,20.59071181,4.497395833,2.66796875,5.446180556,3.5078125,4.471354167
17:12,9.37845,9.37845,9.32145,9.37845,1,5.446180556,20.57074653,4.497395833,2.66796875,5.446180556,3.5078125,4.451388889
17:14,9.49349,9.49349,9.45665,9.49349,1,5.446180556,20.55425347,4.497395833,2.66796875,5.446180556,3.5078125,4.434895833
17:16,9.54628,9.54628,9.51162,9.54628,1,5.446180556,20.55338542,4.497395833,2.66796875,5.446180556,3.5078125,4.434027778
17:18,9.59895,9.59895,9.54658,9.59895,1,5.4375,20.49817708,4.485243056,2.655381944,5.4375,3.503385417,4.416666667
17:20,9.6108,9.6108,9.584,9.6108,1,5.4375,20.51814236,4.485243056,2.655381944,5.4375,3.503385417,4.436631944
17:22,9.67807,9.67807,9.60979,9.67807,1,5.4375,20.51901042,4.485243056,2.655381944,5.4375,3.503385417,4.4375
17:24,9.71761,9.71761,9.7144,9.71761,1,5.4375,20.51119792,4.485243056,2.655381944,5.4375,3.503385417,4.4296875
17:26,9.71848,9.71848,9.65415,9.71848,1,5.415798611,20.45729167,4.473958333,2.650868056,5.415798611,3.5078125,4.408854167
17:28,9.70172,9.70172,9.69953,9.70172,1,5.415798611,20.50416667,4.473958333,2.650868056,5.415798611,3.5078125,4.455729167
17:30,9.69314,9.69314,9.6229,9.69314,1,5.415798611,20.50069444,4.473958333,2.650868056,5.415798611,3.5078125,4.452256944
17:32,9.68607,9.68607,9.67248,9.68607,1,5.415798611,20.50763889,4.473958333,2.650868056,5.415798611,3.5078125,4.459201389
17:34,9.70566,9.70566,9.66117,9.70566,1,5.439814815,20.51788194,4.429398148,2.657638889,5.439814815,3.523148148,4.467881944
17:36,9.70369,9.70369,9.68222,9.70369,1,5.439814815,20.52829861,4.429398148,2.657638889,5.439814815,3.523148148,4.478298611
17:38,9.57455,9.57455,9.56521,9.57455,1,5.439814815,20.50486111,4.429398148,2.657638889,5.439814815,3.523148148,4.454861111
17:40,9.50212,9.50212,9.43999,9.50212,1,5.508680556,20.47638889,4.223090278,2.654340278,5.508680556,3.529513889,4.560763889
17:42,9.48001,9.48001,9.46699,9.48001,1,5.508680556,20.45902778,4.223090278,2.654340278,5.508680556,3.529513889,4.543402778
17:44,9.49896,9.49896,9.45435,9.49896,1,5.508680556,20.45844907,4.223090278,2.654340278,5.508680556,3.529513889,4.542824074
17:46,9.52491,9.52491,9.49413,9.52491,1,5.508680556,20.39652778,4.223090278,2.654340278,5.508680556,3.529513889,4.480902778
17:48,9.49266,9.49266,9.46871,9.49266,1,5.495659722,20.38576389,4.223958333,2.651388889,5.495659722,3.515625,4.499131944
17:50,9.32792,9.32792,9.32448,9.32792,1,5.495659722,20.45173611,4.223958333,2.651388889,5.495659722,3.515625,4.565104167
17:52,9.13021,9.13021,9.09508,9.13021,1,5.495659722,20.45173611,4.223958333,2.651388889,5.495659722,3.515625,4.565104167
17:54,9.02556,9.02556,8.98212,9.02556,1,5.495659722,20.44479167,4.223958333,2.651388889,5.495659722,3.515625,4.558159722
17:56,8.93243,8.93243,8.9215,8.93243,1,5.422743056,20.31727431,4.210069444,2.651475694,5.422743056,3.514756944,4.518229167
17:58,8.79307,8.79307,8.76828,8.79307,1,5.422743056,20.27560764,4.210069444,2.651475694,5.422743056,3.514756944,4.4765625
18:00,8.72639,8.72639,8.6723,8.72639,1,5.422743056,20.24869792,4.210069444,2.651475694,5.422743056,3.514756944,4.449652778
18:02,8.70714,8.48651,8.68289,7.685886448,0.90565927,5.422743056,20.18967014,4.210069444,2.651475694,5.422743056,3.514756944,4.390625
18:04,8.80305,8.3875,8.72932,6.90948263,0.823783324,5.401909722,20.16527778,4.206597222,2.663541667,5.401909722,3.532986111,4.360243056
18:06,8.94099,8.51776,8.25175,7.013410583,0.823386733,5.401909722,20.15486111,4.206597222,2.663541667,5.401909722,3.532986111,4.349826389
18:08,8.97223,8.54984,8.28859,7.04813371,0.824358551,5.401909722,20.15399306,4.206597222,2.663541667,5.401909722,3.532986111,4.348958333
18:10,9.00578,8.58378,8.24049,7.082404962,0.825091622,5.401909722,20.16354167,4.206597222,2.663541667,5.401909722,3.532986111,4.358506944
18:12,9.08383,8.65916,8.33545,7.14608544,0.825263125,5.400173611,20.18411458,4.191840278,2.633767361,5.400173611,3.585069444,4.373263889
18:14,9.03611,8.60939,8.32631,7.087022146,0.823173552,5.400173611,20.22057292,4.191840278,2.633767361,5.400173611,3.585069444,4.409722222
18:16,8.94856,8.53131,8.18402,7.043074675,0.825556061,5.400173611,20.20321181,4.191840278,2.633767361,5.400173611,3.585069444,4.392361111
18:18,8.94674,8.52915,8.2169,7.040544076,0.825468432,5.400173611,20.19279514,4.191840278,2.633767361,5.400173611,3.585069444,4.381944444
18:20,8.99145,8.57429,8.2381,7.083709147,0.826156935,5.3984375,20.22798032,4.207465278,2.646961806,5.3984375,3.560763889,4.414351852
18:22,9.01616,8.59706,8.28287,7.104461922,0.826382731,5.3984375,20.16345486,4.207465278,2.646961806,5.3984375,3.560763889,4.349826389
18:24,8.99237,8.57521,8.25338,7.086689979,0.82641591,5.3984375,20.19991319,4.207465278,2.646961806,5.3984375,3.560763889,4.386284722
18:26,8.93598,8.52092,8.21477,7.039091952,0.826095299,5.3984375,20.21206597,4.207465278,2.646961806,5.3984375,3.560763889,4.3984375
18:28,8.88743,8.47739,8.14498,7.02308159,0.828448566,5.450520833,20.26666667,4.2265625,2.630381944,5.450520833,3.560763889,4.3984375
18:30,8.93534,8.52495,8.19208,7.070204941,0.829354417,5.450520833,20.25104167,4.2265625,2.630381944,5.450520833,3.560763889,4.3828125
18:32,9.00108,8.58757,8.26239,7.122159367,0.829356776,5.450520833,20.24583333,4.2265625,2.630381944,5.450520833,3.560763889,4.377604167
18:34,8.97561,8.56131,8.25725,7.094568657,0.828677931,5.450520833,20.23020833,4.2265625,2.630381944,5.450520833,3.560763889,4.361979167
18:36,9.01085,8.6005,8.2343,7.151075774,0.831472097,5.506076389,20.37630208,4.243055556,2.661024306,5.506076389,3.572048611,4.394097222
18:38,9.08456,8.66767,8.35873,7.195999551,0.830211528,5.506076389,20.37196181,4.243055556,2.661024306,5.506076389,3.572048611,4.389756944
18:40,9.10364,8.68769,8.34264,7.218530296,0.83089179,5.506076389,20.37890625,4.243055556,2.661024306,5.506076389,3.572048611,4.396701389
18:42,9.08131,8.66436,8.35442,7.194143884,0.830314516,5.506076389,20.34939236,4.243055556,2.661024306,5.506076389,3.572048611,4.3671875
18:44,9.01274,8.60084,8.26288,7.13709183,0.829813347,5.462673611,20.34210069,4.240451389,2.661545139,5.462673611,3.540798611,4.436631944
18:46,9.00586,8.59551,8.26092,7.137993884,0.830432852,5.462673611,20.32907986,4.240451389,2.661545139,5.462673611,3.540798611,4.423611111
18:48,8.95188,8.54128,8.2429,7.084085474,0.829393893,5.462673611,20.31866319,4.240451389,2.661545139,5.462673611,3.540798611,4.413194444
18:50,8.91627,8.51126,8.16406,7.074709995,0.831217704,5.462673611,20.29782986,4.240451389,2.661545139,5.462673611,3.540798611,4.392361111
18:52,8.90053,8.49383,8.19145,7.056696993,0.830802711,5.46875,20.24991319,4.236111111,2.6609375,5.46875,3.490017361,4.394097222
18:54,8.86959,8.46642,8.13215,7.042443033,0.831808844,5.46875,20.23515625,4.236111111,2.6609375,5.46875,3.490017361,4.379340278
18:56,8.87704,8.47354,8.15214,7.047845808,0.831747511,5.46875,20.24296875,4.236111111,2.6609375,5.46875,3.490017361,4.387152778
18:58,8.86978,8.46535,8.15677,7.037113472,0.831284409,5.46875,20.2354456,4.236111111,2.6609375,5.46875,3.490017361,4.37962963
19:00,8.86502,8.46298,8.12448,7.040899455,0.831964563,5.478298611,20.29817708,4.2578125,2.677517361,5.478298611,3.511284722,4.373263889
19:02,8.95508,8.54922,8.2188,7.114933804,0.832231923,5.478298611,20.27907986,4.2578125,2.677517361,5.478298611,3.511284722,4.354166667
19:04,9.03131,8.62093,8.29388,7.16818047,0.831485753,5.478298611,20.31640625,4.2578125,2.677517361,5.478298611,3.511284722,4.391493056
19:06,9.03033,8.61902,8.29519,7.165382253,0.831345356,5.478298611,20.28515625,4.2578125,2.677517361,5.478298611,3.511284722,4.360243056
19:08,8.99013,8.58055,8.25484,7.130132236,0.830964476,5.453125,20.23255208,4.246527778,2.658420139,5.453125,3.499479167,4.375
19:10,8.95162,8.54344,8.22273,7.095497385,0.830519953,5.453125,20.26814236,4.246527778,2.658420139,5.453125,3.499479167,4.410590278
19:12,8.91333,8.50694,8.18418,7.06589529,0.830603635,5.453125,20.26032986,4.246527778,2.658420139,5.453125,3.499479167,4.402777778
19:14,8.96681,8.56065,8.21168,7.121329776,0.831867881,5.453125,20.24123264,4.246527778,2.658420139,5.453125,3.499479167,4.383680556
19:16,9.01834,8.60702,8.29364,7.151045268,0.830838695,5.447916667,20.20590278,4.258680556,2.655902778,5.447916667,3.471006944,4.372395833
19:18,8.96263,8.55236,8.24159,7.097984743,0.82994457,5.447916667,20.23888889,4.258680556,2.655902778,5.447916667,3.471006944,4.405381944
19:20,8.91334,8.50798,8.16492,7.072164907,0.831239014,5.447916667,20.21631944,4.258680556,2.655902778,5.447916667,3.471006944,4.3828125
19:22,8.9119,8.50518,8.19055,7.064046923,0.830558192,5.447916667,20.22673611,4.258680556,2.655902778,5.447916667,3.471006944,4.393229167
19:24,8.88857,8.48256,8.1643,7.041843761,0.830155491,5.453993056,20.2796875,4.247395833,2.652951389,5.453993056,3.514756944,4.410590278
19:26,8.8815,8.47723,8.14234,7.044045049,0.830937116,5.453993056,20.25711806,4.247395833,2.652951389,5.453993056,3.514756944,4.388020833
19:28,8.89872,8.49239,8.17719,7.053784935,0.830600683,5.453993056,20.23368056,4.247395833,2.652951389,5.453993056,3.514756944,4.364583333
19:30,8.92295,8.51632,8.18346,7.075281064,0.830790889,5.453993056,20.25104167,4.247395833,2.652951389,5.453993056,3.514756944,4.381944444
19:32,9.04857,8.63876,8.27811,7.184993628,0.831715851,5.446180556,20.23637153,4.237847222,2.656510417,5.446180556,3.509548611,4.386284722
19:34,9.10545,8.68737,8.39475,7.205555811,0.829428908,5.446180556,20.23203125,4.237847222,2.656510417,5.446180556,3.509548611,4.381944444
19:36,9.01594,8.60224,8.27657,7.138546293,0.829847376,5.446180556,20.19557292,4.237847222,2.656510417,5.446180556,3.509548611,4.345486111
19:38,8.97589,8.56624,8.22168,7.113821539,0.830448544,5.446180556,20.23289931,4.237847222,2.656510417,5.446180556,3.509548611,4.3828125
19:40,8.99077,8.57904,8.25855,7.119983361,0.82992775,5.449652778,20.23888889,4.230034722,2.6625,5.449652778,3.506944444,4.389756944
19:42,8.97691,8.56601,8.23444,7.10879972,0.829884593,5.449652778,20.25364583,4.230034722,2.6625,5.449652778,3.506944444,4.404513889
19:44,8.86328,8.45338,8.17375,7.001808177,0.828285038,5.449652778,20.23454861,4.230034722,2.6625,5.449652778,3.506944444,4.385416667
19:46,8.85454,8.45313,8.06498,7.027759968,0.831379615,5.449652778,20.27013889,4.230034722,2.6625,5.449652778,3.506944444,4.421006944
19:48,8.93151,8.52103,8.23319,7.049957916,0.827359828,5.356770833,20.12230903,4.210069444,2.64140625,5.356770833,3.513888889,4.400173611
19:50,8.8965,8.4884,8.16352,7.023831522,0.827462363,5.356770833,20.14835069,4.210069444,2.64140625,5.356770833,3.513888889,4.426215278
19:52,8.88048,8.47456,8.14431,7.019324155,0.828281841,5.356770833,20.12404514,4.210069444,2.64140625,5.356770833,3.513888889,4.401909722
19:54,8.90141,8.49446,8.17156,7.037054499,0.828428705,5.356770833,20.10321181,4.210069444,2.64140625,5.356770833,3.513888889,4.381076389
19:56,8.94596,8.53844,8.19626,7.076762563,0.828812121,5.313657407,19.96846065,4.180555556,2.625,5.313657407,3.50462963,4.344618056
19:58,8.97204,8.56132,8.25208,7.08486162,0.827543138,5.313657407,20.01793981,4.180555556,2.625,5.313657407,3.50462963,4.394097222
20:00,9.02911,8.6195,8.2589,7.148312044,0.829318643,5.313657407,19.99189815,4.180555556,2.625,5.313657407,3.50462963,4.368055556
20:02,9.08169,8.66672,8.38052,7.190717474,0.829693064,5.394097222,20.10486111,4.215277778,2.641319444,5.394097222,3.477430556,4.376736111
20:04,9.07387,8.86838,9.13952,8.119823233,0.915592615,5.394097222,20.10486111,4.215277778,2.641319444,5.394097222,3.477430556,4.376736111
20:06,9.0398,9.05067,8.91422,9.091224588,1.004480838,5.394097222,20.10052083,4.215277778,2.641319444,5.394097222,3.477430556,4.372395833
20:08,9.02303,9.02303,8.92747,9.02303,1,5.394097222,20.10833333,4.215277778,2.641319444,5.394097222,3.477430556,4.380208333
20:10,8.90879,8.90823,8.82222,8.906170444,0.999768803,5.538194444,20.36953125,4.260416667,2.653385417,5.538194444,3.514756944,4.402777778
20:12,9.1612,9.16094,8.95274,9.159983867,0.999895629,5.538194444,20.36692708,4.260416667,2.653385417,5.538194444,3.514756944,4.400173611
20:14,10.61582,10.61555,10.27176,10.61455882,0.99990663,5.538194444,20.33133681,4.260416667,2.653385417,5.538194444,3.514756944,4.364583333
20:16,12.02861,12.02833,12.14715,12.02730369,0.999914676,5.538194444,20.30008681,4.260416667,2.653385417,5.538194444,3.514756944,4.333333333
20:18,12.50478,12.50453,12.39398,12.50361039,0.999926458,5.4921875,20.203125,4.278645833,2.657986111,5.4921875,3.551215278,4.223090278
20:20,12.73055,12.73032,12.6718,12.72946701,0.999932996,5.4921875,20.36892361,4.278645833,2.657986111,5.4921875,3.551215278,4.388888889
20:22,12.73887,12.73866,12.70762,12.7378696,0.999937953,5.4921875,20.671875,4.278645833,2.657986111,5.4921875,3.551215278,4.691840278
20:24,12.46878,12.46861,12.38249,12.46796338,0.99994814,5.4921875,20.890625,4.278645833,2.657986111,5.4921875,3.551215278,4.910590278
20:26,12.27104,12.27092,12.27486,12.27046038,0.999962544,5.446180556,20.85989583,4.233506944,2.656423611,5.446180556,3.496875,5.026909722
20:28,11.95735,11.95706,11.8979,11.95594932,0.999907111,5.446180556,20.85902778,4.233506944,2.656423611,5.446180556,3.496875,5.026041667
20:30,11.71161,11.71152,11.65471,11.71117893,0.999970877,5.446180556,20.63940972,4.233506944,2.656423611,5.446180556,3.496875,4.806423611
20:32,11.68071,11.68063,11.58183,11.68032467,0.99997386,5.446180556,20.78611111,4.233506944,2.656423611,5.446180556,3.496875,4.953125
20:34,11.53995,11.53988,11.557,11.53961214,0.999976789,5.424479167,20.75703125,4.224826389,2.652864583,5.424479167,3.5,4.954861111
20:36,11.45013,11.45007,11.3288,11.44984096,0.999979996,5.424479167,20.70755208,4.224826389,2.652864583,5.424479167,3.5,4.905381944
20:38,11.49634,11.49629,11.45645,11.49609886,0.999983374,5.424479167,20.73706597,4.224826389,2.652864583,5.424479167,3.5,4.934895833
20:40,11.66118,11.66115,11.5464,11.66103548,0.99999018,5.424479167,20.70668403,4.224826389,2.652864583,5.424479167,3.5,4.904513889
20:42,11.84351,11.84348,11.82165,11.84336581,0.999990358,5.427951389,20.66111111,4.223958333,2.652430556,5.427951389,3.502604167,4.854166667
20:44,11.93908,11.93905,11.86169,11.9389356,0.999990418,5.427951389,20.6984375,4.223958333,2.652430556,5.427951389,3.502604167,4.891493056
20:46,12.04159,12.04157,11.98734,12.04149373,0.999993666,5.427951389,20.69930556,4.223958333,2.652430556,5.427951389,3.502604167,4.892361111
20:48,12.1161,12.11608,12.05683,12.11600368,0.999993701,5.427951389,20.7140625,4.223958333,2.652430556,5.427951389,3.502604167,4.907118056
20:50,12.10928,12.10927,12.06628,12.1092321,0.99999687,5.498263889,20.83897569,4.239583333,2.648871528,5.498263889,3.500868056,4.951388889
20:52,11.94487,11.94485,11.92179,11.94477419,0.999993653,5.498263889,20.84071181,4.239583333,2.648871528,5.498263889,3.500868056,4.953125
20:54,11.78679,11.78679,11.71803,11.78679,1,5.498263889,20.81119792,4.239583333,2.648871528,5.498263889,3.500868056,4.923611111
20:56,11.75568,11.75567,11.67826,11.755632,0.999996768,5.498263889,20.89105903,4.239583333,2.648871528,5.498263889,3.500868056,5.003472222
20:58,11.80025,11.80025,11.73754,11.80025,1,5.46875,20.82421875,4.251736111,2.658506944,5.46875,3.480815972,4.964409722
21:00,11.88544,11.88544,11.81726,11.88544,1,5.46875,20.79210069,4.251736111,2.658506944,5.46875,3.480815972,4.932291667
21:02,11.86636,11.86636,11.84119,11.86636,1,5.46875,20.78949653,4.251736111,2.658506944,5.46875,3.480815972,4.9296875
21:04,11.86413,11.86413,11.77744,11.86413,1,5.46875,20.83723958,4.251736111,2.658506944,5.46875,3.480815972,4.977430556
21:06,11.91622,11.91622,11.86633,11.91622,1,5.452256944,20.73220486,4.239583333,2.645833333,5.452256944,3.475260417,4.919270833
21:08,11.79777,11.79777,11.79101,11.79777,1,5.452256944,20.72005208,4.239583333,2.645833333,5.452256944,3.475260417,4.907118056
21:10,11.699,11.699,11.61234,11.699,1,5.452256944,20.77300347,4.239583333,2.645833333,5.452256944,3.475260417,4.960069444
21:12,11.85317,11.85317,11.76275,11.85317,1,5.452256944,20.73220486,4.239583333,2.645833333,5.452256944,3.475260417,4.919270833
21:14,12.09471,12.09471,12.04228,12.09471,1,5.421006944,20.68090278,4.230034722,2.647829861,5.421006944,3.465364583,4.916666667
21:16,12.22694,12.22694,12.18751,12.22694,1,5.421006944,20.70954861,4.230034722,2.647829861,5.421006944,3.465364583,4.9453125
21:18,12.34833,12.34833,12.26006,12.34833,1,5.421006944,20.68090278,4.230034722,2.647829861,5.421006944,3.465364583,4.916666667
21:20,12.44806,12.44806,12.4227,12.44806,1,5.421006944,20.72083333,4.230034722,2.647829861,5.421006944,3.465364583,4.956597222
21:22,12.46627,12.46627,12.41469,12.46627,1,5.414930556,20.7104456,4.205729167,2.640885417,5.414930556,3.433854167,5.015046296
21:24,12.39848,12.39848,12.36789,12.39848,1,5.414930556,20.68324653,4.205729167,2.640885417,5.414930556,3.433854167,4.987847222
21:26,12.32763,12.32763,12.2715,12.32763,1,5.414930556,20.78307292,4.205729167,2.640885417,5.414930556,3.433854167,5.087673611
21:28,12.33047,12.33047,12.27614,12.33047,1,5.414930556,20.77612847,4.205729167,2.640885417,5.414930556,3.433854167,5.080729167
21:30,12.26228,12.26228,12.23848,12.26228,1,5.376736111,20.72361111,4.203125,2.643402778,5.376736111,3.446527778,5.053819444
21:32,12.14944,12.14944,12.10135,12.14944,1,5.376736111,20.73923611,4.203125,2.643402778,5.376736111,3.446527778,5.069444444
21:34,12.08928,12.08928,12.0193,12.08928,1,5.376736111,20.753125,4.203125,2.643402778,5.376736111,3.446527778,5.083333333
21:36,12.06357,12.06357,12.0245,12.06357,1,5.376736111,20.8,4.203125,2.643402778,5.376736111,3.446527778,5.130208333
21:38,12.08103,12.08103,12.02465,12.08103,1,5.423611111,20.83038194,4.191840278,2.642881944,5.423611111,3.508680556,5.063368056
21:40,12.16891,12.16891,12.0905,12.16891,1,5.423611111,20.82864583,4.191840278,2.642881944,5.423611111,3.508680556,5.061631944
21:42,12.22808,12.22808,12.20433,12.22808,1,5.423611111,20.78263889,4.191840278,2.642881944,5.423611111,3.508680556,5.015625
21:44,12.19984,12.19984,12.15499,12.19984,1,5.423611111,20.81736111,4.191840278,2.642881944,5.423611111,3.508680556,5.050347222
21:46,12.19517,12.19517,12.13329,12.19517,1,5.433159722,20.82916667,4.214409722,2.631770833,5.433159722,3.4734375,5.076388889
21:48,12.16956,12.16956,12.14237,12.16956,1,5.433159722,20.80225694,4.214409722,2.631770833,5.433159722,3.4734375,5.049479167
21:50,12.16625,12.16625,12.08494,12.16625,1,5.433159722,20.83524306,4.214409722,2.631770833,5.433159722,3.4734375,5.082465278
21:52,12.13704,12.13704,12.12517,12.13704,1,5.433159722,20.79357639,4.214409722,2.631770833,5.433159722,3.4734375,5.040798611
21:54,12.08565,12.08565,12.01862,12.08565,1,5.478298611,20.93428819,4.248263889,2.651388889,5.478298611,3.491232639,5.065104167
21:56,12.04891,12.04891,11.99913,12.04891,1,5.478298611,20.93168403,4.248263889,2.651388889,5.478298611,3.491232639,5.0625
21:58,12.02625,12.02625,11.97334,12.02625,1,5.478298611,20.95483218,4.248263889,2.651388889,5.478298611,3.491232639,5.085648148
22:00,11.9725,11.9725,11.93432,11.9725,1,5.478298611,20.94470486,4.248263889,2.651388889,5.478298611,3.491232639,5.075520833
22:02,11.91066,11.91066,11.88309,11.91066,1,5.497395833,20.95060764,4.238715278,2.661979167,5.497395833,3.479600694,5.072916667
22:04,11.90382,11.90382,11.88311,11.90382,1,5.497395833,20.94192708,4.238715278,2.661979167,5.497395833,3.479600694,5.064236111
22:06,11.96447,11.96447,11.95149,11.96447,1,5.497395833,20.95321181,4.238715278,2.661979167,5.497395833,3.479600694,5.075520833
22:08,12.01693,12.01693,12.01235,12.01693,1,5.497395833,20.91067708,4.238715278,2.661979167,5.497395833,3.479600694,5.032986111
22:10,12.04844,12.04844,12.0411,12.04844,1,5.448784722,20.90260417,4.256944444,2.678993056,5.448784722,3.464930556,5.052951389
22:12,12.17157,12.17157,12.12125,12.17157,1,5.448784722,20.86006944,4.256944444,2.678993056,5.448784722,3.464930556,5.010416667
22:14,12.28184,12.28184,12.31903,12.28184,1,5.448784722,20.85138889,4.256944444,2.678993056,5.448784722,3.464930556,5.001736111
22:16,12.27155,12.27155,12.2649,12.27155,1,5.448784722,20.87222222,4.256944444,2.678993056,5.448784722,3.464930556,5.022569444
22:18,12.31801,12.31801,12.29002,12.31801,1,5.425925926,20.80943287,4.252314815,2.655092593,5.425925926,3.470023148,5.006076389
22:20,12.37747,12.37747,12.38569,12.37747,1,5.425925926,20.77037037,4.252314815,2.655092593,5.425925926,3.470023148,4.967013889
22:22,12.20293,12.20293,12.25286,12.20293,1,5.425925926,20.84675926,4.252314815,2.655092593,5.425925926,3.470023148,5.043402778
22:24,12.09441,12.0944,12.04114,12.09436127,0.999996798,5.381076389,20.84105903,4.279513889,2.666059028,5.381076389,3.451041667,5.063368056
22:26,12.02485,12.02485,12.07526,12.02485,1,5.381076389,20.86015625,4.279513889,2.666059028,5.381076389,3.451041667,5.082465278
22:28,12.00322,12.00322,11.95228,12.00322,1,5.381076389,20.85234375,4.279513889,2.666059028,5.381076389,3.451041667,5.074652778
22:30,12.03574,12.03574,12.04932,12.03574,1,5.381076389,20.86970486,4.279513889,2.666059028,5.381076389,3.451041667,5.092013889
22:32,12.07476,12.07476,12.05614,12.07476,1,5.436631944,20.92135417,4.264756944,2.662413194,5.436631944,3.477690972,5.079861111
22:34,12.09623,12.09623,12.09282,12.09623,1,5.436631944,20.90862269,4.264756944,2.662413194,5.436631944,3.477690972,5.06712963
22:36,12.06448,12.06448,12.08344,12.06448,1,5.436631944,20.88663194,4.264756944,2.662413194,5.436631944,3.477690972,5.045138889
22:38,12.0397,12.0397,12.01373,12.0397,1,5.436631944,20.91440972,4.264756944,2.662413194,5.436631944,3.477690972,5.072916667
22:40,12.01778,12.01778,12.03432,12.01778,1,5.372395833,20.84019097,4.223090278,2.640798611,5.372395833,3.481510417,5.122395833
22:42,12.02059,12.02059,11.98296,12.02059,1,5.372395833,20.81241319,4.223090278,2.640798611,5.372395833,3.481510417,5.094618056
22:44,12.06991,12.06991,12.07654,12.06991,1,5.372395833,20.86276042,4.223090278,2.640798611,5.372395833,3.481510417,5.144965278
22:46,12.10147,12.10147,12.0813,12.10147,1,5.372395833,20.80894097,4.223090278,2.640798611,5.372395833,3.481510417,5.091145833
22:48,12.15953,12.15953,12.15519,12.15953,1,5.325520833,20.69114583,4.213541667,2.659982639,5.325520833,3.433072917,5.059027778
22:50,12.1863,12.1863,12.19102,12.1863,1,5.325520833,20.6859375,4.213541667,2.659982639,5.325520833,3.433072917,5.053819444
22:52,12.16338,12.16337,12.16542,12.16333119,0.999996809,5.325520833,20.66944444,4.213541667,2.659982639,5.325520833,3.433072917,5.037326389
22:54,12.02335,12.02336,12.06091,12.02339888,1.000003234,5.325520833,20.70677083,4.213541667,2.659982639,5.325520833,3.433072917,5.074652778
22:56,12.03421,12.03421,11.94593,12.03421,1,5.144965278,20.28246528,4.127604167,2.609635417,5.144965278,3.370746528,5.029513889
22:58,12.134,12.134,12.1653,12.134,1,5.144965278,20.32760417,4.127604167,2.609635417,5.144965278,3.370746528,5.074652778
23:00,12.21327,12.21327,12.18637,12.21327,1,5.144965278,20.29201389,4.127604167,2.609635417,5.144965278,3.370746528,5.0390625
23:02,12.2777,12.2777,12.28292,12.2777,1,5.144965278,20.42482639,4.127604167,2.609635417,5.144965278,3.370746528,5.171875
23:04,12.32723,12.32723,12.31026,12.32723,1,5.234375,20.60164931,4.194444444,2.608680556,5.234375,3.39140625,5.172743056
23:06,12.31079,12.31079,12.33639,12.31079,1,5.234375,20.61467014,4.194444444,2.608680556,5.234375,3.39140625,5.185763889
23:08,12.36281,12.36281,12.29438,12.36281,1,5.234375,20.59730903,4.194444444,2.608680556,5.234375,3.39140625,5.168402778
23:10,12.43209,12.43209,12.48767,12.43209,1,5.234375,20.62566551,4.194444444,2.608680556,5.234375,3.39140625,5.196759259
23:12,12.37347,12.37347,12.35364,12.37347,1,5.391493056,20.86614583,4.239583333,2.611631944,5.391493056,3.4671875,5.15625
23:14,12.38152,12.38152,12.36449,12.38152,1,5.391493056,20.90954861,4.239583333,2.611631944,5.391493056,3.4671875,5.199652778
23:16,12.40969,12.40969,12.40544,12.40969,1,5.391493056,20.86701389,4.239583333,2.611631944,5.391493056,3.4671875,5.157118056
23:18,12.43296,12.43296,12.43548,12.43296,1,5.391493056,20.84184028,4.239583333,2.611631944,5.391493056,3.4671875,5.131944444
23:20,12.40344,12.40344,12.4046,12.40344,1,5.462673611,20.90477431,4.275173611,2.637934028,5.462673611,3.469965278,5.059027778
23:22,12.43571,12.43572,12.40401,12.43575825,1.000003076,5.462673611,20.89348958,4.275173611,2.637934028,5.462673611,3.469965278,5.047743056
23:24,12.4807,12.4807,12.49752,12.4807,1,5.462673611,20.89522569,4.275173611,2.637934028,5.462673611,3.469965278,5.049479167
23:26,12.5615,12.5615,12.51639,12.5615,1,5.462673611,20.88394097,4.275173611,2.637934028,5.462673611,3.469965278,5.038194444
23:28,12.59613,12.59613,12.62807,12.59613,1,5.493923611,20.97309028,4.272569444,2.645833333,5.493923611,3.491319444,5.069444444
23:30,12.54922,12.54922,12.54226,12.54922,1,5.493923611,20.98263889,4.272569444,2.645833333,5.493923611,3.491319444,5.078993056
23:32,12.53737,12.53737,12.51362,12.53737,1,5.493923611,21.046875,4.272569444,2.645833333,5.493923611,3.491319444,5.143229167
23:34,12.62571,12.62571,12.59943,12.62571,1,5.493923611,21.109375,4.272569444,2.645833333,5.493923611,3.491319444,5.205729167
23:36,12.66233,12.66232,12.69195,12.66228143,0.999996954,5.4609375,21.06128472,4.262152778,2.670572917,5.4609375,3.46796875,5.199652778
23:38,12.67474,12.67474,12.63488,12.67474,1,5.4609375,21.01875,4.262152778,2.670572917,5.4609375,3.46796875,5.157118056
23:40,12.72974,12.72974,12.74691,12.72974,1,5.4609375,21.00572917,4.262152778,2.670572917,5.4609375,3.46796875,5.144097222
23:42,12.7741,12.7741,12.74355,12.7741,1,5.4609375,20.98315972,4.262152778,2.670572917,5.4609375,3.46796875,5.121527778
23:44,12.79468,12.79468,12.82103,12.79468,1,5.436631944,20.90451389,4.255208333,2.6328125,5.436631944,3.457465278,5.122395833
23:46,12.89586,12.89586,12.82647,12.89586,1,5.436631944,20.91869213,4.255208333,2.6328125,5.436631944,3.457465278,5.136574074
23:48,12.89586,12.89586,12.82647,12.89586,1,5.436631944,20.92361111,4.255208333,2.6328125,5.436631944,3.457465278,5.141493056
23:50,12.89586,12.89586,12.82647,12.89586,1,5.436631944,20.90538194,4.255208333,2.6328125,5.436631944,3.457465278,5.123263889
23:52,12.89586,12.89586,12.82647,12.89586,1,5.436631944,20.90538194,4.255208333,2.6328125,5.436631944,3.457465278,5.123263889
23:54,12.89586,12.89586,12.82647,12.89586,1,5.436631944,20.90538194,4.255208333,2.6328125,5.436631944,3.457465278,5.123263889
23:56,12.89586,12.89586,12.82647,12.89586,1,5.436631944,20.90538194,4.255208333,2.6328125,5.436631944,3.457465278,5.123263889
23:58,12.89586,12.89586,12.82647,12.89586,1,5.436631944,20.90538194,4.255208333,2.6328125,5.436631944,3.457465278,5.123263889
