time,Actual,Simulation,Savings,0.921059429,7.804575441
0:00,10,10.92159,-0.92159,-9.2159,
0:02,11.78628,10.75922,1.02706,8.714030211,
0:04,11.80484,10.75588,1.04896,8.885846822,
0:06,11.80544,10.75281,1.05263,8.916482571,
0:08,11.90037,10.76311,1.13726,9.556509588,
0:10,11.86216,10.77394,1.08822,9.17387727,
0:12,11.97907,10.80938,1.16969,9.76444749,
0:14,11.99121,10.84592,1.14529,9.551079499,
0:16,11.90697,10.86998,1.03699,8.709100636,
0:18,13.12251,10.93714,2.18537,16.65359752,
0:20,11.74404,10.91683,0.82721,7.043657889,
0:22,11.82736,10.84639,0.98097,8.294074079,
0:24,11.72534,10.92159,0.80375,6.854811886,
0:26,11.77547,10.75922,1.01625,8.630228772,
0:28,11.78403,10.75588,1.02815,8.724943843,
0:30,11.78628,10.75281,1.03347,8.76841548,
0:32,11.80484,10.76311,1.04173,8.824600757,
0:34,11.80544,10.77394,1.0315,8.737497289,
0:36,11.90037,10.80938,1.09099,9.167698147,
0:38,11.86216,10.84592,1.01624,8.567073788,
0:40,11.97907,10.86998,1.10909,9.258565147,
0:42,11.99121,10.93714,1.05407,8.790355602,
0:44,11.90697,10.91683,0.99014,8.315633616,
0:46,11.81429,10.84639,0.9679,8.19262097,
0:48,11.78262,10.78617,0.99645,8.456947606,
0:50,11.79956,10.7679,1.03166,8.743207374,
0:52,11.74572,10.74695,0.99877,8.503267573,
0:54,11.71964,10.70731,1.01233,8.637893314,
0:56,11.59033,10.64665,0.94368,8.14195972,
0:58,11.69704,10.6138,1.08324,9.260804443,
1:00,11.6279,10.63974,0.98816,8.498181099,
1:02,11.62662,10.60778,1.01884,8.762993888,
1:04,11.67439,10.62295,1.05144,9.006380633,
1:06,11.64395,10.63528,1.00867,8.662610197,
1:08,11.59865,10.603,0.99565,8.584188677,
1:10,11.66236,10.60366,1.0587,9.077922479,
1:12,11.65517,10.6322,1.02297,8.776963356,
1:14,11.6002,10.60817,0.99203,8.551835313,
1:16,11.57347,10.57285,1.00062,8.645808042,
1:18,11.55977,10.55523,1.00454,8.689965285,
1:20,11.65098,10.5768,1.07418,9.219653626,
1:22,11.67356,10.62754,1.04602,8.960591285,
1:24,11.57472,10.60714,0.96758,8.359424677,
1:26,11.66943,10.59707,1.07236,9.189480549,
1:28,11.69784,10.65303,1.04481,8.93164892,
1:30,11.6832,10.66213,1.02107,8.739643248,
1:32,11.66813,10.65131,1.01682,8.714506952,
1:34,11.73457,10.6681,1.06647,9.088275071,
1:36,11.75523,10.71077,1.04446,8.885066477,
1:38,11.75818,10.72469,1.03349,8.789540558,
1:40,11.8065,10.74376,1.06274,9.001312836,
1:42,11.73863,10.74464,0.99399,8.467683196,
1:44,11.69365,10.69776,0.99589,8.516502546,
1:46,11.73253,10.68813,1.0444,8.90174583,
1:48,11.74427,10.70915,1.03512,8.813830064,
1:50,11.78122,10.72661,1.05461,8.951619612,
1:52,11.71171,10.72064,0.99107,8.462214314,
1:54,11.64713,10.66247,0.98466,8.454099851,
1:56,11.71607,10.65284,1.06323,9.074971385,
1:58,11.79319,10.71247,1.08072,9.163932744,
2:00,11.81326,10.75832,1.05494,8.930134442,
2:02,11.74774,10.75184,0.9959,8.477375223,
2:04,11.7273,10.71504,1.01226,8.631654345,
2:06,11.73232,10.70152,1.0308,8.785986062,
2:08,11.69411,10.68813,1.00598,8.602450293,
2:10,11.69122,10.66992,1.0213,8.735615274,
2:12,11.66783,10.66128,1.00655,8.626711222,
2:14,11.64197,10.63939,1.00258,8.61177275,
2:16,11.75503,10.6659,1.08913,9.265225184,
2:18,11.73072,10.71262,1.0181,8.678921669,
2:20,11.79577,10.72767,1.0681,9.054940881,
2:22,11.64098,10.70637,0.93461,8.028619584,
2:24,11.69897,10.64922,1.04975,8.973012154,
2:26,11.70116,10.67461,1.02655,8.773061816,
2:28,11.72229,10.67938,1.04291,8.896811118,
2:30,11.69142,10.68081,1.01061,8.644031264,
2:32,11.64404,10.64874,0.9953,8.547720551,
2:34,11.61826,10.6163,1.00196,8.624010824,
2:36,11.68267,10.62241,1.06026,9.075493873,
2:38,11.75529,10.6775,1.07779,9.168553051,
2:40,11.78791,10.72724,1.06067,8.997947897,
2:42,11.77703,10.74465,1.03238,8.766047127,
2:44,11.71877,10.72261,0.99616,8.500550826,
2:46,11.80153,10.72635,1.07518,9.110513637,
2:48,11.74608,10.746,1.00008,8.514159618,
2:50,11.75687,10.72315,1.03372,8.792476229,
2:52,11.72478,10.71542,1.00936,8.608775602,
2:54,11.75279,10.70574,1.04705,8.908948428,
2:56,11.70505,10.70237,1.00268,8.566217146,
2:58,11.70371,10.67735,1.02636,8.769526928,
3:00,11.6631,10.66282,1.00028,8.576450515,
3:02,11.70854,10.65663,1.05191,8.984126116,
3:04,11.75432,10.69427,1.06005,9.018386432,
3:06,11.78562,10.72896,1.05666,8.965671725,
3:08,11.7763,10.74319,1.03311,8.772789416,
3:10,11.6912,10.7102,0.981,8.390926509,
3:12,11.73346,10.68405,1.04941,8.943738676,
3:14,11.69038,10.68585,1.00453,8.59279168,
3:16,11.73459,10.67879,1.0558,8.99733182,
3:18,11.71135,10.69269,1.01866,8.698057867,
3:20,11.71394,10.6832,1.03074,8.799259685,
3:22,11.77283,10.70756,1.06527,9.048546526,
3:24,11.85485,10.76695,1.0879,9.176834798,
3:26,11.77446,10.77883,0.99563,8.45584426,
3:28,11.78035,10.74306,1.03729,8.805256211,
3:30,11.73389,10.72931,1.00458,8.561355186,
3:32,11.73142,10.70499,1.02643,8.749409705,
3:34,11.70936,10.69374,1.01562,8.673573961,
3:36,11.70486,10.67925,1.02561,8.762257729,
3:38,11.72609,10.68437,1.04172,8.883779674,
3:40,11.78504,10.71587,1.06917,9.072264498,
3:42,11.7822,10.7453,1.0369,8.800563562,
3:44,11.71956,10.7248,0.99476,8.488031974,
3:46,11.78457,10.71705,1.06752,9.058624965,
3:48,11.78435,10.74765,1.0367,8.797260774,
3:50,11.74561,10.73349,1.01212,8.617006694,
3:52,11.77368,10.72569,1.04799,8.901125222,
3:54,11.71104,10.71696,0.99408,8.488400689,
3:56,11.7291,10.69141,1.03769,8.847140872,
3:58,11.74336,10.70303,1.04033,8.858878549,
4:00,11.74332,10.70891,1.03441,8.808497086,
4:02,11.81525,10.73773,1.07752,9.11973932,
4:04,11.83355,10.77967,1.05388,8.905865104,
4:06,11.8516,10.79827,1.05333,8.887660738,
4:08,11.88812,10.82341,1.06471,8.956083889,
4:10,11.89861,10.84518,1.05343,8.853387076,
4:12,11.86884,10.84408,1.02476,8.634036688,
4:14,11.80941,10.81007,0.99934,8.462234777,
4:16,11.81061,10.77677,1.03384,8.753485214,
4:18,11.88167,10.80038,1.08129,9.100488399,
4:20,11.83504,10.81873,1.01631,8.587296705,
4:22,11.75734,10.77026,0.98708,8.395436383,
4:24,11.71436,10.71506,0.9993,8.53055566,
4:26,11.77178,10.70788,1.0639,9.037715622,
4:28,11.75186,10.7262,1.02566,8.72763971,
4:30,11.76558,10.72344,1.04214,8.857531885,
4:32,11.80629,10.74838,1.05791,8.960562548,
4:34,11.70295,10.7334,0.96955,8.284663269,
4:36,11.68995,10.67692,1.01303,8.665819785,
4:38,11.6857,10.66703,1.01867,8.717235596,
4:40,11.62505,10.63822,0.98683,8.488823704,
4:42,11.56489,10.58786,0.97703,8.448242915,
4:44,11.60708,10.56771,1.03937,8.9546208,
4:46,11.53126,10.55968,0.97158,8.425618709,
4:48,11.5273,10.52114,1.00616,8.728496699,
4:50,11.46738,10.49761,0.96977,8.456770422,
4:52,11.56208,10.49668,1.0654,9.214604985,
4:54,11.65567,10.57628,1.07939,9.260643103,
4:56,11.64733,10.61928,1.02805,8.826486414,
4:58,11.65122,10.62104,1.03018,8.841820857,
5:00,11.57625,10.59999,0.97626,8.433300939,
5:02,11.48439,10.52607,0.95832,8.344544203,
5:04,11.45634,10.46835,0.98799,8.623958437,
5:06,11.55365,10.48539,1.06826,9.246082407,
5:08,11.63044,10.5574,1.07304,9.226134179,
5:10,11.70513,10.62704,1.07809,9.210406036,
5:12,11.64927,10.6499,0.99937,8.578820819,
5:14,11.65207,10.62575,1.02632,8.808048699,
5:16,11.61223,10.61436,0.99787,8.593267615,
5:18,11.66055,10.60862,1.05193,9.021272581,
5:20,11.54292,10.58923,0.95369,8.26212085,
5:22,11.59877,10.54675,1.05202,9.070099674,
5:24,11.70583,10.6138,1.09203,9.32894122,
5:26,11.61938,10.63602,0.98336,8.463102162,
5:28,11.63084,10.60221,1.02863,8.843987193,
5:30,11.61515,10.60135,1.0138,8.728255769,
5:32,11.58081,10.57544,1.00537,8.681344396,
5:34,11.52031,10.53482,0.98549,8.554370499,
5:36,11.60726,10.53514,1.07212,9.236632935,
5:38,11.62652,10.58277,1.04375,8.977320815,
5:40,11.58299,10.57905,1.00394,8.667364817,
5:42,11.56663,10.55443,1.0122,8.751036387,
5:44,11.55289,10.5401,1.01279,8.766551053,
5:46,11.57718,10.53986,1.03732,8.960040355,
5:48,11.5642,10.54709,1.01711,8.795333875,
5:50,11.54552,10.53312,1.0124,8.768769185,
5:52,11.57884,10.53773,1.04111,8.991487921,
5:54,11.52629,10.53404,0.99225,8.608580905,
5:56,11.51994,10.50593,1.01401,8.802215984,
5:58,11.48426,10.48873,0.99553,8.668647349,
6:00,11.49863,10.47186,1.02677,8.929498558,
6:02,11.51684,10.48343,1.03341,8.97303427,
6:04,11.49703,10.48476,1.01227,8.804621715,
6:06,11.51146,10.47655,1.03491,8.990258403,
6:08,11.54006,10.49492,1.04514,9.056625356,
6:10,11.50106,10.49864,1.00242,8.715892274,
6:12,11.60979,10.52046,1.08933,9.382857054,
6:14,11.4796,10.5271,0.9525,8.297327433,
6:16,11.49068,10.46562,1.02506,8.92079494,
6:18,11.50901,10.47629,1.03272,8.97314365,
6:20,11.56635,10.50208,1.06427,9.201433469,
6:22,11.52891,10.5188,1.01011,8.761539469,
6:24,11.56277,10.5134,1.04937,9.075420509,
6:26,11.58804,10.53999,1.04805,9.044238715,
6:28,11.59553,10.55558,1.03995,8.968542188,
6:30,11.6396,10.5791,1.0605,9.11113784,
6:32,11.63627,10.60196,1.03431,8.888673089,
6:34,11.67988,10.61724,1.06264,9.098038678,
6:36,11.71412,10.65228,1.06184,9.064616036,
6:38,11.74699,10.6822,1.06479,9.064364573,
6:40,11.68773,10.67976,1.00797,8.62417253,
6:42,11.6323,10.63278,0.99952,8.592625706,
6:44,11.80129,10.66525,1.13604,9.626405249,
6:46,11.84115,10.77026,1.07089,9.043800644,
6:48,11.91968,10.82391,1.09577,9.192948133,
6:50,11.8984,10.86004,1.03836,8.726887649,
6:52,11.85112,10.83974,1.01138,8.534045727,
6:54,11.7313,10.77204,0.95926,8.176928388,
6:56,11.78339,10.72449,1.0589,8.986378283,
6:58,11.7699,10.74154,1.02836,8.737202525,
7:00,12.66477,11.13324,1.53153,12.09283706,
7:02,12.78113,11.52482,1.25631,9.829412579,
7:04,12.68789,11.58564,1.10225,8.687417687,
7:06,12.63724,11.54311,1.09413,8.657982281,
7:08,12.56067,11.49325,1.06742,8.498113556,
7:10,12.89063,11.58099,1.30964,10.15962757,
7:12,13.04829,11.78289,1.2654,9.697822473,
7:14,13.20465,11.92724,1.27741,9.673940619,
7:16,13.45933,12.1076,1.35173,10.04307049,
7:18,13.24123,12.15845,1.08278,8.177337,
7:20,13.49055,12.17658,1.31397,9.739929061,
7:22,13.54377,12.31534,1.22843,9.070074285,
7:24,13.63813,12.38394,1.25419,9.196202119,
7:26,13.64432,12.43311,1.21121,8.877027217,
7:28,13.55778,12.408,1.14978,8.480591955,
7:30,13.48371,12.34142,1.14229,8.471629841,
7:32,13.55276,12.32448,1.22828,9.062951015,
7:34,13.51462,12.34232,1.1723,8.674309748,
7:36,13.56867,12.34329,1.22538,9.030951449,
7:38,13.5432,12.36915,1.17405,8.668926103,
7:40,13.62771,12.38926,1.23845,9.087733742,
7:42,14.08146,12.42748,1.65398,11.74579909,
7:44,12.89387,12.43778,0.45609,3.53726228,
7:46,13.31942,12.49098,0.82844,6.219790351,
7:48,13.29391,12.69248,0.60143,4.524101638,
7:50,13.37176,12.79489,0.57687,4.314091787,
7:52,13.41204,12.85075,0.56129,4.184971116,
7:54,13.44845,12.90642,0.54203,4.030427298,
7:56,13.42518,12.85827,0.56691,4.222736678,
7:58,13.52142,12.93838,0.58304,4.311973151,
8:00,13.54019,12.96563,0.57456,4.243367338,
8:02,13.50141,12.97892,0.52249,3.869892108,
8:04,13.53013,13.00766,0.52247,3.861529786,
8:06,13.52323,13.00951,0.51372,3.798796589,
8:08,13.47528,12.99356,0.48172,3.57484223,
8:10,13.64391,12.95915,0.68476,5.018795932,
8:12,13.63357,13.06279,0.57078,4.18657769,
8:14,13.58002,13.01197,0.56805,4.18298353,
8:16,13.62849,13.0032,0.62529,4.588109174,
8:18,13.67014,12.99793,0.67221,4.917360027,
8:20,13.68043,12.99575,0.68468,5.004813445,
8:22,13.6735,12.99008,0.68342,4.998135079,
8:24,13.5392,13.02971,0.50949,3.763073151,
8:26,13.6573,13.00591,0.65139,4.769537171,
8:28,13.69197,13.01272,0.67925,4.960936958,
8:30,13.7059,13.00251,0.70339,5.132023435,
8:32,13.64629,12.99972,0.64657,4.738064338,
8:34,13.62291,13.00566,0.61725,4.530970255,
8:36,13.62247,13.06748,0.55499,4.074077609,
8:38,13.68726,13.01346,0.6738,4.922826044,
8:40,13.7056,13.03769,0.66791,4.873263484,
8:42,13.70404,13.014,0.69004,5.035303458,
8:44,13.70795,13.02788,0.68007,4.961135691,
8:46,13.7059,12.98032,0.72558,5.293924514,
8:48,13.70733,13.03383,0.6735,4.91342953,
8:50,13.72038,13.03139,0.68899,5.021653919,
8:52,13.70438,13.01477,0.68961,5.032040851,
8:54,13.72955,13.04832,0.68123,4.961779519,
8:56,13.70318,13.00286,0.70032,5.110638553,
8:58,13.70618,13.02661,0.67957,4.958128377,
9:00,13.72743,13.03048,0.69695,5.077061038,
9:02,13.72063,13.03785,0.68278,4.976302109,
9:04,13.72052,13.02869,0.69183,5.042301604,
9:06,13.72105,13.02632,0.69473,5.063242245,
9:08,13.72072,13.02244,0.69828,5.0892373,
9:10,13.72987,12.99246,0.73741,5.370844735,
9:12,13.71589,13.01638,0.69951,5.099997157,
9:14,13.72803,13.04335,0.68468,4.987459963,
9:16,13.7286,13.0226,0.706,5.142549131,
9:18,13.7247,13.06834,0.65636,4.782326754,
9:20,13.73909,13.05142,0.68767,5.005207768,
9:22,13.73199,13.03899,0.693,5.046610142,
9:24,13.72648,13.05459,0.67189,4.894845583,
9:26,13.73921,13.01523,0.72398,5.269444167,
9:28,13.74638,13.06397,0.68241,4.96428878,
9:30,13.75117,13.02767,0.7235,5.261370487,
9:32,13.73197,13.03983,0.69214,5.040354734,
9:34,13.74517,13.0671,0.67807,4.933151063,
9:36,13.74863,13.02694,0.72169,5.249177554,
9:38,13.74688,13.04817,0.69871,5.082680579,
9:40,13.76022,13.02246,0.73776,5.361542185,
9:42,13.74287,13.04033,0.70254,5.112032639,
9:44,13.74064,13.02861,0.71203,5.181927479,
9:46,13.73739,13.02988,0.70751,5.150250521,
9:48,13.74999,13.06913,0.68086,4.951712692,
9:50,13.73929,13.04606,0.69323,5.045602793,
9:52,13.7478,13.02489,0.72291,5.258368612,
9:54,13.74027,13.03445,0.70582,5.136871401,
9:56,13.74536,13.03295,0.71241,5.182912634,
9:58,13.76056,13.03136,0.7292,5.299202939,
10:00,13.75071,13.00404,0.74667,5.430046885,
10:02,13.75411,13.00928,0.74483,5.415326764,
10:04,13.7506,13.06578,0.68482,4.980291769,
10:06,13.7485,13.00342,0.74508,5.419354839,
10:08,13.75092,13.03198,0.71894,5.228304724,
10:10,13.74822,13.05756,0.69066,5.02363215,
10:12,13.75205,13.06003,0.69202,5.032122484,
10:14,13.75605,13.03227,0.72378,5.261539468,
10:16,13.76945,13.04964,0.71981,5.227587159,
10:18,13.76818,13.06041,0.70777,5.140621346,
10:20,13.7512,13.02504,0.72616,5.280702775,
10:22,13.75547,13.0795,0.67597,4.9141905,
10:24,13.76671,13.06773,0.69898,5.07732058,
10:26,13.78182,13.07265,0.70917,5.145691933,
10:28,13.76959,13.0875,0.68209,4.953597021,
10:30,13.75808,13.04277,0.71531,5.199199307,
10:32,13.77166,13.09258,0.67908,4.930995973,
10:34,13.76735,13.06223,0.70512,5.121682822,
10:36,13.76896,13.10754,0.66142,4.803703402,
10:38,13.77134,13.05466,0.71668,5.204141354,
10:40,13.77629,13.08581,0.69048,5.012089612,
10:42,13.77962,13.04519,0.73443,5.329827673,
10:44,13.77422,13.06602,0.7082,5.141488955,
10:46,13.77919,13.04391,0.73528,5.336162721,
10:48,13.78854,13.06606,0.72248,5.239713559,
10:50,13.79675,13.07746,0.71929,5.213474188,
10:52,13.77847,13.08245,0.69602,5.051504267,
10:54,13.79837,13.08007,0.7183,5.205687338,
10:56,13.67468,13.08619,0.58849,4.303501069,
10:58,13.68285,13.08528,0.59757,4.367291902,
11:00,13.67804,13.08424,0.5938,4.341265269,
11:02,13.63782,13.10015,0.53767,3.942492275,
11:04,13.63104,13.12145,0.50959,3.738452825,
11:06,13.59728,13.11289,0.48439,3.562403657,
11:08,13.72198,13.09442,0.62756,4.57339247,
11:10,13.73488,13.09563,0.63925,4.654208846,
11:12,13.71381,13.08503,0.62878,4.585013209,
11:14,13.66516,13.08424,0.58092,4.251102805,
11:16,13.67007,13.13648,0.53359,3.903345045,
11:18,13.62561,13.11565,0.50996,3.742658127,
11:20,13.68296,13.12702,0.55594,4.063009758,
11:22,13.60377,13.06035,0.54342,3.99462796,
11:24,13.6283,13.14764,0.48066,3.526925589,
11:26,13.58603,13.07428,0.51175,3.766736861,
11:28,13.46696,13.15265,0.31431,2.33393431,
11:30,13.60369,13.09431,0.50938,3.744425226,
11:32,13.46153,13.05375,0.40778,3.029224761,
11:34,13.41277,13.14473,0.26804,1.998394068,
11:36,13.4375,13.14033,0.29717,2.211497674,
11:38,13.52586,13.12943,0.39643,2.930904209,
11:40,13.4981,13.13777,0.36033,2.669486817,
11:42,13.42608,13.15145,0.27463,2.045496526,
11:44,13.44726,13.11024,0.33702,2.506235471,
11:46,13.34668,13.1188,0.22788,1.707390902,
11:48,13.40505,13.12065,0.2844,2.121588506,
11:50,13.34637,13.10284,0.24353,1.824690908,
11:52,13.28446,13.12926,0.1552,1.168282339,
11:54,13.25584,13.13082,0.12502,0.94313148,
11:56,13.28589,13.1741,0.11179,0.841418979,
11:58,13.23401,13.14745,0.08656,0.654072348,
12:00,13.21026,13.1144,0.09586,0.725648095,
12:02,13.29866,13.16337,0.13529,1.017320542,
12:04,13.23661,13.17106,0.06555,0.495217431,
12:06,13.19052,13.14526,0.04526,0.343125214,
12:08,13.1331,13.14561,-0.01251,-0.095255499,
12:10,13.17727,13.16085,0.01642,0.124608511,
12:12,13.26825,13.13101,0.13724,1.034348916,
12:14,13.18885,13.17932,0.00953,0.072258006,
12:16,13.12945,13.11695,0.0125,0.095205816,
12:18,13.30849,13.17347,0.13502,1.014540342,
12:20,13.32539,13.12991,0.19548,1.46697395,
12:22,13.23285,13.16674,0.06611,0.499590035,
12:24,13.27624,13.12887,0.14737,1.11002814,
12:26,13.14212,13.20627,-0.06415,-0.488125204,
12:28,13.18042,13.13014,0.05028,0.381474945,
12:30,13.15585,13.14432,0.01153,0.08764162,
12:32,13.10061,13.11832,-0.01771,-0.135184545,
12:34,13.06656,13.19817,-0.13161,-1.00722761,
12:36,12.96664,13.16725,-0.20061,-1.547124004,
12:38,13.07837,13.15301,-0.07464,-0.570713323,
12:40,13.08692,13.15098,-0.06406,-0.489496383,
12:42,12.99658,13.16823,-0.17165,-1.32073207,
12:44,13.04568,13.13977,-0.09409,-0.721234922,
12:46,13.02795,13.14564,-0.11769,-0.903365457,
12:48,13.05071,13.19755,-0.14684,-1.125149513,
12:50,13.11116,13.14958,-0.03842,-0.293032806,
12:52,13.11589,13.19575,-0.07986,-0.608879763,
12:54,13.61102,13.15852,0.4525,3.32451205,
12:56,12.79277,13.16319,-0.37042,-2.895541779,
12:58,13.2828,13.1842,0.0986,0.742313368,
13:00,12.78923,12.72025,0.06898,0.539360071,
13:02,12.73149,11.91339,0.8181,6.425799337,
13:04,12.72955,11.64749,1.08206,8.500379039,
13:06,12.69982,11.57008,1.12974,8.895716632,
13:08,12.67485,11.53375,1.1411,9.002867884,
13:10,12.62415,11.50183,1.12232,8.890261919,
13:12,12.76231,11.52926,1.23305,9.661652162,
13:14,12.83698,11.62048,1.2165,9.476527968,
13:16,12.72946,11.62232,1.10714,8.697462422,
13:18,12.64055,11.54628,1.09427,8.656822686,
13:20,12.50315,11.4486,1.05455,8.434274563,
13:22,12.59902,11.40947,1.18955,9.441607363,
13:24,12.70946,11.48829,1.22117,9.608354722,
13:26,12.71867,11.5445,1.17417,9.231861508,
13:28,12.71377,11.55501,1.15876,9.114212385,
13:30,12.73588,11.56517,1.17071,9.192219148,
13:32,12.70333,11.56638,1.13695,8.950015468,
13:34,12.69245,11.54968,1.14277,9.003541475,
13:36,12.62267,11.52034,1.10233,8.732938435,
13:38,12.71071,11.51782,1.19289,9.384920276,
13:40,12.01046,11.5537,0.45676,3.803018369,
13:42,12.11773,11.56002,0.55771,4.602429663,
13:44,12.12695,11.55976,0.56719,4.677103476,
13:46,12.12627,11.53449,0.59178,4.880148636,
13:48,12.1108,11.55875,0.55205,4.558328104,
13:50,14.10974,11.59259,2.51715,17.83980428,
13:52,13.93116,11.54096,2.3902,17.15722165,
13:54,12.65188,11.4896,1.16228,9.186618906,
13:56,12.50237,11.45056,1.05181,8.412884917,
13:58,12.50136,11.37329,1.12807,9.023578235,
14:00,12.32283,11.28139,1.04144,8.451305423,
14:02,12.30093,11.20336,1.09757,8.922658693,
14:04,12.32021,11.19187,1.12834,9.158447786,
14:06,12.39085,11.22424,1.16661,9.415092588,
14:08,12.3494,11.24315,1.10625,8.957925081,
14:10,12.36422,11.22944,1.13478,9.177934395,
14:12,12.45416,11.26761,1.18655,9.527338656,
14:14,12.47609,11.32118,1.15491,9.256986764,
14:16,12.32842,11.28267,1.04575,8.482433272,
14:18,12.39323,11.23436,1.15887,9.350831059,
14:20,12.33512,11.23929,1.09583,8.883821155,
14:22,12.38321,11.22959,1.15362,9.316001263,
14:24,12.37104,11.25175,1.11929,9.047662929,
14:26,12.39136,11.24953,1.14183,9.214727036,
14:28,12.36333,11.24725,1.11608,9.027341339,
14:30,12.40953,11.24878,1.16075,9.353698327,
14:32,12.30111,11.23644,1.06467,8.655072591,
14:34,12.37365,11.21088,1.16277,9.397146355,
14:36,12.40471,11.25329,1.15142,9.282119453,
14:38,12.34826,11.24756,1.1007,8.91380648,
14:40,12.36299,11.22641,1.13658,9.193407097,
14:42,12.31798,11.21865,1.09933,8.924596403,
14:44,12.31943,11.19467,1.12476,9.129967864,
14:46,12.35549,11.20288,1.15261,9.328727554,
14:48,12.43147,11.24776,1.18371,9.52188277,
14:50,12.34673,11.25751,1.08922,8.821930989,
14:52,12.39967,11.23913,1.16054,9.35944263,
14:54,12.43156,11.27358,1.15798,9.314840615,
14:56,12.4366,11.29154,1.14506,9.207178811,
14:58,12.39525,11.28365,1.1116,8.967951433,
15:00,12.34989,11.24719,1.1027,8.928824467,
15:02,12.41932,11.24736,1.17196,9.43658751,
15:04,12.52516,11.31887,1.20629,9.630934854,
15:06,12.46851,11.35328,1.11523,8.944372664,
15:08,12.44252,11.31891,1.12361,9.030405416,
15:10,12.43205,11.30333,1.12872,9.079114064,
15:12,11.91925,11.26093,0.65832,5.523166307,
15:14,12.13047,11.20394,0.92653,7.638038757,
15:16,12.1105,11.21783,0.89267,7.371041658,
15:18,12.10116,11.2775,0.82366,6.806454918,
15:20,12.12496,11.27119,0.85377,7.041425291,
15:22,12.11146,11.23857,0.87289,7.207141005,
15:24,12.12564,11.23678,0.88886,7.330417199,
15:26,12.10269,11.23855,0.86414,7.140065556,
15:28,12.13293,11.23531,0.89762,7.398212963,
15:30,12.09359,11.22486,0.86873,7.183392194,
15:32,12.09852,11.20627,0.89225,7.374868992,
15:34,12.10833,11.10326,1.00507,8.300649222,
15:36,12.13082,11.01696,1.11386,9.182066835,
15:38,12.13806,10.92737,1.21069,9.974328682,
15:40,12.11283,10.92642,1.18641,9.794655749,
15:42,12.12705,10.96123,1.16582,9.613384953,
15:44,12.11712,10.94947,1.16765,9.636365737,
15:46,12.12087,10.96211,1.15876,9.560039832,
15:48,13.09565,10.9737,2.12195,16.20347215,
15:50,12.05063,10.98384,1.06679,8.852566214,
15:52,12.05374,10.96034,1.0934,9.07104351,
15:54,12.03983,10.9513,1.08853,9.0410745,
15:56,12.08245,10.95516,1.12729,9.329978605,
15:58,12.03042,10.95456,1.07586,8.942829926,
16:00,12.13035,10.96266,1.16769,9.626185559,
16:02,12.04158,10.98247,1.05911,8.795440465,
16:04,11.94998,10.90942,1.04056,8.707629636,
16:06,11.99777,10.87996,1.11781,9.316814708,
16:08,12.07827,10.92336,1.15491,9.561882621,
16:10,12.03389,10.94571,1.08818,9.042628776,
16:12,11.92971,10.89097,1.03874,8.707168909,
16:14,11.93703,10.83915,1.09788,9.197262636,
16:16,11.96683,10.8496,1.11723,9.336056416,
16:18,11.94777,10.85519,1.09258,9.144635359,
16:20,10.61194,10.25447,0.35747,3.368564089,
16:22,10.43116,9.6807,0.75046,7.194405991,
16:24,10.45369,9.54529,0.9084,8.689754527,
16:26,10.40211,9.50856,0.89355,8.590084127,
16:28,10.38183,9.46663,0.9152,8.815401524,
16:30,10.30973,9.4305,0.87923,8.528157381,
16:32,10.33567,9.38911,0.94656,9.158187133,
16:34,10.39991,9.41342,0.98649,9.485562856,
16:36,10.27519,9.41052,0.86467,8.415124197,
16:38,10.26456,9.33123,0.93333,9.092742407,
16:40,10.27728,9.31157,0.96571,9.396552395,
16:42,10.30109,9.30739,0.9937,9.646551967,
16:44,10.31288,9.31224,1.00064,9.702818223,
16:46,10.3188,9.31175,1.00705,9.759371245,
16:48,10.29774,9.30338,0.99436,9.656099299,
16:50,10.3515,9.30651,1.04499,10.09505869,
16:52,10.36894,9.35563,1.01331,9.772551485,
16:54,10.36322,9.38001,0.98321,9.487495199,
16:56,10.48443,9.42281,1.06162,10.12568161,
16:58,10.50213,9.50085,1.00128,9.534065947,
17:00,10.50191,9.51493,0.98698,9.398099965,
17:02,10.53852,9.53173,1.00679,9.553428755,
17:04,10.50226,9.54479,0.95747,9.116799622,
17:06,10.52567,9.53065,0.99502,9.453269958,
17:08,10.57368,9.55776,1.01592,9.608007808,
17:10,10.55838,9.58277,0.97561,9.240148583,
17:12,10.56231,9.5774,0.98491,9.324759451,
17:14,10.55997,9.57996,0.98001,9.280424092,
17:16,10.54589,9.57367,0.97222,9.218946907,
17:18,10.46598,9.54237,0.92361,8.82487832,
17:20,10.53365,9.51511,1.01854,9.669392851,
17:22,10.56259,9.56016,1.00243,9.490380674,
17:24,10.62926,9.59559,1.03367,9.724759767,
17:26,10.61032,9.63268,0.97764,9.21404821,
17:28,10.58946,9.61774,0.97172,9.176294164,
17:30,10.47367,9.57312,0.90055,8.598227746,
17:32,10.45668,9.49816,0.95852,9.166580597,
17:34,10.50509,9.49812,1.00697,9.58554377,
17:36,10.45591,9.50956,0.94635,9.050862144,
17:38,10.55096,9.50698,1.04398,9.894644658,
17:40,10.52565,9.55697,0.96868,9.203042092,
17:42,10.57352,9.55647,1.01705,9.618840273,
17:44,10.60109,9.59548,1.00561,9.485911354,
17:46,10.55816,9.60319,0.95497,9.044852512,
17:48,10.09268,9.37467,0.71801,7.11416591,
17:50,9.90497,9.13367,0.7713,7.78699986,
17:52,9.85446,8.98824,0.86622,8.790131575,
17:54,9.84539,8.93735,0.90804,9.222996753,
17:56,9.93874,8.94803,0.99071,9.968164979,
17:58,9.88983,8.99311,0.89672,9.067092154,
18:00,9.91623,8.97055,0.94568,9.536688842,
18:02,9.95954,9.0001,0.95944,9.633376642,
18:04,9.94334,9.02063,0.92271,9.279678659,
18:06,10.03486,9.03597,0.99889,9.95419966,
18:08,10.00519,9.08604,0.91915,9.186732086,
18:10,9.9333,9.04719,0.88611,8.920600405,
18:12,9.91964,9.00344,0.9162,9.236222282,
18:14,9.93808,8.99871,0.93937,9.452228197,
18:16,9.93497,9.00543,0.92954,9.356243652,
18:18,9.93296,9.00243,0.93053,9.368103768,
18:20,9.89955,8.99261,0.90694,9.161426529,
18:22,9.87516,8.96592,0.90924,9.207344489,
18:24,9.97895,8.97935,0.9996,10.01708597,
18:26,10.00259,9.04749,0.9551,9.548526932,
18:28,9.92583,9.04458,0.88125,8.878350727,
18:30,9.9508,9.00673,0.94407,9.487377899,
18:32,9.87072,9.00153,0.86919,8.805740615,
18:34,9.96426,8.9752,0.98906,9.926075795,
18:36,9.94769,9.02759,0.9201,9.249383525,
18:38,9.97494,9.02247,0.95247,9.548628864,
18:40,9.95456,9.03599,0.91857,9.227630352,
18:42,9.92123,9.01481,0.90642,9.136165576,
18:44,9.98305,9.01334,0.96971,9.713564492,
18:46,9.9688,9.0451,0.9237,9.265909638,
18:48,9.95632,9.03306,0.92326,9.273104922,
18:50,9.93766,9.02111,0.91655,9.222996158,
18:52,9.91463,9.00386,0.91077,9.186121923,
18:54,9.89273,8.98357,0.90916,9.190183094,
18:56,9.96964,8.98924,0.9804,9.833855586,
18:58,9.98102,9.039,0.94202,9.438113539,
19:00,9.93355,9.03453,0.89902,9.050339506,
19:02,9.91993,9.00456,0.91537,9.227585275,
19:04,9.94832,9.00104,0.94728,9.522009746,
19:06,9.94532,9.0153,0.93002,9.351333089,
19:08,9.92519,9.01053,0.91466,9.215541466,
19:10,9.88928,8.98912,0.90016,9.102381569,
19:12,9.94407,8.97944,0.96463,9.700555205,
19:14,9.9544,9.01582,0.93858,9.428795307,
19:16,9.97521,9.02708,0.94813,9.504862554,
19:18,9.91356,9.02524,0.88832,8.96065591,
19:20,10.03842,9.02336,1.01506,10.11175065,
19:22,9.9712,9.08108,0.89012,8.926909499,
19:24,9.93696,9.03049,0.90647,9.122206389,
19:26,9.92771,9.01146,0.91625,9.229218017,
19:28,9.97068,9.01293,0.95775,9.605663806,
19:30,9.9125,9.02282,0.88968,8.975334174,
19:32,9.89836,8.9826,0.91576,9.251633604,
19:34,9.89955,8.97364,0.92591,9.353051401,
19:36,9.93102,8.98214,0.94888,9.554708378,
19:38,9.89521,8.99379,0.90142,9.109660128,
19:40,9.90554,8.97403,0.93151,9.403929518,
19:42,9.92124,8.98496,0.93628,9.437126811,
19:44,9.88254,8.98219,0.90035,9.110512075,
19:46,9.86268,8.95486,0.90782,9.204597533,
19:48,9.88974,8.94931,0.94043,9.509147864,
19:50,9.94453,8.98082,0.96371,9.690855174,
19:52,9.9151,9.00752,0.90758,9.153513328,
19:54,9.9363,8.9952,0.9411,9.471332387,
19:56,9.90525,9.0033,0.90195,9.105777239,
19:58,9.88281,8.97481,0.908,9.187670308,
20:00,10.03413,8.99944,1.03469,10.31170615,
20:02,10.08361,9.1042,0.97941,9.712890522,
20:04,9.99849,9.1138,0.88469,8.848236084,
20:06,9.9424,9.05239,0.89001,8.951661571,
20:08,9.94618,9.01691,0.92927,9.34298394,
20:10,9.93401,9.01445,0.91956,9.256684863,
20:12,9.90057,8.99693,0.90364,9.127151265,
20:14,10.01631,9.00865,1.00766,10.06019183,
20:16,10.49829,9.28994,1.20835,11.50996972,
20:18,10.60466,9.52505,1.07961,10.18052441,
20:20,10.54113,9.58828,0.95285,9.039353466,
20:22,10.53512,9.56081,0.97431,9.248209797,
20:24,10.46425,9.53887,0.92538,8.843252025,
20:26,10.39047,9.47301,0.91746,8.829821943,
20:28,10.46931,9.44857,1.02074,9.749830696,
20:30,10.42665,9.48048,0.94617,9.074534966,
20:32,10.42728,9.45698,0.9703,9.305398915,
20:34,10.4084,9.45336,0.95504,9.175665808,
20:36,10.38144,9.43134,0.9501,9.151909562,
20:38,10.39495,9.41943,0.97552,9.384556924,
20:40,11.2357,9.77675,1.45895,12.98494976,
20:42,11.44644,10.21483,1.23161,10.75976461,
20:44,11.39162,10.3476,1.04402,9.164807113,
20:46,11.28723,10.30862,0.97861,8.670063426,
20:48,11.21304,10.23217,0.98087,8.747583171,
20:50,11.13589,10.15928,0.97661,8.769932174,
20:52,11.03508,10.07563,0.95945,8.694545033,
20:54,11.03775,10.01554,1.02221,9.26103599,
20:56,11.0537,10.01807,1.03563,9.369080037,
20:58,11.07021,10.02881,1.0414,9.40722895,
21:00,11.0708,10.04085,1.02995,9.303302381,
21:02,11.1235,10.06103,1.06247,9.551579988,
21:04,11.04118,10.06523,0.97595,8.839182044,
21:06,11.0974,10.03888,1.05852,9.538450448,
21:08,11.12259,10.07738,1.04521,9.397181772,
21:10,11.16406,10.10461,1.05945,9.489827178,
21:12,11.29572,10.17178,1.12394,9.950140407,
21:14,12.13852,10.6039,1.53462,12.64256268,
21:16,12.2618,11.01076,1.25104,10.20274348,
21:18,12.27032,11.11858,1.15174,9.386389271,
21:20,12.21429,11.13188,1.08241,8.861833148,
21:22,12.16509,11.09209,1.073,8.820321099,
21:24,12.06045,11.02781,1.03264,8.562201245,
21:26,12.06217,10.97124,1.09093,9.044226702,
21:28,11.99362,10.94088,1.05274,8.777500038,
21:30,11.9032,10.86682,1.03638,8.706734324,
21:32,11.82654,10.78853,1.03801,8.776954206,
21:34,11.81274,10.73992,1.07282,9.081889553,
21:36,11.74344,10.70302,1.04042,8.859584585,
21:38,11.6477,10.62899,1.01871,8.746018527,
21:40,11.73212,10.60473,1.12739,9.609431203,
21:42,11.73503,10.64391,1.09112,9.297973674,
21:44,11.75292,10.6521,1.10082,9.366353213,
21:46,11.78917,10.67756,1.11161,9.429077704,
21:48,11.75,10.684,1.066,9.072340426,
21:50,11.74233,10.66191,1.08042,9.201069975,
21:52,11.66163,10.6287,1.03293,8.857509628,
21:54,11.74106,10.61414,1.12692,9.598111244,
21:56,11.76548,10.65724,1.10824,9.419420202,
21:58,11.72333,10.65467,1.06866,9.115669353,
22:00,11.5689,10.58181,0.98709,8.532271867,
22:02,11.75653,10.57175,1.18478,10.07763345,
22:04,11.79821,10.67737,1.12084,9.500085182,
22:06,11.74017,10.68053,1.05964,9.025763681,
22:08,11.79252,10.67617,1.11635,9.466594078,
22:10,11.76748,10.6946,1.07288,9.117330134,
22:12,11.68681,10.65142,1.03539,8.859474912,
22:14,11.70916,10.61876,1.0904,9.312367411,
22:16,11.69749,10.62394,1.07355,9.177609898,
22:18,11.78293,10.64437,1.13856,9.662791852,
22:20,11.6357,10.63582,0.99988,8.593208831,
22:22,11.75936,10.60761,1.15175,9.794325542,
22:24,11.75163,10.66667,1.08496,9.232421375,
22:26,11.76919,10.67105,1.09814,9.330633629,
22:28,11.79422,10.6921,1.10212,9.344577259,
22:30,11.77494,10.70244,1.0725,9.108326667,
22:32,11.77797,10.69283,1.08514,9.213302462,
22:34,11.76174,10.69026,1.07148,9.1098766,
22:36,11.86128,10.71519,1.14609,9.662447898,
22:38,11.81935,10.74932,1.07003,9.053205125,
22:40,11.84707,10.73896,1.10811,9.353451951,
22:42,11.83882,10.75159,1.08723,9.183601068,
22:44,11.81951,10.74261,1.0769,9.11120681,
22:46,11.82361,10.73585,1.08776,9.199897493,
22:48,11.8267,10.74079,1.08591,9.181851235,
22:50,11.84951,10.74966,1.09985,9.281818404,
22:52,11.84633,10.7609,1.08543,9.16258453,
22:54,11.95588,10.79796,1.15792,9.684941635,
22:56,12.05726,10.8886,1.16866,9.692583555,
22:58,12.02771,10.93774,1.08997,9.062157302,
23:00,12.07441,10.94927,1.12514,9.318384915,
23:02,12.14193,11.00121,1.14072,9.394882033,
23:04,12.09988,11.02447,1.07541,8.887774094,
23:06,12.06409,10.99448,1.06961,8.866064494,
23:08,12.13182,11.00081,1.13101,9.322673762,
23:10,12.09558,11.01997,1.07561,8.89258721,
23:12,12.06959,10.99338,1.07621,8.916707196,
23:14,12.1078,10.99646,1.11134,9.178711244,
23:16,12.12632,11.01969,1.10663,9.125851866,
23:18,12.13243,11.03141,1.10102,9.075016299,
23:20,12.05716,11.00762,1.04954,8.704703263,
23:22,12.01309,10.95599,1.0571,8.799567805,
23:24,12.07305,10.95198,1.12107,9.28572316,
23:26,12.04769,10.96913,1.07856,8.952421585,
23:28,12.07187,10.9664,1.10547,9.157404777,
23:30,12.17327,11.01289,1.16038,9.532196361,
23:32,12.14522,11.05587,1.08935,8.969372313,
23:34,12.13975,11.0448,1.09495,9.019543236,
23:36,12.22754,11.07498,1.15256,9.425935225,
23:38,12.22745,11.1198,1.10765,9.058716249,
23:40,12.15283,11.09773,1.0551,8.681928407,
23:42,12.16669,11.0654,1.10129,9.051681271,
23:44,12.12092,11.05209,1.06883,8.818060015,
23:46,12.18321,11.0501,1.13311,9.300586627,
23:48,12.19839,11.08621,1.11218,9.11743271,
23:50,12.20361,11.09676,1.10685,9.069857198,
23:52,12.20275,11.10108,1.10167,9.028046957,
23:54,12.20225,11.10164,1.10061,9.019729968,
23:56,12.20178,11.10142,1.10036,9.018028517,
23:58,12,11.10102,0.89898,7.4915,
