time,Actual,Simulation,MAE,MSE,-2.790610097,3.854870597,MAE %,MSE ,MR %,Coef,R-square
0:00,399.02,400.45895,0.360621022,2.070577103,-1.43895,1.43895,0.978335647,34.39860309,0.709590021,0.943591274,0.890364492
0:02,399.59,400.45895,0.217460397,0.755074103,-0.86895,0.86895,,,,,
0:04,399.02,400.27623,0.314828831,1.578113813,-1.25623,1.25623,,,,,
0:06,398.44,400.24135,0.452100693,3.244861823,-1.80135,1.80135,,,,,
0:08,398.44,400.21433,0.445319245,3.148246949,-1.77433,1.77433,,,,,
0:10,399.31,400.17092,0.215601913,0.741183246,-0.86092,0.86092,,,,,
0:12,399.88,400.11394,0.058502551,0.054727924,-0.23394,0.23394,,,,,
0:14,400.46,400.07571,0.095962144,0.147678804,0.38429,0.38429,,,,,
0:16,399.88,400.04606,0.041527458,0.027575924,-0.16606,0.16606,,,,,
0:18,400.46,400.02678,0.108180592,0.187679568,0.43322,0.43322,,,,,
0:20,399.88,400.01527,0.033827648,0.018297973,-0.13527,0.13527,,,,,
0:22,399.59,400.01406,0.106123777,0.179826884,-0.42406,0.42406,,,,,
0:24,398.44,399.99904,0.391286015,2.430605722,-1.55904,1.55904,,,,,
0:26,398.44,400.00848,0.393655255,2.46012951,-1.56848,1.56848,,,,,
0:28,398.44,400.00135,0.391865777,2.437813823,-1.56135,1.56135,,,,,
0:30,397.86,400.00101,0.538131504,4.58392382,-2.14101,2.14101,,,,,
0:32,396.99,400.00121,0.75851029,9.067385664,-3.01121,3.01121,,,,,
0:34,397.86,400.00182,0.538335093,4.587392912,-2.14182,2.14182,,,,,
0:36,397.86,400.00353,0.538764892,4.594720861,-2.14353,2.14353,,,,,
0:38,397.86,399.99617,0.536914995,4.563222269,-2.13617,2.13617,,,,,
0:40,399.59,400.01143,0.105465602,0.177603245,-0.42143,0.42143,,,,,
0:42,400.75,399.99835,0.187560823,0.564977722,0.75165,0.75165,,,,,
0:44,401.33,399.99221,0.333339147,1.789682084,1.33779,1.33779,,,,,
0:46,401.33,399.99113,0.333608253,1.792572877,1.33887,1.33887,,,,,
0:48,400.46,399.99257,0.116723268,0.218490805,0.46743,0.46743,,,,,
0:50,399.88,399.99554,0.028893668,0.013349492,-0.11554,0.11554,,,,,
0:52,400.75,399.99347,0.18877854,0.572337641,0.75653,0.75653,,,,,
0:54,400.75,399.99242,0.189040549,0.573927456,0.75758,0.75758,,,,,
0:56,400.46,399.98756,0.11797433,0.223199554,0.47244,0.47244,,,,,
0:58,399.88,399.99799,0.029506352,0.01392164,-0.11799,0.11799,,,,,
1:00,400.46,399.99205,0.116853119,0.218977202,0.46795,0.46795,,,,,
1:02,400.75,399.99498,0.188401747,0.5700552,0.75502,0.75502,,,,,
1:04,400.46,399.99711,0.115589572,0.214267152,0.46289,0.46289,,,,,
1:06,400.75,399.99365,0.188733624,0.572065322,0.75635,0.75635,,,,,
1:08,400.46,399.99245,0.116753234,0.218603002,0.46755,0.46755,,,,,
1:10,400.75,399.99849,0.187525889,0.56476728,0.75151,0.75151,,,,,
1:12,401.04,399.99443,0.260714642,1.093216625,1.04557,1.04557,,,,,
1:14,399.59,399.9913,0.100427939,0.16104169,-0.4013,0.4013,,,,,
1:16,399.59,399.99663,0.101761806,0.165347957,-0.40663,0.40663,,,,,
1:18,399.02,399.99453,0.244230866,0.949708721,-0.97453,0.97453,,,,,
1:20,398.15,399.99884,0.464357654,3.418209346,-1.84884,1.84884,,,,,
1:22,397.86,399.99857,0.537518222,4.573481645,-2.13857,2.13857,,,,,
1:24,397.86,399.99249,0.535990047,4.5475136,-2.13249,2.13249,,,,,
1:26,399.02,400.00395,0.24659165,0.968157602,-0.98395,0.98395,,,,,
1:28,399.02,399.99579,0.244546639,0.952166124,-0.97579,0.97579,,,,,
1:30,399.59,399.99701,0.101856903,0.16565714,-0.40701,0.40701,,,,,
1:32,400.46,399.99605,0.115854268,0.215249602,0.46395,0.46395,,,,,
1:34,399.88,399.99897,0.029751425,0.014153861,-0.11897,0.11897,,,,,
1:36,400.75,400.00004,0.187139114,0.562440002,0.74996,0.74996,,,,,
1:38,400.75,399.99683,0.187940112,0.567265049,0.75317,0.75317,,,,,
1:40,400.46,399.9992,0.115067672,0.21233664,0.4608,0.4608,,,,,
1:42,400.46,399.99433,0.116283774,0.216848549,0.46567,0.46567,,,,,
1:44,399.88,399.99374,0.028443533,0.012936788,-0.11374,0.11374,,,,,
1:46,399.88,399.99984,0.029968991,0.014361626,-0.11984,0.11984,,,,,
1:48,399.59,399.9958,0.101554093,0.16467364,-0.4058,0.4058,,,,,
1:50,399.31,399.99823,0.172354812,0.473660533,-0.68823,0.68823,,,,,
1:52,399.31,399.99254,0.170929854,0.465860852,-0.68254,0.68254,,,,,
1:54,398.44,399.99141,0.389371047,2.406872988,-1.55141,1.55141,,,,,
1:56,398.44,400.00073,0.39171017,2.435878133,-1.56073,1.56073,,,,,
1:58,399.59,400.00053,0.102737806,0.168534881,-0.41053,0.41053,,,,,
2:00,401.04,399.9987,0.25964991,1.08430569,1.0413,1.0413,,,,,
2:02,401.33,399.99132,0.33356091,1.792064142,1.33868,1.33868,,,,,
2:04,401.33,399.99525,0.332581666,1.781557562,1.33475,1.33475,,,,,
2:06,401.91,399.99683,0.476019507,3.660219449,1.91317,1.91317,,,,,
2:08,402.2,399.99334,0.548647439,4.869348356,2.20666,2.20666,,,,,
2:10,402.2,399.99478,0.548289408,4.862995248,2.20522,2.20522,,,,,
2:12,402.2,399.99383,0.548525609,4.867186069,2.20617,2.20617,,,,,
2:14,402.2,399.99345,0.54862009,4.868862902,2.20655,2.20655,,,,,
2:16,401.91,400.00117,0.474939663,3.643631969,1.90883,1.90883,,,,,
2:18,401.04,399.99429,0.260749551,1.093509404,1.04571,1.04571,,,,,
2:20,401.04,400.00089,0.25910383,1.079749592,1.03911,1.03911,,,,,
2:22,399.88,399.98665,0.026670501,0.011374223,-0.10665,0.10665,,,,,
2:24,400.75,400.00345,0.18628821,0.557336903,0.74655,0.74655,,,,,
2:26,400.75,399.99499,0.188399251,0.5700401,0.75501,0.75501,,,,,
2:28,400.75,399.99746,0.187782907,0.566316452,0.75254,0.75254,,,,,
2:30,401.04,399.99445,0.260709655,1.093174803,1.04555,1.04555,,,,,
2:32,400.75,399.99349,0.18877355,0.57230738,0.75651,0.75651,,,,,
2:34,399.31,399.99211,0.170822168,0.465274052,-0.68211,0.68211,,,,,
2:36,398.44,399.9984,0.391125389,2.42861056,-1.5584,1.5584,,,,,
2:38,397.86,400.00031,0.537955562,4.580926896,-2.14031,2.14031,,,,,
2:40,398.15,400.0006,0.464799699,3.42472036,-1.8506,1.8506,,,,,
2:42,399.02,399.99836,0.245190717,0.95718829,-0.97836,0.97836,,,,,
2:44,399.31,399.99383,0.171252911,0.467623469,-0.68383,0.68383,,,,,
2:46,399.31,400.00085,0.173010944,0.477273723,-0.69085,0.69085,,,,,
2:48,399.59,399.99454,0.10123877,0.163652612,-0.40454,0.40454,,,,,
2:50,400.46,399.99801,0.11536483,0.21343476,0.46199,0.46199,,,,,
2:52,400.75,399.99188,0.189175296,0.574745934,0.75812,0.75812,,,,,
2:54,401.04,399.99711,0.260046379,1.087619552,1.04289,1.04289,,,,,
2:56,400.46,399.99186,0.116900564,0.21915506,0.46814,0.46814,,,,,
2:58,399.59,399.99575,0.10154158,0.164633063,-0.40575,0.40575,,,,,
3:00,399.02,399.99366,0.244012831,0.948013796,-0.97366,0.97366,,,,,
3:02,398.15,399.99761,0.464048725,3.413662712,-1.84761,1.84761,,,,,
3:04,398.44,399.99968,0.391446642,2.432601702,-1.55968,1.55968,,,,,
3:06,399.31,399.99944,0.172657835,0.475327514,-0.68944,0.68944,,,,,
3:08,400.46,399.99669,0.115694451,0.214656156,0.46331,0.46331,,,,,
3:10,401.33,399.99154,0.333506092,1.791475172,1.33846,1.33846,,,,,
3:12,401.33,399.99645,0.33228266,1.778355603,1.33355,1.33355,,,,,
3:14,401.33,399.99273,0.333209578,1.788291053,1.33727,1.33727,,,,,
3:16,401.04,399.9979,0.259849392,1.08597241,1.0421,1.0421,,,,,
3:18,399.88,399.99337,0.028351005,0.012852757,-0.11337,0.11337,,,,,
3:20,399.31,399.99728,0.172116902,0.472353798,-0.68728,0.68728,,,,,
3:22,398.15,399.99923,0.464455607,3.419651593,-1.84923,1.84923,,,,,
3:24,399.02,400.00402,0.246609193,0.96829536,-0.98402,0.98402,,,,,
3:26,399.31,399.99202,0.170799629,0.46515128,-0.68202,0.68202,,,,,
3:28,399.88,399.99773,0.029441332,0.013860353,-0.11773,0.11773,,,,,
3:30,400.75,399.99417,0.188603868,0.571278989,0.75583,0.75583,,,,,
3:32,400.46,399.99434,0.116281277,0.216839236,0.46566,0.46566,,,,,
3:34,400.75,399.9948,0.188446663,0.57032704,0.7552,0.7552,,,,,
3:36,400.75,399.99476,0.188456644,0.570387458,0.75524,0.75524,,,,,
3:38,400.46,399.99651,0.1157394,0.21482298,0.46349,0.46349,,,,,
3:40,400.75,399.99962,0.187243918,0.563070144,0.75038,0.75038,,,,,
3:42,400.46,399.99562,0.115961644,0.215648784,0.46438,0.46438,,,,,
3:44,399.88,399.9916,0.027908373,0.01245456,-0.1116,0.1116,,,,,
3:46,399.88,400.00036,0.03009903,0.01448653,-0.12036,0.12036,,,,,
3:48,400.46,399.99676,0.115676971,0.214591298,0.46324,0.46324,,,,,
3:50,399.88,399.99306,0.028273482,0.012782564,-0.11306,0.11306,,,,,
3:52,399.88,399.99866,0.029673902,0.014080196,-0.11866,0.11866,,,,,
3:54,399.31,399.99208,0.170814655,0.465233126,-0.68208,0.68208,,,,,
3:56,398.44,399.99679,0.390721313,2.423595104,-1.55679,1.55679,,,,,
3:58,398.15,399.99742,0.464001005,3.412960656,-1.84742,1.84742,,,,,
4:00,397.86,399.99721,0.537176394,4.567666584,-2.13721,2.13721,,,,,
4:02,397.86,400.00086,0.538093802,4.58328154,-2.14086,2.14086,,,,,
4:04,398.44,399.99932,0.39135629,2.431478862,-1.55932,1.55932,,,,,
4:06,399.02,399.99944,0.24546138,0.959302714,-0.97944,0.97944,,,,,
4:08,399.59,400.00028,0.102675242,0.168329678,-0.41028,0.41028,,,,,
4:10,400.75,399.99932,0.187318777,0.563520462,0.75068,0.75068,,,,,
4:12,401.91,399.9956,0.476325546,3.66492736,1.9144,1.9144,,,,,
4:14,401.33,399.99019,0.333842474,1.795090836,1.33981,1.33981,,,,,
4:16,401.04,399.99733,0.259991522,1.087160729,1.04267,1.04267,,,,,
4:18,401.04,400.00002,0.259320766,1.0815584,1.03998,1.03998,,,,,
4:20,401.04,399.99296,0.261081189,1.096292762,1.04704,1.04704,,,,,
4:22,400.46,399.99129,0.117042901,0.219689064,0.46871,0.46871,,,,,
4:24,399.88,399.99337,0.028351005,0.012852757,-0.11337,0.11337,,,,,
4:26,399.88,399.99895,0.029746424,0.014149102,-0.11895,0.11895,,,,,
4:28,399.88,399.99481,0.028711113,0.013181336,-0.11481,0.11481,,,,,
4:30,401.04,399.99839,0.259727209,1.084951392,1.04161,1.04161,,,,,
4:32,402.78,399.99953,0.690319778,7.731013421,2.78047,2.78047,,,,,
4:34,401.91,399.9861,0.478689259,3.70139121,1.9239,1.9239,,,,,
4:36,401.91,399.99644,0.476116544,3.661711874,1.91356,1.91356,,,,,
4:38,401.91,399.99504,0.47646488,3.667071802,1.91496,1.91496,,,,,
4:40,401.91,399.99229,0.477149113,3.677611644,1.91771,1.91771,,,,,
4:42,401.04,399.99066,0.261654698,1.101114436,1.04934,1.04934,,,,,
4:44,401.33,399.99749,0.332023522,1.7755829,1.33251,1.33251,,,,,
4:46,401.04,399.99052,0.261689607,1.10140827,1.04948,1.04948,,,,,
4:48,399.59,399.99413,0.101136165,0.163321057,-0.40413,0.40413,,,,,
4:50,398.44,399.99287,0.389737476,2.411405237,-1.55287,1.55287,,,,,
4:52,399.02,400.00482,0.246809684,0.969870432,-0.98482,0.98482,,,,,
4:54,399.59,400.00113,0.10288796,0.169027877,-0.41113,0.41113,,,,,
4:56,399.59,399.99667,0.101771816,0.165380489,-0.40667,0.40667,,,,,
4:58,401.33,400.00027,0.331330825,1.768181873,1.32973,1.32973,,,,,
5:00,400.46,399.99089,0.117142786,0.220064192,0.46911,0.46911,,,,,
5:02,399.59,399.99281,0.100805826,0.162255896,-0.40281,0.40281,,,,,
5:04,399.59,399.9954,0.10145399,0.16434916,-0.4054,0.4054,,,,,
5:06,399.31,399.999,0.172547645,0.474721,-0.689,0.689,,,,,
5:08,399.02,399.99976,0.245541577,0.959929658,-0.97976,0.97976,,,,,
5:10,400.46,400.00373,0.113936473,0.208182313,0.45627,0.45627,,,,,
5:12,400.46,399.99383,0.11640863,0.217314469,0.46617,0.46617,,,,,
5:14,400.75,399.99953,0.187266376,0.563205221,0.75047,0.75047,,,,,
5:16,400.46,399.99545,0.116004095,0.215806702,0.46455,0.46455,,,,,
5:18,401.91,400.00182,0.474777935,3.641150912,1.90818,1.90818,,,,,
5:20,400.75,399.98673,0.190460387,0.582581093,0.76327,0.76327,,,,,
5:22,401.04,400.00209,0.258804608,1.077257168,1.03791,1.03791,,,,,
5:24,402.2,400.00246,0.54637991,4.829182052,2.19754,2.19754,,,,,
5:26,402.2,399.99247,0.548863749,4.873188701,2.20753,2.20753,,,,,
5:28,401.91,399.9975,0.475852803,3.65765625,1.9125,1.9125,,,,,
5:30,401.04,399.99589,0.260350588,1.090165692,1.04411,1.04411,,,,,
5:32,399.88,399.99532,0.028838652,0.013298702,-0.11532,0.11532,,,,,
5:34,399.88,399.99576,0.028948685,0.013400378,-0.11576,0.11576,,,,,
5:36,399.31,399.99975,0.172735469,0.475755063,-0.68975,0.68975,,,,,
5:38,399.31,399.99936,0.1726378,0.47521721,-0.68936,0.68936,,,,,
5:40,399.59,399.99621,0.101656698,0.165006564,-0.40621,0.40621,,,,,
5:42,399.59,399.99657,0.10174679,0.165299165,-0.40657,0.40657,,,,,
5:44,398.44,399.99572,0.390452766,2.420264718,-1.55572,1.55572,,,,,
5:46,399.31,400.0005,0.172923293,0.47679025,-0.6905,0.6905,,,,,
5:48,399.59,399.99578,0.101549088,0.164657408,-0.40578,0.40578,,,,,
5:50,401.04,399.99753,0.259941652,1.086743701,1.04247,1.04247,,,,,
5:52,402.49,399.99859,0.61899923,6.207123788,2.49141,2.49141,,,,,
5:54,402.49,399.99249,0.620514795,6.2375562,2.49751,2.49751,,,,,
5:56,402.2,399.99532,0.548155147,4.860613902,2.20468,2.20468,,,,,
5:58,401.91,399.99539,0.476377796,3.665731452,1.91461,1.91461,,,,,
6:00,401.04,399.99714,0.260038899,1.08755698,1.04286,1.04286,,,,,
6:02,400.46,399.99859,0.115219997,0.212899188,0.46141,0.46141,,,,,
6:04,399.88,399.99651,0.029136241,0.01357458,-0.11651,0.11651,,,,,
6:06,400.75,400.00021,0.187096694,0.562185044,0.74979,0.74979,,,,,
6:08,401.33,399.99942,0.331542621,1.770443136,1.33058,1.33058,,,,,
6:10,401.91,399.99577,0.476283247,3.664276493,1.91423,1.91423,,,,,
6:12,401.33,400.00147,0.331031819,1.764991961,1.32853,1.32853,,,,,
6:14,400.75,399.99172,0.189215221,0.574988558,0.75828,0.75828,,,,,
6:16,399.88,399.99829,0.029581374,0.013992524,-0.11829,0.11829,,,,,
6:18,399.88,399.99916,0.02979894,0.014199106,-0.11916,0.11916,,,,,
6:20,399.88,400.00128,0.030329099,0.014708838,-0.12128,0.12128,,,,,
6:22,398.15,399.9948,0.463342961,3.40328704,-1.8448,1.8448,,,,,
6:24,398.44,400.00207,0.392046481,2.440062685,-1.56207,1.56207,,,,,
6:26,398.44,400.00001,0.391529465,2.4336312,-1.56001,1.56001,,,,,
6:28,399.02,400.0012,0.245902461,0.96275344,-0.9812,0.9812,,,,,
6:30,399.31,400.0014,0.173148681,0.47803396,-0.6914,0.6914,,,,,
6:32,399.31,399.99992,0.172778042,0.475989606,-0.68992,0.68992,,,,,
6:34,399.31,400.00225,0.173361549,0.479210063,-0.69225,0.69225,,,,,
6:36,399.31,400.00158,0.173193759,0.478282896,-0.69158,0.69158,,,,,
6:38,401.04,400.00264,0.258667465,1.07611577,1.03736,1.03736,,,,,
6:40,401.04,399.99352,0.260941552,1.09512039,1.04648,1.04648,,,,,
6:42,401.33,399.99591,0.332417213,1.779796128,1.33409,1.33409,,,,,
6:44,405.67,400.01797,1.393258067,31.94544312,5.65203,5.65203,,,,,
6:46,410.01,408.04763,0.478615156,3.850896017,1.96237,1.96237,,,,,
6:48,412.62,408.00616,1.118181378,21.28751955,4.61384,4.61384,,,,,
6:50,414.93,408.00144,1.669814186,48.00494367,6.92856,6.92856,,,,,
6:52,416.38,407.9981,2.013040972,70.25624761,8.3819,8.3819,,,,,
6:54,414.93,407.98796,1.673062926,48.19191936,6.94204,6.94204,,,,,
6:56,415.8,408.00496,1.874708995,60.7626486,7.79504,7.79504,,,,,
6:58,416.38,407.99575,2.01360536,70.29564806,8.38425,8.38425,,,,,
7:00,418.11,408.00045,2.417916338,102.2030012,10.10955,10.10955,,,,,
7:02,420.14,415.03599,1.214835531,26.05091808,5.10401,5.10401,,,,,
7:04,419.85,414.99426,1.156541622,23.57821095,4.85574,4.85574,,,,,
7:06,419.56,414.99877,1.087146058,20.80481911,4.56123,4.56123,,,,,
7:08,419.27,414.99627,1.019326448,18.26476811,4.27373,4.27373,,,,,
7:10,412.62,415.01066,0.579385391,5.715255236,-2.39066,2.39066,,,,,
7:12,412.04,413.06522,0.248815649,1.051076048,-1.02522,1.02522,,,,,
7:14,407.99,411.7766,0.928110983,14.33833956,-3.7866,3.7866,,,,,
7:16,408.56,404.18964,1.069698453,19.10004653,4.37036,4.37036,,,,,
7:18,408.28,409.75655,0.361651318,2.180199903,-1.47655,1.47655,,,,,
7:20,409.14,403.13699,1.467226377,36.03612906,6.00301,6.00301,,,,,
7:22,409.14,403.69295,1.33134135,29.6703537,5.44705,5.44705,,,,,
7:24,409.14,402.06738,1.728655228,50.02195366,7.07262,7.07262,,,,,
7:26,409.43,402.16128,1.775326674,52.83429044,7.26872,7.26872,,,,,
7:28,407.12,405.10523,0.494883572,4.059298153,2.01477,2.01477,,,,,
7:30,404.8,405.87612,0.265839921,1.158034254,-1.07612,1.07612,,,,,
7:32,405.67,402.27037,0.838028447,11.55748414,3.39963,3.39963,,,,,
7:34,405.09,404.1978,0.220247352,0.79602084,0.8922,0.8922,,,,,
7:36,403.65,403.02249,0.155458937,0.3937688,0.62751,0.62751,,,,,
7:38,402.78,403.19315,0.102574606,0.170692923,-0.41315,0.41315,,,,,
7:40,402.49,400.94405,0.384096499,2.389961403,1.54595,1.54595,,,,,
7:42,402.2,401.38734,0.202053705,0.660416276,0.81266,0.81266,,,,,
7:44,400.75,401.55512,0.200903306,0.648218214,-0.80512,0.80512,,,,,
7:46,399.88,402.32015,0.610220566,5.954332023,-2.44015,2.44015,,,,,
7:48,401.04,401.21193,0.042871035,0.029559925,-0.17193,0.17193,,,,,
7:50,400.46,400.70877,0.062121061,0.061886513,-0.24877,0.24877,,,,,
7:52,399.59,400.29778,0.177126555,0.500952528,-0.70778,0.70778,,,,,
7:54,400.75,398.65536,0.522679975,4.38751673,2.09464,2.09464,,,,,
7:56,400.75,399.9017,0.211678104,0.71961289,0.8483,0.8483,,,,,
7:58,400.46,398.04364,0.603396094,5.83879565,2.41636,2.41636,,,,,
8:00,399.59,398.31505,0.319064541,1.625497502,1.27495,1.27495,,,,,
8:02,399.31,398.46445,0.211752774,0.714954803,0.84555,0.84555,,,,,
8:04,397.86,398.36685,0.127394058,0.256896922,-0.50685,0.50685,,,,,
8:06,396.7,398.23563,0.387101084,2.358159497,-1.53563,1.53563,,,,,
8:08,395.54,398.73774,0.808449209,10.22554111,-3.19774,3.19774,,,,,
8:10,396.41,393.30661,0.782873792,9.631029492,3.10339,3.10339,,,,,
8:12,396.12,396.70403,0.147437645,0.341091041,-0.58403,0.58403,,,,,
8:14,393.81,397.25078,0.873715751,11.83896701,-3.44078,3.44078,,,,,
8:16,392.65,395.16854,0.641421113,6.343043732,-2.51854,2.51854,,,,,
8:18,391.2,394.84318,0.931283231,13.27276051,-3.64318,3.64318,,,,,
8:20,392.07,393.34328,0.324758334,1.621241958,-1.27328,1.27328,,,,,
8:22,391.78,394.29743,0.642562152,6.337453805,-2.51743,2.51743,,,,,
8:24,391.78,396.57623,1.224215121,23.00382221,-4.79623,4.79623,,,,,
8:26,391.2,393.30647,0.538463701,4.437215861,-2.10647,2.10647,,,,,
8:28,391.2,392.62069,0.363162065,2.018360076,-1.42069,1.42069,,,,,
8:30,390.91,395.0738,1.065155662,17.33723044,-4.1638,4.1638,,,,,
8:32,391.2,394.26117,0.782507669,9.370761769,-3.06117,3.06117,,,,,
8:34,391.78,394.70917,0.747656848,8.580036889,-2.92917,2.92917,,,,,
8:36,391.2,395.30424,1.049141104,16.84478598,-4.10424,4.10424,,,,,
8:38,391.78,392.14081,0.092095053,0.130183856,-0.36081,0.36081,,,,,
8:40,391.2,393.53044,0.595715746,5.430950594,-2.33044,2.33044,,,,,
8:42,391.2,392.84585,0.420718303,2.708822222,-1.64585,1.64585,,,,,
8:44,390.63,393.47181,0.727494048,8.075884076,-2.84181,2.84181,,,,,
8:46,389.18,393.17076,1.025427823,15.92616538,-3.99076,3.99076,,,,,
8:48,388.02,392.6324,1.188701613,21.27423376,-4.6124,4.6124,,,,,
8:50,387.73,393.59533,1.512735667,34.40209601,-5.86533,5.86533,,,,,
8:52,389.18,390.35883,0.302900971,1.389640169,-1.17883,1.17883,,,,,
8:54,388.89,394.46365,1.433220191,31.06557432,-5.57365,5.57365,,,,,
8:56,387.73,391.59287,0.996278338,14.92176464,-3.86287,3.86287,,,,,
8:58,388.02,390.55676,0.653770424,6.435151298,-2.53676,2.53676,,,,,
9:00,387.44,393.60113,1.590215259,37.95952288,-6.16113,6.16113,,,,,
9:02,387.73,392.15448,1.141123978,19.57602327,-4.42448,4.42448,,,,,
9:04,387.73,392.34301,1.189748021,21.27986126,-4.61301,4.61301,,,,,
9:06,388.31,391.73191,0.88123149,11.70946805,-3.42191,3.42191,,,,,
9:08,388.89,391.73989,0.732826763,8.121873012,-2.84989,2.84989,,,,,
9:10,388.31,393.3665,1.302181247,25.56819225,-5.0565,5.0565,,,,,
9:12,389.47,390.6952,0.314581354,1.50111504,-1.2252,1.2252,,,,,
9:14,389.47,392.76407,0.84578273,10.85089716,-3.29407,3.29407,,,,,
9:16,389.47,392.74848,0.841779855,10.74843111,-3.27848,3.27848,,,,,
9:18,389.47,392.19296,0.699144992,7.414511162,-2.72296,2.72296,,,,,
9:20,389.47,393.96006,1.152864149,20.1606388,-4.49006,4.49006,,,,,
9:22,390.34,392.53929,0.563429318,4.836876504,-2.19929,2.19929,,,,,
9:24,390.63,392.1527,0.38980621,2.31861529,-1.5227,1.5227,,,,,
9:26,390.91,393.464,0.653347318,6.522916,-2.554,2.554,,,,,
9:28,389.18,395.4929,1.622102883,39.85270641,-6.3129,6.3129,,,,,
9:30,389.18,394.83019,1.45181921,31.92464704,-5.65019,5.65019,,,,,
9:32,389.18,392.25792,0.790873118,9.473591526,-3.07792,3.07792,,,,,
9:34,388.31,394.02968,1.472967474,32.7147393,-5.71968,5.71968,,,,,
9:36,387.44,394.28636,1.767076192,46.87264525,-6.84636,6.84636,,,,,
9:38,386.57,393.66489,1.835344181,50.33746411,-7.09489,7.09489,,,,,
9:40,386.28,395.08404,2.279186083,77.51112032,-8.80404,8.80404,,,,,
9:42,386.28,392.33505,1.567528736,36.6636305,-6.05505,6.05505,,,,,
9:44,386.86,391.39305,1.17175464,20.5485423,-4.53305,4.53305,,,,,
9:46,387.73,390.8112,0.794676708,9.49379344,-3.0812,3.0812,,,,,
9:48,386.57,393.29223,1.738942494,45.18837617,-6.72223,6.72223,,,,,
9:50,386.57,391.06228,1.162087073,20.1805796,-4.49228,4.49228,,,,,
9:52,386,392.2941,1.630595855,39.61569481,-6.2941,6.2941,,,,,
9:54,385.42,391.01572,1.45184993,31.31208232,-5.59572,5.59572,,,,,
9:56,385.13,390.97028,1.516443798,34.10887048,-5.84028,5.84028,,,,,
9:58,384.55,393.15355,2.237303342,74.0210726,-8.60355,8.60355,,,,,
10:00,384.84,391.37003,1.696816859,42.6412918,-6.53003,6.53003,,,,,
10:02,382.52,392.92934,2.721253791,108.3543592,-10.40934,10.40934,,,,,
10:04,381.94,391.17865,2.418874692,85.35265382,-9.23865,9.23865,,,,,
10:06,381.08,390.75386,2.53853784,93.5835673,-9.67386,9.67386,,,,,
10:08,383.39,388.992,1.461175305,31.382404,-5.602,5.602,,,,,
10:10,383.39,390.32994,1.810151543,48.1627672,-6.93994,6.93994,,,,,
10:12,383.1,390.69728,1.983106239,57.7186634,-7.59728,7.59728,,,,,
10:14,383.39,390.97726,1.978992671,57.56651431,-7.58726,7.58726,,,,,
10:16,383.68,392.59346,2.3231495,79.44976917,-8.91346,8.91346,,,,,
10:18,383.39,392.78675,2.450963771,88.29891056,-9.39675,9.39675,,,,,
10:20,385.13,389.40526,1.11008231,18.27784807,-4.27526,4.27526,,,,,
10:22,385.13,390.98423,1.520065952,34.27200889,-5.85423,5.85423,,,,,
10:24,384.55,392.71855,2.124184111,66.7252091,-8.16855,8.16855,,,,,
10:26,385.13,394.01206,2.306249838,78.89098984,-8.88206,8.88206,,,,,
10:28,386,392.30936,1.634549223,39.80802361,-6.30936,6.30936,,,,,
10:30,386.57,390.88824,1.117065473,18.6471967,-4.31824,4.31824,,,,,
10:32,386.28,393.06721,1.757070001,46.06621958,-6.78721,6.78721,,,,,
10:34,386.57,392.20093,1.45663916,31.70737266,-5.63093,5.63093,,,,,
10:36,386.28,392.55203,1.623700425,39.33836032,-6.27203,6.27203,,,,,
10:38,387.44,391.95373,1.165013938,20.37375851,-4.51373,4.51373,,,,,
10:40,387.73,393.24188,1.421576871,30.38082113,-5.51188,5.51188,,,,,
10:42,387.73,393.81428,1.569205375,37.01846312,-6.08428,6.08428,,,,,
10:44,387.44,393.14533,1.472571237,32.55079041,-5.70533,5.70533,,,,,
10:46,386.86,393.80617,1.795525513,48.24927767,-6.94617,6.94617,,,,,
10:48,387.73,394.15912,1.658143554,41.33358397,-6.42912,6.42912,,,,,
10:50,387.44,396.08505,2.231326141,74.7368895,-8.64505,8.64505,,,,,
10:52,387.44,393.2693,1.504568449,33.98073849,-5.8293,5.8293,,,,,
10:54,386.86,396.08344,2.384180324,85.07184543,-9.22344,9.22344,,,,,
10:56,387.73,394.49225,1.744061589,45.72802506,-6.76225,6.76225,,,,,
10:58,388.02,393.81848,1.494376579,33.62237031,-5.79848,5.79848,,,,,
11:00,388.02,394.67123,1.714146178,44.23886051,-6.65123,6.65123,,,,,
11:02,386.57,396.05329,2.453188297,89.93278922,-9.48329,9.48329,,,,,
11:04,386,395.19216,2.381388601,84.49580547,-9.19216,9.19216,,,,,
11:06,386,395.39954,2.43511399,88.35135221,-9.39954,9.39954,,,,,
11:08,388.31,391.58116,0.842409415,10.70048775,-3.27116,3.27116,,,,,
11:10,388.89,393.55868,1.200514284,21.79657294,-4.66868,4.66868,,,,,
11:12,388.89,394.175,1.358996117,27.931225,-5.285,5.285,,,,,
11:14,389.47,395.04965,1.43262639,31.13249412,-5.57965,5.57965,,,,,
11:16,390.34,394.44797,1.052408157,16.87541752,-4.10797,4.10797,,,,,
11:18,390.34,396.31421,1.530514423,35.69118512,-5.97421,5.97421,,,,,
11:20,389.47,395.14092,1.456060801,32.15933365,-5.67092,5.67092,,,,,
11:22,390.63,396.35608,1.465857717,32.78799217,-5.72608,5.72608,,,,,
11:24,391.2,395.59472,1.123394683,19.31356388,-4.39472,4.39472,,,,,
11:26,391.2,397.25566,1.547970348,36.67101804,-6.05566,6.05566,,,,,
11:28,391.2,399.32658,2.077346626,66.0413025,-8.12658,8.12658,,,,,
11:30,392.07,395.96253,0.992815059,15.1517898,-3.89253,3.89253,,,,,
11:32,393.52,399.23303,1.451776276,32.63871178,-5.71303,5.71303,,,,,
11:34,393.52,400.50839,1.775866538,48.83759479,-6.98839,6.98839,,,,,
11:36,394.68,399.48325,1.216998581,23.07121056,-4.80325,4.80325,,,,,
11:38,395.54,398.31423,0.701377863,7.696352093,-2.77423,2.77423,,,,,
11:40,395.54,399.78562,1.07337311,18.02528918,-4.24562,4.24562,,,,,
11:42,395.54,401.07291,1.398824392,30.61309307,-5.53291,5.53291,,,,,
11:44,396.41,399.87673,0.874531419,12.01821689,-3.46673,3.46673,,,,,
11:46,396.99,402.4451,1.374115217,29.75811601,-5.4551,5.4551,,,,,
11:48,398.15,400.73798,0.650001256,6.69764048,-2.58798,2.58798,,,,,
11:50,399.02,402.70504,0.92352263,13.5795198,-3.68504,3.68504,,,,,
11:52,400.46,403.57411,0.777633222,9.697681092,-3.11411,3.11411,,,,,
11:54,400.75,404.77514,1.004401747,16.20175202,-4.02514,4.02514,,,,,
11:56,400.46,404.56158,1.02421715,16.8229585,-4.10158,4.10158,,,,,
11:58,401.91,404.86949,0.736356398,8.75858106,-2.95949,2.95949,,,,,
12:00,402.2,406.02679,0.951464446,14.6443217,-3.82679,3.82679,,,,,
12:02,403.36,403.71523,0.088067731,0.126188353,-0.35523,0.35523,,,,,
12:04,403.65,406.08799,0.603986127,5.94379524,-2.43799,2.43799,,,,,
12:06,403.36,407.02626,0.908929988,13.44146239,-3.66626,3.66626,,,,,
12:08,403.94,407.51752,0.885656286,12.79864935,-3.57752,3.57752,,,,,
12:10,403.65,407.09889,0.854425864,11.89484223,-3.44889,3.44889,,,,,
12:12,403.94,405.0721,0.280264396,1.28165041,-1.1321,1.1321,,,,,
12:14,403.65,407.37795,0.923560015,13.8976112,-3.72795,3.72795,,,,,
12:16,403.94,407.81432,0.959132544,15.01035546,-3.87432,3.87432,,,,,
12:18,404.22,404.07384,0.036158528,0.021362746,0.14616,0.14616,,,,,
12:20,402.78,405.44597,0.661892348,7.107396041,-2.66597,2.66597,,,,,
12:22,402.78,406.29414,0.872471324,12.34917994,-3.51414,3.51414,,,,,
12:24,404.8,404.07388,0.17937747,0.527250254,0.72612,0.72612,,,,,
12:26,405.67,407.93988,0.559538541,5.152355214,-2.26988,2.26988,,,,,
12:28,405.67,407.20385,0.378102892,2.352695822,-1.53385,1.53385,,,,,
12:30,406.54,407.6016,0.261130516,1.12699456,-1.0616,1.0616,,,,,
12:32,407.12,408.93249,0.445197976,3.28512,-1.81249,1.81249,,,,,
12:34,406.83,410.0124,0.782243197,10.12766976,-3.1824,3.1824,,,,,
12:36,407.12,411.68096,1.120298683,20.80235612,-4.56096,4.56096,,,,,
12:38,407.12,409.19267,0.509105423,4.295960929,-2.07267,2.07267,,,,,
12:40,407.7,409.30363,0.393335786,2.571629177,-1.60363,1.60363,,,,,
12:42,407.12,411.84211,1.159881607,22.29832285,-4.72211,4.72211,,,,,
12:44,406.83,410.27879,0.847722636,11.89415246,-3.44879,3.44879,,,,,
12:46,407.12,410.48742,0.82713205,11.33951746,-3.36742,3.36742,,,,,
12:48,407.7,409.8652,0.531076772,4.68809104,-2.1652,2.1652,,,,,
12:50,409.14,408.34878,0.193386127,0.626029088,0.79122,0.79122,,,,,
12:52,409.43,409.31075,0.029125858,0.014220563,0.11925,0.11925,,,,,
12:54,408.56,413.6913,1.255947719,26.33023969,-5.1313,5.1313,,,,,
12:56,409.43,410.52824,0.268236329,1.206131098,-1.09824,1.09824,,,,,
12:58,409.72,411.39898,0.409787172,2.81897384,-1.67898,1.67898,,,,,
13:00,409.43,412.6451,0.785262438,10.33686801,-3.2151,3.2151,,,,,
13:02,409.43,412.21667,0.68062184,7.765529689,-2.78667,2.78667,,,,,
13:04,409.72,412.21755,0.609574832,6.237756002,-2.49755,2.49755,,,,,
13:06,410.59,412.64531,0.500574783,4.224299196,-2.05531,2.05531,,,,,
13:08,410.59,413.64142,0.743179327,9.311164016,-3.05142,3.05142,,,,,
13:10,410.59,414.58651,0.973357851,15.97209218,-3.99651,3.99651,,,,,
13:12,411.46,411.07519,0.093523064,0.148078736,0.38481,0.38481,,,,,
13:14,412.04,410.44662,0.386705174,2.538859824,1.59338,1.59338,,,,,
13:16,412.33,413.14798,0.198379938,0.66909128,-0.81798,0.81798,,,,,
13:18,412.62,414.69132,0.501992148,4.290366542,-2.07132,2.07132,,,,,
13:20,410.01,419.01429,2.196114729,81.0772384,-9.00429,9.00429,,,,,
13:22,409.43,414.79354,1.31000171,28.76756133,-5.36354,5.36354,,,,,
13:24,408.56,412.98385,1.082790777,19.57044882,-4.42385,4.42385,,,,,
13:26,407.99,412.81051,1.181526508,23.23731666,-4.82051,4.82051,,,,,
13:28,407.7,412.60413,1.202877116,24.05049106,-4.90413,4.90413,,,,,
13:30,408.28,411.58893,0.81045606,10.94901774,-3.30893,3.30893,,,,,
13:32,408.56,412.62768,0.995613863,16.54602058,-4.06768,4.06768,,,,,
13:34,409.72,412.28991,0.627235673,6.604437408,-2.56991,2.56991,,,,,
13:36,409.43,414.72474,1.29319786,28.03427167,-5.29474,5.29474,,,,,
13:38,409.43,412.35134,0.71351391,8.534227396,-2.92134,2.92134,,,,,
13:40,409.72,412.75967,0.741889583,9.239593709,-3.03967,3.03967,,,,,
13:42,410.88,411.6105,0.177789136,0.53363025,-0.7305,0.7305,,,,,
13:44,410.59,413.73903,0.766952434,9.916389941,-3.14903,3.14903,,,,,
13:46,410.01,413.66339,0.891048999,13.34725849,-3.65339,3.65339,,,,,
13:48,410.59,411.4055,0.198616625,0.66504025,-0.8155,0.8155,,,,,
13:50,411.17,412.43394,0.307400832,1.597544324,-1.26394,1.26394,,,,,
13:52,410.59,415.71221,1.247524294,26.23703528,-5.12221,5.12221,,,,,
13:54,410.88,413.54786,0.649303933,7.11747698,-2.66786,2.66786,,,,,
13:56,409.14,418.28333,2.23476805,83.60048349,-9.14333,9.14333,,,,,
13:58,407.12,417.40574,2.526463942,105.7964473,-10.28574,10.28574,,,,,
14:00,405.67,416.03652,2.555407104,107.4647369,-10.36652,10.36652,,,,,
14:02,405.09,415.34994,2.532755684,105.2663688,-10.25994,10.25994,,,,,
14:04,403.94,414.95442,2.726746547,121.3174479,-11.01442,11.01442,,,,,
14:06,404.22,412.60971,2.075530652,70.38723388,-8.38971,8.38971,,,,,
14:08,402.78,414.73353,2.967756592,142.8868795,-11.95353,11.95353,,,,,
14:10,402.78,413.20531,2.588338547,108.6870886,-10.42531,10.42531,,,,,
14:12,403.36,410.99939,1.893938417,58.36027957,-7.63939,7.63939,,,,,
14:14,403.94,410.98828,1.744882903,49.67825096,-7.04828,7.04828,,,,,
14:16,402.78,415.29418,3.106951686,156.6047011,-12.51418,12.51418,,,,,
14:18,404.22,411.73447,1.859004997,56.46725938,-7.51447,7.51447,,,,,
14:20,404.22,414.40619,2.519961902,103.7584667,-10.18619,10.18619,,,,,
14:22,405.67,412.13335,1.593253137,41.77489322,-6.46335,6.46335,,,,,
14:24,405.09,414.14475,2.23524402,81.98849756,-9.05475,9.05475,,,,,
14:26,405.38,413.03627,1.888664956,58.61847031,-7.65627,7.65627,,,,,
14:28,404.22,414.6163,2.571941022,108.0830537,-10.3963,10.3963,,,,,
14:30,405.67,411.79551,1.509973624,37.52187276,-6.12551,6.12551,,,,,
14:32,405.38,415.54426,2.50734126,103.3121813,-10.16426,10.16426,,,,,
14:34,405.38,413.25266,1.942044501,61.97877548,-7.87266,7.87266,,,,,
14:36,405.67,412.83774,1.766889344,51.37649671,-7.16774,7.16774,,,,,
14:38,405.09,414.71586,2.376227505,92.65718074,-9.62586,9.62586,,,,,
14:40,405.09,413.60515,2.102039053,72.50777952,-8.51515,8.51515,,,,,
14:42,405.09,414.75272,2.385326718,93.3681578,-9.66272,9.66272,,,,,
14:44,404.22,415.05993,2.681690664,117.5040824,-10.83993,10.83993,,,,,
14:46,403.94,413.74563,2.427496658,96.1503797,-9.80563,9.80563,,,,,
14:48,403.94,412.00148,1.995712234,64.98745979,-8.06148,8.06148,,,,,
14:50,403.65,414.28417,2.634502663,113.0855716,-10.63417,10.63417,,,,,
14:52,403.36,412.64746,2.3025238,86.25691325,-9.28746,9.28746,,,,,
14:54,403.94,411.80024,1.945892954,61.78337286,-7.86024,7.86024,,,,,
14:56,404.8,411.6691,1.696912055,47.18453481,-6.8691,6.8691,,,,,
14:58,404.8,413.2129,2.078285573,70.77688641,-8.4129,8.4129,,,,,
15:00,404.8,414.06376,2.288478261,85.81724934,-9.26376,9.26376,,,,,
15:02,405.38,411.98501,1.629337905,43.6261571,-6.60501,6.60501,,,,,
15:04,406.54,409.80783,0.803815123,10.67871291,-3.26783,3.26783,,,,,
15:06,406.54,412.36667,1.433234122,33.95008329,-5.82667,5.82667,,,,,
15:08,405.09,413.20557,2.003399245,65.86247642,-8.11557,8.11557,,,,,
15:10,404.22,412.88234,2.142976597,75.03613428,-8.66234,8.66234,,,,,
15:12,404.22,414.27359,2.487157983,101.0746719,-10.05359,10.05359,,,,,
15:14,403.94,414.58333,2.634878942,113.2804735,-10.64333,10.64333,,,,,
15:16,403.94,412.4239,2.100287171,71.97655921,-8.4839,8.4839,,,,,
15:18,404.8,411.07178,1.549352767,39.33522437,-6.27178,6.27178,,,,,
15:20,404.8,414.17138,2.315064229,87.8227631,-9.37138,9.37138,,,,,
15:22,404.8,412.74739,1.963288043,63.16100781,-7.94739,7.94739,,,,,
15:24,405.09,414.19375,2.247340097,82.87826406,-9.10375,9.10375,,,,,
15:26,405.38,411.89854,1.608007302,42.49136373,-6.51854,6.51854,,,,,
15:28,403.94,416.24464,3.04615537,151.4041655,-12.30464,12.30464,,,,,
15:30,403.94,411.01826,1.752304798,50.10176463,-7.07826,7.07826,,,,,
15:32,403.94,411.56007,1.886436104,58.0654668,-7.62007,7.62007,,,,,
15:34,404.22,412.52167,2.053750433,68.91772479,-8.30167,8.30167,,,,,
15:36,402.2,416.22122,3.486131278,196.5946103,-14.02122,14.02122,,,,,
15:38,400.46,416.55384,4.018838336,259.0116859,-16.09384,16.09384,,,,,
15:40,399.88,412.91501,3.259730419,169.9114857,-13.03501,13.03501,,,,,
15:42,399.02,414.52937,3.88686532,240.5405578,-15.50937,15.50937,,,,,
15:44,398.44,413.20722,3.706259412,218.0707865,-14.76722,14.76722,,,,,
15:46,399.31,412.81316,3.3816233,182.33533,-13.50316,13.50316,,,,,
15:48,399.88,411.91671,3.010080524,144.8823876,-12.03671,12.03671,,,,,
15:50,400.46,413.29494,3.205049193,164.7356848,-12.83494,12.83494,,,,,
15:52,400.46,413.58785,3.278192579,172.3404456,-13.12785,13.12785,,,,,
15:54,399.88,414.26434,3.597164149,206.9092372,-14.38434,14.38434,,,,,
15:56,399.88,412.90311,3.256754526,169.6013941,-13.02311,13.02311,,,,,
15:58,399.02,414.73781,3.939103303,247.0495512,-15.71781,15.71781,,,,,
16:00,399.59,411.24452,2.916619535,135.8278364,-11.65452,11.65452,,,,,
16:02,400.46,413.70668,3.307865954,175.474531,-13.24668,13.24668,,,,,
16:04,400.75,415.73536,3.739328759,224.5610143,-14.98536,14.98536,,,,,
16:06,400.46,414.72576,3.562343305,203.5119084,-14.26576,14.26576,,,,,
16:08,400.46,413.07974,3.151310992,159.2578377,-12.61974,12.61974,,,,,
16:10,400.75,414.12153,3.336626326,178.7978145,-13.37153,13.37153,,,,,
16:12,399.31,417.28696,4.50200596,323.1710908,-17.97696,17.97696,,,,,
16:14,399.02,415.73461,4.188915343,279.3781875,-16.71461,16.71461,,,,,
16:16,399.02,414.99183,4.002764272,255.0993535,-15.97183,15.97183,,,,,
16:18,399.59,415.2525,3.919642634,245.3139063,-15.6625,15.6625,,,,,
16:20,398.15,416.71504,4.662825568,344.6607102,-18.56504,18.56504,,,,,
16:22,397.86,416.09392,4.582999045,332.4758386,-18.23392,18.23392,,,,,
16:24,398.15,415.53248,4.36581188,302.150611,-17.38248,17.38248,,,,,
16:26,396.99,418.05736,5.30677347,443.8336574,-21.06736,21.06736,,,,,
16:28,395.54,418.26215,5.744589675,516.2961006,-22.72215,22.72215,,,,,
16:30,393.52,409.65644,4.100538727,260.3846959,-16.13644,16.13644,,,,,
16:32,392.07,405,3.297880481,167.1849,-12.93,12.93,,,,,
16:34,392.65,395,0.59849739,5.5225,-2.35,2.35,,,,,
16:36,388.89,385,1.000282856,15.1321,3.89,3.89,,,,,
16:38,384.84,370,3.85614801,220.2256,14.84,14.84,,,,,
16:40,381.94,370,3.126145468,142.5636,11.94,11.94,,,,,
16:42,380.21,370,2.685358092,104.2441,10.21,10.21,,,,,
16:44,377.89,370,2.08790918,62.2521,7.89,7.89,,,,,
16:46,375,370,1.333333333,25,5,5,,,,,
16:48,371.82,370,0.489484159,3.3124,1.82,1.82,,,,,
16:50,370.66,370,0.178060756,0.4356,0.66,0.66,,,,,
16:52,368.06,370,0.527087975,3.7636,-1.94,1.94,,,,,
16:54,367.77,370,0.606357234,4.9729,-2.23,2.23,,,,,
16:56,367.19,370,0.765271385,7.8961,-2.81,2.81,,,,,
16:58,367.77,370,0.606357234,4.9729,-2.23,2.23,,,,,
17:00,368.92,370,0.292746395,1.1664,-1.08,1.08,,,,,
17:02,370.08,370,0.021616948,0.0064,0.08,0.08,,,,,
17:04,368.92,370,0.292746395,1.1664,-1.08,1.08,,,,,
17:06,369.21,370,0.213970369,0.6241,-0.79,0.79,,,,,
17:08,369.21,370,0.213970369,0.6241,-0.79,0.79,,,,,
17:10,370.37,370,0.0999001,0.1369,0.37,0.37,,,,,
17:12,370.37,370,0.0999001,0.1369,0.37,0.37,,,,,
17:14,370.37,370,0.0999001,0.1369,0.37,0.37,,,,,
17:16,370.08,370,0.021616948,0.0064,0.08,0.08,,,,,
17:18,369.5,370,0.135317997,0.25,-0.5,0.5,,,,,
17:20,370.08,370,0.021616948,0.0064,0.08,0.08,,,,,
17:22,369.5,370,0.135317997,0.25,-0.5,0.5,,,,,
17:24,370.66,370,0.178060756,0.4356,0.66,0.66,,,,,
17:26,370.95,370,0.256099205,0.9025,0.95,0.95,,,,,
17:28,370.66,370,0.178060756,0.4356,0.66,0.66,,,,,
17:30,370.37,370,0.0999001,0.1369,0.37,0.37,,,,,
17:32,369.5,370,0.135317997,0.25,-0.5,0.5,,,,,
17:34,369.21,370,0.213970369,0.6241,-0.79,0.79,,,,,
17:36,368.63,370,0.371646366,1.8769,-1.37,1.37,,,,,
17:38,368.63,370,0.371646366,1.8769,-1.37,1.37,,,,,
17:40,368.63,370,0.371646366,1.8769,-1.37,1.37,,,,,
17:42,369.5,370,0.135317997,0.25,-0.5,0.5,,,,,
17:44,371.82,370,0.489484159,3.3124,1.82,1.82,,,,,
17:46,370.95,370,0.256099205,0.9025,0.95,0.95,,,,,
17:48,370.95,370,0.256099205,0.9025,0.95,0.95,,,,,
17:50,368.63,370,0.371646366,1.8769,-1.37,1.37,,,,,
17:52,367.19,370,0.765271385,7.8961,-2.81,2.81,,,,,
17:54,365.74,370,1.164761853,18.1476,-4.26,4.26,,,,,
17:56,364.87,370,1.405980212,26.3169,-5.13,5.13,,,,,
17:58,364.29,370,1.56743254,32.6041,-5.71,5.71,,,,,
18:00,363.72,365,0.351919059,1.6384,-1.28,1.28,,,,,
18:02,363.43,360,0.943785598,11.7649,3.43,3.43,,,,,
18:04,363.14,360,0.864680289,9.8596,3.14,3.14,,,,,
18:06,362.85,360,0.785448532,8.1225,2.85,2.85,,,,,
18:08,362.85,360,0.785448532,8.1225,2.85,2.85,,,,,
18:10,361.98,360,0.546991546,3.9204,1.98,1.98,,,,,
18:12,361.4,360,0.387382402,1.96,1.4,1.4,,,,,
18:14,360.82,360,0.22726013,0.6724,0.82,0.82,,,,,
18:16,360.24,360,0.066622252,0.0576,0.24,0.24,,,,,
18:18,359.95,360,0.013890818,0.0025,-0.05,0.05,,,,,
18:20,358.8,360,0.334448161,1.44,-1.2,1.2,,,,,
18:22,359.38,360,0.172519339,0.3844,-0.62,0.62,,,,,
18:24,359.38,360,0.172519339,0.3844,-0.62,0.62,,,,,
18:26,360.24,360,0.066622252,0.0576,0.24,0.24,,,,,
18:28,359.38,360,0.172519339,0.3844,-0.62,0.62,,,,,
18:30,359.95,360,0.013890818,0.0025,-0.05,0.05,,,,,
18:32,360.24,360,0.066622252,0.0576,0.24,0.24,,,,,
18:34,359.95,360,0.013890818,0.0025,-0.05,0.05,,,,,
18:36,360.24,360,0.066622252,0.0576,0.24,0.24,,,,,
18:38,359.95,360,0.013890818,0.0025,-0.05,0.05,,,,,
18:40,359.95,360,0.013890818,0.0025,-0.05,0.05,,,,,
18:42,359.38,360,0.172519339,0.3844,-0.62,0.62,,,,,
18:44,359.38,360,0.172519339,0.3844,-0.62,0.62,,,,,
18:46,359.95,360,0.013890818,0.0025,-0.05,0.05,,,,,
18:48,360.24,360,0.066622252,0.0576,0.24,0.24,,,,,
18:50,360.53,360,0.147005797,0.2809,0.53,0.53,,,,,
18:52,359.95,360,0.013890818,0.0025,-0.05,0.05,,,,,
18:54,359.95,360,0.013890818,0.0025,-0.05,0.05,,,,,
18:56,360.24,360,0.066622252,0.0576,0.24,0.24,,,,,
18:58,360.53,360,0.147005797,0.2809,0.53,0.53,,,,,
19:00,360.24,360,0.066622252,0.0576,0.24,0.24,,,,,
19:02,360.24,360,0.066622252,0.0576,0.24,0.24,,,,,
19:04,360.24,360,0.066622252,0.0576,0.24,0.24,,,,,
19:06,360.53,360,0.147005797,0.2809,0.53,0.53,,,,,
19:08,360.53,360,0.147005797,0.2809,0.53,0.53,,,,,
19:10,360.24,360,0.066622252,0.0576,0.24,0.24,,,,,
19:12,360.24,360,0.066622252,0.0576,0.24,0.24,,,,,
19:14,360.24,360,0.066622252,0.0576,0.24,0.24,,,,,
19:16,359.38,360,0.172519339,0.3844,-0.62,0.62,,,,,
19:18,360.24,360,0.066622252,0.0576,0.24,0.24,,,,,
19:20,360.24,360,0.066622252,0.0576,0.24,0.24,,,,,
19:22,360.53,360,0.147005797,0.2809,0.53,0.53,,,,,
19:24,360.82,360,0.22726013,0.6724,0.82,0.82,,,,,
19:26,360.82,360,0.22726013,0.6724,0.82,0.82,,,,,
19:28,360.82,360,0.22726013,0.6724,0.82,0.82,,,,,
19:30,360.53,360,0.147005797,0.2809,0.53,0.53,,,,,
19:32,360.24,360,0.066622252,0.0576,0.24,0.24,,,,,
19:34,360.53,360,0.147005797,0.2809,0.53,0.53,,,,,
19:36,359.95,360,0.013890818,0.0025,-0.05,0.05,,,,,
19:38,359.95,360,0.013890818,0.0025,-0.05,0.05,,,,,
19:40,360.24,360,0.066622252,0.0576,0.24,0.24,,,,,
19:42,359.38,360,0.172519339,0.3844,-0.62,0.62,,,,,
19:44,359.38,360,0.172519339,0.3844,-0.62,0.62,,,,,
19:46,359.95,360,0.013890818,0.0025,-0.05,0.05,,,,,
19:48,359.95,360,0.013890818,0.0025,-0.05,0.05,,,,,
19:50,359.95,360,0.013890818,0.0025,-0.05,0.05,,,,,
19:52,360.24,360,0.066622252,0.0576,0.24,0.24,,,,,
19:54,360.53,360,0.147005797,0.2809,0.53,0.53,,,,,
19:56,359.95,360,0.013890818,0.0025,-0.05,0.05,,,,,
19:58,359.09,360,0.253418363,0.8281,-0.91,0.91,,,,,
20:00,359.38,360,0.172519339,0.3844,-0.62,0.62,,,,,
20:02,360.24,360,0.066622252,0.0576,0.24,0.24,,,,,
20:04,360.53,360,0.147005797,0.2809,0.53,0.53,,,,,
20:06,360.24,360,0.066622252,0.0576,0.24,0.24,,,,,
20:08,360.53,360,0.147005797,0.2809,0.53,0.53,,,,,
20:10,360.24,360,0.066622252,0.0576,0.24,0.24,,,,,
20:12,360.24,360,0.066622252,0.0576,0.24,0.24,,,,,
20:14,363.14,360,0.864680289,9.8596,3.14,3.14,,,,,
20:16,367.19,360,1.958114328,51.6961,7.19,7.19,,,,,
20:18,370.08,360,2.723735409,101.6064,10.08,10.08,,,,,
20:20,370.66,360,2.875951006,113.6356,10.66,10.66,,,,,
20:22,370.66,365.11354,1.496374036,30.76321853,5.54646,5.54646,,,,,
20:24,370.95,365.00698,1.602108101,35.31948672,5.94302,5.94302,,,,,
20:26,370.37,364.99881,1.45022275,28.84968202,5.37119,5.37119,,,,,
20:28,370.08,375.07049,1.348489516,24.90499044,-4.99049,4.99049,,,,,
20:30,369.5,375.0053,1.489932341,30.30832809,-5.5053,5.5053,,,,,
20:32,370.37,390.10086,5.327337527,389.3068363,-19.73086,19.73086,,,,,
20:34,370.37,390.01252,5.303485703,385.828592,-19.64252,19.64252,,,,,
20:36,369.5,390.0064,5.549769959,420.512441,-20.5064,20.5064,,,,,
20:38,371.53,390.01173,4.974491966,341.5743438,-18.48173,18.48173,,,,,
20:40,377.31,390.03351,3.372163473,161.8877067,-12.72351,12.72351,,,,,
20:42,383.1,400.77946,4.614842078,312.5633059,-17.67946,17.67946,,,,,
20:44,385.42,401.88035,4.270756577,270.9431221,-16.46035,16.46035,,,,,
20:46,386.86,401.99756,3.912929742,229.1457228,-15.13756,15.13756,,,,,
20:48,387.44,401.99417,3.75649649,211.8238644,-14.55417,14.55417,,,,,
20:50,386,401.98925,4.142292746,255.6561156,-15.98925,15.98925,,,,,
20:52,384.55,401.98833,4.534736705,304.0953532,-17.43833,17.43833,,,,,
20:54,383.68,401.99525,4.773574333,335.4483826,-18.31525,18.31525,,,,,
20:56,383.68,401.99571,4.773694224,335.4652328,-18.31571,18.31571,,,,,
20:58,383.97,401.99626,4.694705316,324.9460496,-18.02626,18.02626,,,,,
21:00,384.84,401.99661,4.458115061,294.3492667,-17.15661,17.15661,,,,,
21:02,385.42,401.99998,4.301795444,274.8957368,-16.57998,16.57998,,,,,
21:04,386,401.9897,4.142409326,255.6705061,-15.9897,15.9897,,,,,
21:06,383.97,401.99655,4.694780842,324.9565049,-18.02655,18.02655,,,,,
21:08,382.52,401.99934,5.092371641,379.4446868,-19.47934,19.47934,,,,,
21:10,383.39,402.00282,4.854800595,346.4370684,-18.61282,18.61282,,,,,
21:12,383.39,402.00581,4.855580479,346.548382,-18.61581,18.61581,,,,,
21:14,389.76,400.9884,2.880849754,126.0769666,-11.2284,11.2284,,,,,
21:16,394.68,402.9012,2.083003953,67.58812944,-8.2212,8.2212,,,,,
21:18,398.15,401.97262,0.960095441,14.61242366,-3.82262,3.82262,,,,,
21:20,401.33,401.99195,0.164939078,0.438177802,-0.66195,0.66195,,,,,
21:22,401.91,401.98697,0.019151054,0.005924381,-0.07697,0.07697,,,,,
21:24,401.33,401.98423,0.163015474,0.428016893,-0.65423,0.65423,,,,,
21:26,401.04,401.99312,0.237662079,0.908437734,-0.95312,0.95312,,,,,
21:28,401.91,401.98866,0.019571546,0.006187396,-0.07866,0.07866,,,,,
21:30,401.91,401.98447,0.018529024,0.005545781,-0.07447,0.07447,,,,,
21:32,401.91,401.987,0.019158518,0.005929,-0.077,0.077,,,,,
21:34,401.33,401.9903,0.164527945,0.43599609,-0.6603,0.6603,,,,,
21:36,400.75,401.98767,0.308838428,1.531827029,-1.23767,1.23767,,,,,
21:38,400.46,401.98748,0.381431354,2.33319515,-1.52748,1.52748,,,,,
21:40,401.04,401.99835,0.238966188,0.918434722,-0.95835,0.95835,,,,,
21:42,400.75,401.99187,0.309886463,1.542241097,-1.24187,1.24187,,,,,
21:44,399.88,401.99556,0.529048715,4.475594114,-2.11556,2.11556,,,,,
21:46,400.46,401.99948,0.384427908,2.36999867,-1.53948,1.53948,,,,,
21:48,400.75,401.99355,0.310305677,1.546416603,-1.24355,1.24355,,,,,
21:50,400.75,401.99565,0.310829694,1.551643923,-1.24565,1.24565,,,,,
21:52,399.88,401.98928,0.527478243,4.449062118,-2.10928,2.10928,,,,,
21:54,397.86,401.99767,1.0399814,17.12031303,-4.13767,4.13767,,,,,
21:56,398.15,402.00023,0.967030014,14.82427105,-3.85023,3.85023,,,,,
21:58,397.57,401.99286,1.112473275,19.56169058,-4.42286,4.42286,,,,,
22:00,398.15,401.98874,0.964144167,14.73592479,-3.83874,3.83874,,,,,
22:02,399.02,402.00966,0.749250664,8.938066916,-2.98966,2.98966,,,,,
22:04,399.59,401.99692,0.602347406,5.793263886,-2.40692,2.40692,,,,,
22:06,401.04,401.99463,0.2380386,0.911318437,-0.95463,0.95463,,,,,
22:08,401.91,401.9983,0.021970093,0.00779689,-0.0883,0.0883,,,,,
22:10,400.46,401.99162,0.382465165,2.345859824,-1.53162,1.53162,,,,,
22:12,399.59,401.99218,0.60116119,5.770468752,-2.40218,2.40218,,,,,
22:14,399.59,401.99769,0.602540104,5.796971136,-2.40769,2.40769,,,,,
22:16,399.31,401.99421,0.672212066,7.204983324,-2.68421,2.68421,,,,,
22:18,399.59,402.00149,0.603491078,5.81528402,-2.41149,2.41149,,,,,
22:20,399.31,401.98705,0.670418973,7.166596703,-2.67705,2.67705,,,,,
22:22,399.59,402.00545,0.604482094,5.834398703,-2.41545,2.41545,,,,,
22:24,400.75,401.99683,0.311124142,1.554585049,-1.24683,1.24683,,,,,
22:26,399.88,401.99469,0.528831149,4.471913796,-2.11469,2.11469,,,,,
22:28,399.88,401.99901,0.529911473,4.49020338,-2.11901,2.11901,,,,,
22:30,399.02,401.99446,0.745441331,8.847412292,-2.97446,2.97446,,,,,
22:32,399.02,401.99856,0.746468849,8.871819674,-2.97856,2.97856,,,,,
22:34,399.31,401.99573,0.672592722,7.213145633,-2.68573,2.68573,,,,,
22:36,400.75,402.00454,0.313048035,1.573870612,-1.25454,1.25454,,,,,
22:38,399.88,401.99055,0.527795839,4.454421302,-2.11055,2.11055,,,,,
22:40,399.88,401.99856,0.52979894,4.488296474,-2.11856,2.11856,,,,,
22:42,399.88,401.99636,0.529248775,4.47897965,-2.11636,2.11636,,,,,
22:44,399.59,401.99481,0.601819365,5.783111136,-2.40481,2.40481,,,,,
22:46,399.02,401.9964,0.745927522,8.85895696,-2.9764,2.9764,,,,,
22:48,399.02,401.99732,0.746158087,8.864434382,-2.97732,2.97732,,,,,
22:50,399.02,401.99772,0.746258333,8.866816398,-2.97772,2.97772,,,,,
22:52,398.44,401.99561,0.892382793,12.64236247,-3.55561,3.55561,,,,,
22:54,398.15,402.00383,0.967934196,14.85200567,-3.85383,3.85383,,,,,
22:56,397.86,402.00363,1.041479415,17.16966958,-4.14363,4.14363,,,,,
22:58,398.15,401.99773,0.96640211,14.80502615,-3.84773,3.84773,,,,,
23:00,398.15,402.00179,0.967421826,14.8362862,-3.85179,3.85179,,,,,
23:02,399.02,402.00403,0.747839707,8.904435041,-2.98403,2.98403,,,,,
23:04,399.59,401.9955,0.601992042,5.78643025,-2.4055,2.4055,,,,,
23:06,399.31,401.99421,0.672212066,7.204983324,-2.68421,2.68421,,,,,
23:08,399.59,402.00224,0.603678771,5.818901818,-2.41224,2.41224,,,,,
23:10,399.59,401.99427,0.601684226,5.780514233,-2.40427,2.40427,,,,,
23:12,399.59,401.99525,0.601929478,5.785227563,-2.40525,2.40525,,,,,
23:14,399.88,401.999,0.529908973,4.490161,-2.119,2.119,,,,,
23:16,399.31,401.99612,0.672690391,7.215240654,-2.68612,2.68612,,,,,
23:18,398.44,401.99535,0.892317538,12.64051362,-3.55535,3.55535,,,,,
23:20,399.31,401.99437,0.672252135,7.205842297,-2.68437,2.68437,,,,,
23:22,399.59,401.99246,0.601231262,5.771814052,-2.40246,2.40246,,,,,
23:24,399.02,401.99758,0.746223247,8.865982656,-2.97758,2.97758,,,,,
23:26,399.02,401.99491,0.745554108,8.850089508,-2.97491,2.97491,,,,,
23:28,398.44,401.99685,0.892694007,12.65118192,-3.55685,3.55685,,,,,
23:30,399.02,402.00433,0.747914891,8.906225549,-2.98433,2.98433,,,,,
23:32,399.02,401.99425,0.745388702,8.846163063,-2.97425,2.97425,,,,,
23:34,399.59,401.99829,0.602690258,5.799860724,-2.40829,2.40829,,,,,
23:36,399.59,402.0018,0.603568658,5.81677924,-2.4118,2.4118,,,,,
23:38,400.75,401.99873,0.311598253,1.559326613,-1.24873,1.24873,,,,,
23:40,401.04,401.99098,0.237128466,0.90436296,-0.95098,0.95098,,,,,
23:42,398.44,401.99288,0.891697621,12.62295629,-3.55288,3.55288,,,,,
23:44,396.99,401.99531,1.260815134,25.0531282,-5.00531,5.00531,,,,,
23:46,396.41,402.00192,1.410640498,31.26956929,-5.59192,5.59192,,,,,
23:48,396.41,402.01503,1.41394768,31.4163613,-5.60503,5.60503,,,,,
23:50,396.12,402.00017,1.484441583,34.57639923,-5.88017,5.88017,,,,,
23:52,396.12,401.99756,1.483782692,34.54571155,-5.87756,5.87756,,,,,
23:54,396.12,401.99574,1.483323235,34.52432055,-5.87574,5.87574,,,,,
23:56,396.12,401.99528,1.483207109,34.51891508,-5.87528,5.87528,,,,,
23:58,396.12,401.99548,1.483257599,34.52126523,-5.87548,5.87548,,,,,
