time,Actual,Simulation,MAE,MSE,0.21989575,0.430133972,MAE %,MSE ,MR %,Coef,R-square
0:00,41.0625,42.62729,3.810751903,2.448567744,-1.56479,1.56479,1.02386738,0.284017189,0.52794492,0.994576152,0.989181722
0:02,41.525,42.73956,2.924888621,1.475155994,-1.21456,1.21456,,,,,
0:04,41.35,42.15103,1.93719468,0.641649061,-0.80103,0.80103,,,,,
0:06,41.55,42.07383,1.260722022,0.274397869,-0.52383,0.52383,,,,,
0:08,41.575,41.9494,0.900541191,0.14017536,-0.3744,0.3744,,,,,
0:10,41.7,41.98754,0.689544365,0.082679252,-0.28754,0.28754,,,,,
0:12,41.575,41.73183,0.377221888,0.024595649,-0.15683,0.15683,,,,,
0:14,41.725,41.78155,0.135530258,0.003197903,-0.05655,0.05655,,,,,
0:16,41.8375,41.68801,0.357311025,0.02234726,0.14949,0.14949,,,,,
0:18,41.7,41.68264,0.041630695,0.00030137,0.01736,0.01736,,,,,
0:20,41.7,41.52446,0.420959233,0.030814292,0.17554,0.17554,,,,,
0:22,42.0125,41.80065,0.504254686,0.044880423,0.21185,0.21185,,,,,
0:24,41.35,41.14448,0.497025393,0.04223847,0.20552,0.20552,,,,,
0:26,41.725,41.58262,0.341234272,0.020272064,0.14238,0.14238,,,,,
0:28,41.6625,41.52628,0.326960696,0.018555888,0.13622,0.13622,,,,,
0:30,41.6375,41.43237,0.49265686,0.042078317,0.20513,0.20513,,,,,
0:32,41.6375,41.39304,0.58711498,0.059760692,0.24446,0.24446,,,,,
0:34,41.7,41.65074,0.118129496,0.002426548,0.04926,0.04926,,,,,
0:36,42.1625,41.92201,0.570388378,0.05783544,0.24049,0.24049,,,,,
0:38,41.875,41.68422,0.45559403,0.036397008,0.19078,0.19078,,,,,
0:40,42.675,42.54489,0.304885764,0.016928612,0.13011,0.13011,,,,,
0:42,42.7125,42.50379,0.488639157,0.043559864,0.20871,0.20871,,,,,
0:44,42.3875,42.1659,0.522795636,0.04910656,0.2216,0.2216,,,,,
0:46,42.0125,41.78867,0.532770009,0.050099869,0.22383,0.22383,,,,,
0:48,41.8375,41.5415,0.707499253,0.087616,0.296,0.296,,,,,
0:50,41.8375,41.57553,0.626160741,0.068628281,0.26197,0.26197,,,,,
0:52,41.6375,41.58567,0.124479135,0.002686349,0.05183,0.05183,,,,,
0:54,41.575,41.43191,0.344173181,0.020474748,0.14309,0.14309,,,,,
0:56,40.9375,40.87323,0.15699542,0.004130633,0.06427,0.06427,,,,,
0:58,41.525,41.32856,0.473064419,0.038588674,0.19644,0.19644,,,,,
1:00,41.15,41.15809,0.019659781,6.54E-05,-0.00809,0.00809,,,,,
1:02,41.2375,41.19887,0.093676872,0.001492277,0.03863,0.03863,,,,,
1:04,41.4375,41.29683,0.339475113,0.019788049,0.14067,0.14067,,,,,
1:06,41.2625,41.22092,0.100769464,0.001728896,0.04158,0.04158,,,,,
1:08,41.0625,40.988,0.181430746,0.00555025,0.0745,0.0745,,,,,
1:10,41.4375,41.36807,0.167553544,0.004820525,0.06943,0.06943,,,,,
1:12,41.35,41.29553,0.131729141,0.002966981,0.05447,0.05447,,,,,
1:14,40.975,40.78131,0.472702868,0.037515816,0.19369,0.19369,,,,,
1:16,40.9125,40.90106,0.027962114,0.000130874,0.01144,0.01144,,,,,
1:18,40.8,40.74179,0.142671569,0.003388404,0.05821,0.05821,,,,,
1:20,41.15,40.99706,0.371664642,0.023390644,0.15294,0.15294,,,,,
1:22,41.15,41.06564,0.205006075,0.00711661,0.08436,0.08436,,,,,
1:24,40.7125,40.73818,0.063076451,0.000659462,-0.02568,0.02568,,,,,
1:26,41.35,41.40454,0.131898428,0.002974612,-0.05454,0.05454,,,,,
1:28,41.375,41.2867,0.213413897,0.00779689,0.0883,0.0883,,,,,
1:30,41.35,41.33319,0.040652963,0.000282576,0.01681,0.01681,,,,,
1:32,41.375,41.38887,0.033522659,0.000192377,-0.01387,0.01387,,,,,
1:34,41.6625,41.45315,0.502490249,0.043827423,0.20935,0.20935,,,,,
1:36,41.7875,41.72711,0.144516901,0.003646952,0.06039,0.06039,,,,,
1:38,41.7875,41.62146,0.397343703,0.027569282,0.16604,0.16604,,,,,
1:40,41.9875,41.74942,0.567025901,0.056682086,0.23808,0.23808,,,,,
1:42,41.6375,41.49543,0.341206845,0.020183885,0.14207,0.14207,,,,,
1:44,41.4375,41.26213,0.423215686,0.030754637,0.17537,0.17537,,,,,
1:46,41.6625,41.51689,0.34949895,0.021202272,0.14561,0.14561,,,,,
1:48,41.6375,41.46155,0.422575803,0.030958403,0.17595,0.17595,,,,,
1:50,41.7875,41.58578,0.482728089,0.040690958,0.20172,0.20172,,,,,
1:52,41.4125,41.31015,0.2471476,0.010475523,0.10235,0.10235,,,,,
1:54,41.0875,40.94053,0.35770003,0.021600181,0.14697,0.14697,,,,,
1:56,41.4875,41.37563,0.269647484,0.012514897,0.11187,0.11187,,,,,
1:58,41.875,41.83201,0.102662687,0.00184814,0.04299,0.04299,,,,,
2:00,42.075,42.03227,0.101556744,0.001825853,0.04273,0.04273,,,,,
2:02,41.7875,41.65622,0.314160933,0.017234438,0.13128,0.13128,,,,,
2:04,41.725,41.5704,0.37052127,0.02390116,0.1546,0.1546,,,,,
2:06,41.8125,41.71053,0.243874439,0.010397881,0.10197,0.10197,,,,,
2:08,41.6625,41.55306,0.262682268,0.011977114,0.10944,0.10944,,,,,
2:10,41.7,41.55048,0.358561151,0.02235623,0.14952,0.14952,,,,,
2:12,41.575,41.44786,0.305808779,0.01616458,0.12714,0.12714,,,,,
2:14,41.4875,41.376,0.268755649,0.01243225,0.1115,0.1115,,,,,
2:16,42.0125,41.77474,0.565926807,0.056529818,0.23776,0.23776,,,,,
2:18,41.725,41.46869,0.614284002,0.065694816,0.25631,0.25631,,,,,
2:20,42.075,41.85842,0.514747475,0.046906896,0.21658,0.21658,,,,,
2:22,41.15,40.95942,0.463134872,0.036320736,0.19058,0.19058,,,,,
2:24,41.6625,41.62453,0.091137114,0.001441721,0.03797,0.03797,,,,,
2:26,41.575,41.44977,0.301214672,0.015682553,0.12523,0.12523,,,,,
2:28,41.7,41.55315,0.352158273,0.021564923,0.14685,0.14685,,,,,
2:30,41.55,41.46415,0.206618532,0.007370223,0.08585,0.08585,,,,,
2:32,41.35,41.23103,0.287714631,0.014153861,0.11897,0.11897,,,,,
2:34,41.1125,40.89947,0.518163576,0.045381781,0.21303,0.21303,,,,,
2:36,41.35,41.16412,0.449528416,0.034551374,0.18588,0.18588,,,,,
2:38,41.575,41.38316,0.461431149,0.036802586,0.19184,0.19184,,,,,
2:40,41.725,41.61046,0.274511684,0.013119412,0.11454,0.11454,,,,,
2:42,41.725,41.67932,0.10947873,0.002086662,0.04568,0.04568,,,,,
2:44,41.525,41.44601,0.190222757,0.00623942,0.07899,0.07899,,,,,
2:46,41.95,41.76031,0.452181168,0.035982296,0.18969,0.18969,,,,,
2:48,41.6375,41.53623,0.243218253,0.010255613,0.10127,0.10127,,,,,
2:50,41.8375,41.77072,0.159617568,0.004459568,0.06678,0.06678,,,,,
2:52,41.6625,41.5573,0.252505251,0.01106704,0.1052,0.1052,,,,,
2:54,41.875,41.73277,0.339653731,0.020229373,0.14223,0.14223,,,,,
2:56,41.55,41.36225,0.451865223,0.035250062,0.18775,0.18775,,,,,
2:58,41.525,41.30696,0.525081276,0.047541442,0.21804,0.21804,,,,,
3:00,41.2625,41.12706,0.328239927,0.018343994,0.13544,0.13544,,,,,
3:02,41.4375,41.23662,0.484778281,0.040352774,0.20088,0.20088,,,,,
3:04,41.6375,41.53974,0.234788352,0.009557018,0.09776,0.09776,,,,,
3:06,41.8375,41.77356,0.152829399,0.004088324,0.06394,0.06394,,,,,
3:08,41.875,41.83784,0.088740299,0.001380866,0.03716,0.03716,,,,,
3:10,41.575,41.55719,0.042838244,0.000317196,0.01781,0.01781,,,,,
3:12,41.8375,41.6702,0.39988049,0.02798929,0.1673,0.1673,,,,,
3:14,41.575,41.45361,0.291978352,0.014735532,0.12139,0.12139,,,,,
3:16,41.8125,41.61526,0.471724963,0.038903618,0.19724,0.19724,,,,,
3:18,41.55,41.29607,0.611143201,0.064480445,0.25393,0.25393,,,,,
3:20,41.55,41.36599,0.442864019,0.03385968,0.18401,0.18401,,,,,
3:22,41.725,41.43899,0.68546435,0.08180172,0.28601,0.28601,,,,,
3:24,42.125,42.00943,0.274350148,0.013356425,0.11557,0.11557,,,,,
3:26,41.7,41.5906,0.26235012,0.01196836,0.1094,0.1094,,,,,
3:28,41.875,41.76846,0.254423881,0.011350772,0.10654,0.10654,,,,,
3:30,41.725,41.68109,0.105236669,0.001928088,0.04391,0.04391,,,,,
3:32,41.725,41.54322,0.435662073,0.033043968,0.18178,0.18178,,,,,
3:34,41.6375,41.54021,0.233659562,0.009465344,0.09729,0.09729,,,,,
3:36,41.6375,41.50682,0.313851696,0.017077262,0.13068,0.13068,,,,,
3:38,41.725,41.54502,0.431348113,0.0323928,0.17998,0.17998,,,,,
3:40,42.0125,41.84987,0.387099078,0.026448517,0.16263,0.16263,,,,,
3:42,41.925,41.70868,0.515968992,0.046794342,0.21632,0.21632,,,,,
3:44,41.575,41.38556,0.455658449,0.035887514,0.18944,0.18944,,,,,
3:46,41.95,41.7636,0.444338498,0.03474496,0.1864,0.1864,,,,,
3:48,41.925,41.81151,0.270697674,0.01287998,0.11349,0.11349,,,,,
3:50,41.7,41.48866,0.506810552,0.044664596,0.21134,0.21134,,,,,
3:52,41.875,41.70173,0.413779104,0.030022493,0.17327,0.17327,,,,,
3:54,41.4875,41.31528,0.415112986,0.029659728,0.17222,0.17222,,,,,
3:56,41.55,41.3319,0.524909747,0.04756761,0.2181,0.2181,,,,,
3:58,41.55,41.40156,0.357256318,0.022034434,0.14844,0.14844,,,,,
4:00,41.55,41.40205,0.356077016,0.021889202,0.14795,0.14795,,,,,
4:02,41.875,41.70327,0.410101493,0.029491193,0.17173,0.17173,,,,,
4:04,41.95,41.83432,0.275756853,0.013381862,0.11568,0.11568,,,,,
4:06,42.1,41.95675,0.340261283,0.020520563,0.14325,0.14325,,,,,
4:08,42.3,42.11767,0.431040189,0.033244229,0.18233,0.18233,,,,,
4:10,42.45,42.30987,0.330106007,0.019636417,0.14013,0.14013,,,,,
4:12,42.425,42.28816,0.322545669,0.018725186,0.13684,0.13684,,,,,
4:14,42.075,41.79177,0.67315508,0.080219233,0.28323,0.28323,,,,,
4:16,42.125,41.86779,0.610587537,0.066156984,0.25721,0.25721,,,,,
4:18,42.45,42.16697,0.666737338,0.080105981,0.28303,0.28303,,,,,
4:20,42.1625,41.9311,0.548828936,0.05354596,0.2314,0.2314,,,,,
4:22,41.7875,41.55484,0.556769369,0.054130676,0.23266,0.23266,,,,,
4:24,41.575,41.38175,0.46482261,0.037345563,0.19325,0.19325,,,,,
4:26,41.875,41.69843,0.421659701,0.031176965,0.17657,0.17657,,,,,
4:28,41.725,41.57573,0.357747154,0.022281533,0.14927,0.14927,,,,,
4:30,41.95,41.90093,0.116972586,0.002407865,0.04907,0.04907,,,,,
4:32,42.3,42.25851,0.098085106,0.00172142,0.04149,0.04149,,,,,
4:34,41.6625,41.42285,0.575217522,0.057432123,0.23965,0.23965,,,,,
4:36,41.725,41.5773,0.353984422,0.02181529,0.1477,0.1477,,,,,
4:38,41.6625,41.5262,0.327152715,0.01857769,0.1363,0.1363,,,,,
4:40,41.4125,41.32026,0.222734682,0.008508218,0.09224,0.09224,,,,,
4:42,41.0625,40.93052,0.321412481,0.01741872,0.13198,0.13198,,,,,
4:44,41.35,41.30694,0.104135429,0.001854164,0.04306,0.04306,,,,,
4:46,40.9125,40.87722,0.086232814,0.001244678,0.03528,0.03528,,,,,
4:48,40.8625,40.70182,0.393221169,0.025818062,0.16068,0.16068,,,,,
4:50,40.425,40.37559,0.122226345,0.002441348,0.04941,0.04941,,,,,
4:52,41,41.0592,0.144390244,0.00350464,-0.0592,0.0592,,,,,
4:54,41.375,41.36848,0.015758308,4.25E-05,0.00652,0.00652,,,,,
4:56,41.2625,41.20738,0.133583762,0.003038214,0.05512,0.05512,,,,,
4:58,41.4875,41.59881,0.26829768,0.012389916,-0.11131,0.11131,,,,,
5:00,41,40.88523,0.279926829,0.013172153,0.11477,0.11477,,,,,
5:02,40.5625,40.52233,0.099032357,0.001613629,0.04017,0.04017,,,,,
5:04,40.5125,40.58289,0.173748843,0.004954752,-0.07039,0.07039,,,,,
5:06,40.9375,40.90439,0.080879389,0.001096272,0.03311,0.03311,,,,,
5:08,41.2,41.11979,0.194684466,0.006433644,0.08021,0.08021,,,,,
5:10,41.6375,41.68529,0.114776343,0.002283884,-0.04779,0.04779,,,,,
5:12,41.2875,41.22237,0.157747502,0.004241917,0.06513,0.06513,,,,,
5:14,41.4125,41.35801,0.13157863,0.00296916,0.05449,0.05449,,,,,
5:16,41.15,41.07047,0.19326853,0.006325021,0.07953,0.07953,,,,,
5:18,41.575,41.62722,0.12560433,0.002726928,-0.05222,0.05222,,,,,
5:20,40.8,40.67622,0.303382353,0.015321488,0.12378,0.12378,,,,,
5:22,41.2625,41.22984,0.079151772,0.001066676,0.03266,0.03266,,,,,
5:24,41.7875,41.76568,0.052216572,0.000476112,0.02182,0.02182,,,,,
5:26,41.2875,41.21316,0.180054496,0.005526436,0.07434,0.07434,,,,,
5:28,41.4125,41.28161,0.31606399,0.017132192,0.13089,0.13089,,,,,
5:30,41.2,41.03617,0.397645631,0.026840269,0.16383,0.16383,,,,,
5:32,40.9375,40.78334,0.376574046,0.023765306,0.15416,0.15416,,,,,
5:34,40.6875,40.71336,0.063557604,0.00066874,-0.02586,0.02586,,,,,
5:36,41.0875,40.97937,0.263170064,0.011692097,0.10813,0.10813,,,,,
5:38,41.0875,41.04558,0.102026164,0.001757286,0.04192,0.04192,,,,,
5:40,40.9125,40.93309,0.050326917,0.000423948,-0.02059,0.02059,,,,,
5:42,40.8625,40.85788,0.01130621,2.13E-05,0.00462,0.00462,,,,,
5:44,40.6875,40.57834,0.268288786,0.011915906,0.10916,0.10916,,,,,
5:46,40.9125,41.00164,0.217879621,0.00794594,-0.08914,0.08914,,,,,
5:48,40.825,40.85847,0.081984078,0.001120241,-0.03347,0.03347,,,,,
5:50,40.9125,41.06885,0.382157042,0.024445322,-0.15635,0.15635,,,,,
5:52,41.2,41.3064,0.258252427,0.01132096,-0.1064,0.1064,,,,,
5:54,40.9125,40.89602,0.040281088,0.00027159,0.01648,0.01648,,,,,
5:56,40.9125,40.86102,0.125829514,0.00265019,0.05148,0.05148,,,,,
5:58,40.6875,40.67305,0.035514593,0.000208802,0.01445,0.01445,,,,,
6:00,40.6875,40.60559,0.2013149,0.006709248,0.08191,0.08191,,,,,
6:02,40.7125,40.6601,0.128707399,0.00274576,0.0524,0.0524,,,,,
6:04,40.5125,40.49263,0.049046591,0.000394817,0.01987,0.01987,,,,,
6:06,40.6875,40.80744,0.29478341,0.014385604,-0.11994,0.11994,,,,,
6:08,40.8625,40.9179,0.135576629,0.00306916,-0.0554,0.0554,,,,,
6:10,40.7125,40.79158,0.194240098,0.006253646,-0.07908,0.07908,,,,,
6:12,41.2,41.05939,0.341286408,0.019771172,0.14061,0.14061,,,,,
6:14,40.3875,40.38216,0.013221913,2.85E-05,0.00534,0.00534,,,,,
6:16,40.5125,40.45203,0.149262573,0.003656621,0.06047,0.06047,,,,,
6:18,40.5375,40.57416,0.090434783,0.001343956,-0.03666,0.03666,,,,,
6:20,40.8,40.79161,0.020563725,7.04E-05,0.00839,0.00839,,,,,
6:22,40.3875,40.24555,0.351470133,0.020149803,0.14195,0.14195,,,,,
6:24,40.625,40.67834,0.131298462,0.002845156,-0.05334,0.05334,,,,,
6:26,40.6875,40.69505,0.018556068,5.70E-05,-0.00755,0.00755,,,,,
6:28,40.775,40.83465,0.146290619,0.003558123,-0.05965,0.05965,,,,,
6:30,41,40.98524,0.036,0.000217858,0.01476,0.01476,,,,,
6:32,40.9375,40.8961,0.101129771,0.00171396,0.0414,0.0414,,,,,
6:34,41.15,41.06912,0.19654921,0.006541574,0.08088,0.08088,,,,,
6:36,41.2625,41.1588,0.251317782,0.01075369,0.1037,0.1037,,,,,
6:38,41.55,41.59883,0.117521059,0.002384369,-0.04883,0.04883,,,,,
6:40,41.2375,41.13229,0.255131858,0.011069144,0.10521,0.10521,,,,,
6:42,41.0625,41.01958,0.104523592,0.001842126,0.04292,0.04292,,,,,
6:44,42.3625,42.57367,0.498483328,0.044592769,-0.21117,0.21117,,,,,
6:46,42.8,42.92817,0.299462617,0.016427549,-0.12817,0.12817,,,,,
6:48,43.4,43.20877,0.44062212,0.036568913,0.19123,0.19123,,,,,
6:50,43.4625,43.21778,0.563060109,0.059887878,0.24472,0.24472,,,,,
6:52,43.375,43.03937,0.773786744,0.112647497,0.33563,0.33563,,,,,
6:54,42.65,42.10078,1.287737397,0.301642608,0.54922,0.54922,,,,,
6:56,43.1125,42.74719,0.847341258,0.133451396,0.36531,0.36531,,,,,
6:58,43,42.61929,0.885372093,0.144940104,0.38071,0.38071,,,,,
7:00,43.4,43.08119,0.734585253,0.101639816,0.31881,0.31881,,,,,
7:02,43.6625,43.33119,0.758797595,0.109766316,0.33131,0.33131,,,,,
7:04,43.175,42.65867,1.195900405,0.266596669,0.51633,0.51633,,,,,
7:06,43,42.51291,1.132767442,0.237256668,0.48709,0.48709,,,,,
7:08,42.675,42.24358,1.010943175,0.186123216,0.43142,0.43142,,,,,
7:10,43.5125,42.18925,3.041080149,1.750990563,1.32325,1.32325,,,,,
7:12,43.9,43.19799,1.599111617,0.49281804,0.70201,0.70201,,,,,
7:14,44.1,42.93657,2.638163265,1.353569365,1.16343,1.16343,,,,,
7:16,45.2,44.35748,1.863982301,0.70983995,0.84252,0.84252,,,,,
7:18,44.0375,43.31888,1.631836503,0.516414704,0.71862,0.71862,,,,,
7:20,45.4875,44.61059,1.927804342,0.768971148,0.87691,0.87691,,,,,
7:22,45.4875,44.49919,2.172706788,0.976756656,0.98831,0.98831,,,,,
7:24,45.8625,44.78765,2.343635868,1.155302523,1.07485,1.07485,,,,,
7:26,45.8375,44.79722,2.2694955,1.082182478,1.04028,1.04028,,,,,
7:28,45.2,43.96765,2.726438053,1.518686523,1.23235,1.23235,,,,,
7:30,44.675,43.54082,2.538735311,1.286364272,1.13418,1.13418,,,,,
7:32,45.1375,44.29532,1.865810025,0.709267152,0.84218,0.84218,,,,,
7:34,44.825,43.87017,2.130128277,0.911700329,0.95483,0.95483,,,,,
7:36,45,43.89959,2.445355556,1.210902168,1.10041,1.10041,,,,,
7:38,44.7375,43.7574,2.190779547,0.96059601,0.9801,0.9801,,,,,
7:40,45.1125,44.12254,2.194425048,0.980020802,0.98996,0.98996,,,,,
7:42,44.9625,44.0008,2.138893522,0.92486689,0.9617,0.9617,,,,,
7:44,44.875,43.7844,2.430306407,1.18940836,1.0906,1.0906,,,,,
7:46,44.475,43.53524,2.113007307,0.883148858,0.93976,0.93976,,,,,
7:48,44.5875,43.87618,1.595335015,0.505976142,0.71132,0.71132,,,,,
7:50,44.875,43.88849,2.198350975,0.97320198,0.98651,0.98651,,,,,
7:52,44.875,43.84806,2.288445682,1.054605764,1.02694,1.02694,,,,,
7:54,45.1125,44.28621,1.831620948,0.682755164,0.82629,0.82629,,,,,
7:56,45,44.0529,2.104666667,0.89699841,0.9471,0.9471,,,,,
7:58,45.425,44.34707,2.372988442,1.161933085,1.07793,1.07793,,,,,
8:00,45.3125,44.18081,2.497522759,1.280722256,1.13169,1.13169,,,,,
8:02,45.1375,44.11318,2.269332595,1.049231462,1.02432,1.02432,,,,,
8:04,45.1125,43.94266,2.593161541,1.368525626,1.16984,1.16984,,,,,
8:06,44.9125,43.81577,2.441925967,1.202816693,1.09673,1.09673,,,,,
8:08,44.6125,43.57634,2.322577753,1.073627546,1.03616,1.03616,,,,,
8:10,45.6875,44.67032,2.226385773,1.034655152,1.01718,1.01718,,,,,
8:12,45.025,44.00576,2.263720155,1.038850178,1.01924,1.01924,,,,,
8:14,44.85,43.6098,2.765217391,1.53809604,1.2402,1.2402,,,,,
8:16,44.9625,43.83368,2.51058104,1.274234592,1.12882,1.12882,,,,,
8:18,44.85,43.70262,2.55826087,1.316480864,1.14738,1.14738,,,,,
8:20,44.9625,44.08323,1.955562969,0.773115733,0.87927,0.87927,,,,,
8:22,44.875,43.86813,2.243721448,1.013787197,1.00687,1.00687,,,,,
8:24,44.3,43.45533,1.906704289,0.713467409,0.84467,0.84467,,,,,
8:26,45.05,43.96634,2.405460599,1.174318996,1.08366,1.08366,,,,,
8:28,45.1125,44.08515,2.277306733,1.055448023,1.02735,1.02735,,,,,
8:30,44.5375,43.5996,2.105865843,0.87965641,0.9379,0.9379,,,,,
8:32,44.675,43.78014,2.003044208,0.80077442,0.89486,0.89486,,,,,
8:34,44.6125,43.76938,1.889873914,0.710851334,0.84312,0.84312,,,,,
8:36,44.5625,43.58348,2.196959327,0.95848016,0.97902,0.97902,,,,,
8:38,45.2,44.22628,2.154247788,0.948130638,0.97372,0.97372,,,,,
8:40,44.9625,43.8918,2.381317765,1.14639849,1.0707,1.0707,,,,,
8:42,45.025,44.01091,2.252282066,1.028378528,1.01409,1.01409,,,,,
8:44,44.875,43.81859,2.354116992,1.116002088,1.05641,1.05641,,,,,
8:46,44.85,43.68136,2.605663322,1.36571945,1.16864,1.16864,,,,,
8:48,44.7375,43.62494,2.486862252,1.237789754,1.11256,1.11256,,,,,
8:50,44.325,43.41212,2.059514946,0.833349894,0.91288,0.91288,,,,,
8:52,45.025,44.18231,1.871604664,0.710126436,0.84269,0.84269,,,,,
8:54,44.3,43.39752,2.037200903,0.81447015,0.90248,0.90248,,,,,
8:56,44.9125,43.76039,2.565232396,1.327357452,1.15211,1.15211,,,,,
8:58,44.9625,43.98067,2.183664165,0.963990149,0.98183,0.98183,,,,,
9:00,44.3,43.35295,2.137810384,0.896903702,0.94705,0.94705,,,,,
9:02,44.5375,43.64873,1.995554308,0.789912113,0.88877,0.88877,,,,,
9:04,44.5375,43.61138,2.079416222,0.857698254,0.92612,0.92612,,,,,
9:06,44.675,43.79361,1.972893117,0.776848332,0.88139,0.88139,,,,,
9:08,44.7625,43.86329,2.008846691,0.808578624,0.89921,0.89921,,,,,
9:10,44.475,43.49101,2.212456436,0.96823632,0.98399,0.98399,,,,,
9:12,45,44.12101,1.953311111,0.77262342,0.87899,0.87899,,,,,
9:14,44.7,43.74023,2.147136465,0.921158453,0.95977,0.95977,,,,,
9:16,44.7,43.73956,2.148635347,0.922444994,0.96044,0.96044,,,,,
9:18,44.825,43.83611,2.20611266,0.977903432,0.98889,0.98889,,,,,
9:20,44.4125,43.51442,2.022133408,0.806547686,0.89808,0.89808,,,,,
9:22,44.7375,43.88005,1.916624756,0.735220503,0.85745,0.85745,,,,,
9:24,44.9625,43.98291,2.178682235,0.959596568,0.97959,0.97959,,,,,
9:26,44.7,43.7772,2.06442953,0.85155984,0.9228,0.9228,,,,,
9:28,44.275,43.18881,2.453280632,1.179808716,1.08619,1.08619,,,,,
9:30,44.15,43.30647,1.910600227,0.711542861,0.84353,0.84353,,,,,
9:32,44.7375,43.76573,2.172159821,0.944336933,0.97177,0.97177,,,,,
9:34,44.325,43.33166,2.241037789,0.986724356,0.99334,0.99334,,,,,
9:36,44.125,43.17294,2.157643059,0.906418244,0.95206,0.95206,,,,,
9:38,44.125,43.17028,2.163671388,0.911490278,0.95472,0.95472,,,,,
9:40,43.6625,42.88012,1.791880905,0.612118464,0.78238,0.78238,,,,,
9:42,44.2375,43.36796,1.965617406,0.756099812,0.86954,0.86954,,,,,
9:44,44.45,43.60818,1.893858268,0.708660912,0.84182,0.84182,,,,,
9:46,44.675,43.82118,1.91118075,0.729008592,0.85382,0.85382,,,,,
9:48,44.2375,43.22,2.30008477,1.03530625,1.0175,1.0175,,,,,
9:50,44.5625,43.61665,2.122524544,0.894632223,0.94585,0.94585,,,,,
9:52,44.275,43.31727,2.163139469,0.917246753,0.95773,0.95773,,,,,
9:54,44.475,43.46811,2.263946037,1.013827472,1.00689,1.00689,,,,,
9:56,44.3875,43.43541,2.144950718,0.906475368,0.95209,0.95209,,,,,
9:58,43.8375,42.96854,1.982229826,0.755091482,0.86896,0.86896,,,,,
10:00,44.15,43.32359,1.87182333,0.682953488,0.82641,0.82641,,,,,
10:02,43.8375,42.74382,2.494850299,1.196135942,1.09368,1.09368,,,,,
10:04,43.8625,42.97937,2.013405529,0.779918597,0.88313,0.88313,,,,,
10:06,43.8625,42.94163,2.099447136,0.848001557,0.92087,0.92087,,,,,
10:08,44.125,43.55725,1.286685552,0.322340062,0.56775,0.56775,,,,,
10:10,44.1875,43.31205,1.981216407,0.766412703,0.87545,0.87545,,,,,
10:12,44.1,43.20542,2.028526077,0.800273376,0.89458,0.89458,,,,,
10:14,43.9875,43.19026,1.812423984,0.635591618,0.79724,0.79724,,,,,
10:16,43.6625,42.93816,1.65895219,0.524668436,0.72434,0.72434,,,,,
10:18,43.6625,42.86526,1.825914687,0.635591618,0.79724,0.79724,,,,,
10:20,44.3875,43.69345,1.563615883,0.481705403,0.69405,0.69405,,,,,
10:22,44.3,43.40355,2.023589165,0.803622602,0.89645,0.89645,,,,,
10:24,43.9,43.01556,2.014669704,0.782234114,0.88444,0.88444,,,,,
10:26,43.5125,42.85995,1.499683999,0.425821503,0.65255,0.65255,,,,,
10:28,43.9875,43.27255,1.62534811,0.511153502,0.71495,0.71495,,,,,
10:30,44.45,43.59687,1.919302587,0.727830797,0.85313,0.85313,,,,,
10:32,44.0375,43.16473,1.98187908,0.761727473,0.87277,0.87277,,,,,
10:34,44.1875,43.35431,1.885578501,0.694205576,0.83319,0.83319,,,,,
10:36,44.15,43.25024,2.037961495,0.809568058,0.89976,0.89976,,,,,
10:38,44.2375,43.50428,1.65746256,0.537611568,0.73322,0.73322,,,,,
10:40,44.125,43.30706,1.853688385,0.669025844,0.81794,0.81794,,,,,
10:42,44.0375,43.20232,1.896520011,0.697525632,0.83518,0.83518,,,,,
10:44,44.1875,43.2818,2.049674682,0.82029249,0.9057,0.9057,,,,,
10:46,43.9875,43.08691,2.047377096,0.811062348,0.90059,0.90059,,,,,
10:48,43.8125,43.13446,1.547594864,0.459738242,0.67804,0.67804,,,,,
10:50,43.5125,42.75516,1.740511347,0.573563876,0.75734,0.75734,,,,,
10:52,44.1,43.25288,1.920907029,0.717612294,0.84712,0.84712,,,,,
10:54,43.4625,42.67769,1.805717573,0.615926736,0.78481,0.78481,,,,,
10:56,43.725,43.06917,1.499897084,0.430112989,0.65583,0.65583,,,,,
10:58,44.0125,43.2229,1.794035785,0.62346816,0.7896,0.7896,,,,,
11:00,43.8625,43.06849,1.810225135,0.63045188,0.79401,0.79401,,,,,
11:02,43.55,42.6381,2.09391504,0.83156161,0.9119,0.9119,,,,,
11:04,43.5125,42.71699,1.828233266,0.63283616,0.79551,0.79551,,,,,
11:06,43.375,42.68027,1.601682997,0.482649773,0.69473,0.69473,,,,,
11:08,44.2375,43.65498,1.316801356,0.33932955,0.58252,0.58252,,,,,
11:10,44.15,43.36915,1.768629672,0.609726723,0.78085,0.78085,,,,,
11:12,44.1,43.25553,1.914897959,0.713129581,0.84447,0.84447,,,,,
11:14,43.9,43.17095,1.66070615,0.531513903,0.72905,0.72905,,,,,
11:16,44.125,43.3865,1.673654391,0.54538225,0.7385,0.7385,,,,,
11:18,43.8375,43.05129,1.7934645,0.618126164,0.78621,0.78621,,,,,
11:20,44.1,43.14711,2.160748299,0.907999352,0.95289,0.95289,,,,,
11:22,43.6875,43.07783,1.395525036,0.371697509,0.60967,0.60967,,,,,
11:24,44.0375,43.28367,1.711791087,0.568259669,0.75383,0.75383,,,,,
11:26,43.75,42.98655,1.745028571,0.582855902,0.76345,0.76345,,,,,
11:28,43.2875,42.62197,1.537464626,0.442930181,0.66553,0.66553,,,,,
11:30,44.0375,43.32544,1.616940108,0.507029444,0.71206,0.71206,,,,,
11:32,43.4375,42.92569,1.178267626,0.261949476,0.51181,0.51181,,,,,
11:34,43.375,42.70037,1.555342939,0.455125637,0.67463,0.67463,,,,,
11:36,43.6,43.02497,1.318876147,0.330659501,0.57503,0.57503,,,,,
11:38,44.0375,43.33657,1.591666194,0.491302865,0.70093,0.70093,,,,,
11:40,43.8375,43.07156,1.747225549,0.586664084,0.76594,0.76594,,,,,
11:42,43.55,42.84265,1.624225029,0.500344022,0.70735,0.70735,,,,,
11:44,43.8125,43.16053,1.488091298,0.425064881,0.65197,0.65197,,,,,
11:46,43.375,42.77734,1.37789049,0.357197476,0.59766,0.59766,,,,,
11:48,43.8375,43.22087,1.406626747,0.380232557,0.61663,0.61663,,,,,
11:50,43.575,42.97799,1.370074584,0.35642094,0.59701,0.59701,,,,,
11:52,43.5125,43.00043,1.176834243,0.262215685,0.51207,0.51207,,,,,
11:54,43.4625,42.82266,1.47216566,0.409395226,0.63984,0.63984,,,,,
11:56,43.55,42.82281,1.66978186,0.528805296,0.72719,0.72719,,,,,
11:58,43.4375,42.94469,1.134526619,0.242861696,0.49281,0.49281,,,,,
12:00,43.4,42.77639,1.436889401,0.388889432,0.62361,0.62361,,,,,
12:02,43.95,43.32489,1.422320819,0.390762512,0.62511,0.62511,,,,,
12:04,43.6,42.9389,1.516284404,0.43705321,0.6611,0.6611,,,,,
12:06,43.4375,42.73919,1.607620144,0.487636856,0.69831,0.69831,,,,,
12:08,43.2875,42.72428,1.30111464,0.317216768,0.56322,0.56322,,,,,
12:10,43.4625,42.76227,1.611113028,0.490322053,0.70023,0.70023,,,,,
12:12,43.8625,43.15307,1.617395269,0.503290925,0.70943,0.70943,,,,,
12:14,43.4,42.71185,1.585599078,0.473550423,0.68815,0.68815,,,,,
12:16,43.2625,42.67182,1.365339497,0.348902862,0.59068,0.59068,,,,,
12:18,44.125,43.36329,1.726254958,0.580202124,0.76171,0.76171,,,,,
12:20,43.8625,42.94201,2.098580792,0.84730184,0.92049,0.92049,,,,,
12:22,43.4625,42.79371,1.538774806,0.447280064,0.66879,0.66879,,,,,
12:24,43.95,43.43217,1.178225256,0.268147909,0.51783,0.51783,,,,,
12:26,43.4,42.85363,1.258917051,0.298520177,0.54637,0.54637,,,,,
12:28,43.6875,42.9828,1.61304721,0.49660209,0.7047,0.7047,,,,,
12:30,43.6,43.01789,1.335114679,0.338852052,0.58211,0.58211,,,,,
12:32,43.4375,42.85378,1.343815827,0.340729038,0.58372,0.58372,,,,,
12:34,43.2875,42.63069,1.517320243,0.431399376,0.65681,0.65681,,,,,
12:36,42.8875,42.37753,1.18908773,0.260069401,0.50997,0.50997,,,,,
12:38,43.4625,42.81125,1.498418177,0.424126562,0.65125,0.65125,,,,,
12:40,43.4375,42.86098,1.327240288,0.33237531,0.57652,0.57652,,,,,
12:42,42.975,42.35016,1.453961606,0.390425026,0.62484,0.62484,,,,,
12:44,43.225,42.58824,1.473128976,0.405463298,0.63676,0.63676,,,,,
12:46,43.1375,42.58656,1.277171834,0.303534884,0.55094,0.55094,,,,,
12:48,43.3125,42.76404,1.266285714,0.300808372,0.54846,0.54846,,,,,
12:50,43.725,43.20204,1.196020583,0.273487162,0.52296,0.52296,,,,,
12:52,43.725,43.06426,1.511126358,0.436577348,0.66074,0.66074,,,,,
12:54,42.825,42.1978,1.46456509,0.39337984,0.6272,0.6272,,,,,
12:56,43.375,42.85175,1.206340058,0.273790562,0.52325,0.52325,,,,,
12:58,43.3125,42.73292,1.338135642,0.335912976,0.57958,0.57958,,,,,
13:00,43.0875,42.48271,1.403632144,0.365770944,0.60479,0.60479,,,,,
13:02,43.1375,42.55904,1.340967835,0.334615972,0.57846,0.57846,,,,,
13:04,43.1375,42.59421,1.259437844,0.295164024,0.54329,0.54329,,,,,
13:06,43.0875,42.62426,1.075114592,0.214591298,0.46324,0.46324,,,,,
13:08,43,42.45217,1.274023256,0.300117709,0.54783,0.54783,,,,,
13:10,42.8,42.29049,1.190443925,0.25960044,0.50951,0.50951,,,,,
13:12,43.55,43.00502,1.251389208,0.2970032,0.54498,0.54498,,,,,
13:14,43.8125,43.1823,1.438402282,0.39715204,0.6302,0.6302,,,,,
13:16,43.3125,42.74197,1.317240981,0.325504481,0.57053,0.57053,,,,,
13:18,43.025,42.50873,1.199930273,0.266534713,0.51627,0.51627,,,,,
13:20,42.1625,41.46774,1.647815001,0.482691458,0.69476,0.69476,,,,,
13:22,42.675,42.12424,1.290591681,0.303336578,0.55076,0.55076,,,,,
13:24,42.975,42.33524,1.488679465,0.409292858,0.63976,0.63976,,,,,
13:26,42.8875,42.29938,1.371308656,0.345885134,0.58812,0.58812,,,,,
13:28,42.85,42.30232,1.278133022,0.299953382,0.54768,0.54768,,,,,
13:30,43.025,42.54813,1.108355607,0.227404997,0.47687,0.47687,,,,,
13:32,42.8875,42.40145,1.133313903,0.236244603,0.48605,0.48605,,,,,
13:34,43,42.59803,0.934813953,0.161579881,0.40197,0.40197,,,,,
13:36,42.65,42.14277,1.189284877,0.257282273,0.50723,0.50723,,,,,
13:38,43.1125,42.554,1.295447956,0.31192225,0.5585,0.5585,,,,,
13:40,43.025,42.5172,1.180244044,0.25786084,0.5078,0.5078,,,,,
13:42,43.3125,42.85471,1.056946609,0.209571684,0.45779,0.45779,,,,,
13:44,43.025,42.44904,1.338663568,0.331729922,0.57596,0.57596,,,,,
13:46,43,42.39454,1.408046512,0.366581812,0.60546,0.60546,,,,,
13:48,43.4,42.8561,1.253225806,0.29582721,0.5439,0.5439,,,,,
13:50,43.2625,42.74442,1.197526726,0.268406886,0.51808,0.51808,,,,,
13:52,42.65,42.10982,1.266541618,0.291794432,0.54018,0.54018,,,,,
13:54,43.025,42.51975,1.174317257,0.255277562,0.50525,0.50525,,,,,
13:56,42.075,41.50721,1.349471182,0.322385484,0.56779,0.56779,,,,,
13:58,42.0125,41.42639,1.395084796,0.343524932,0.58611,0.58611,,,,,
14:00,42.0125,41.49393,1.234323118,0.268914845,0.51857,0.51857,,,,,
14:02,41.95,41.54704,0.96057211,0.162376762,0.40296,0.40296,,,,,
14:04,41.95,41.48287,1.113539928,0.218210437,0.46713,0.46713,,,,,
14:06,42.275,41.91833,0.843690124,0.127213489,0.35667,0.35667,,,,,
14:08,41.875,41.38894,1.160740299,0.236254324,0.48606,0.48606,,,,,
14:10,41.9875,41.65102,0.801381364,0.11321879,0.33648,0.33648,,,,,
14:12,42.45,42.09799,0.829234393,0.12391104,0.35201,0.35201,,,,,
14:14,42.5375,42.16841,0.867681458,0.136227428,0.36909,0.36909,,,,,
14:16,41.725,41.29844,1.022312762,0.181953434,0.42656,0.42656,,,,,
14:18,42.3,42.07731,0.526453901,0.049590836,0.22269,0.22269,,,,,
14:20,41.95,41.6209,0.784505364,0.10830681,0.3291,0.3291,,,,,
14:22,42.425,42.18263,0.571290513,0.058743217,0.24237,0.24237,,,,,
14:24,42.2125,41.7687,1.05134735,0.19695844,0.4438,0.4438,,,,,
14:26,42.3625,41.99365,0.870699321,0.136050322,0.36885,0.36885,,,,,
14:28,42.075,41.58761,1.158383838,0.237549012,0.48739,0.48739,,,,,
14:30,42.5,42.24356,0.603388235,0.065761474,0.25644,0.25644,,,,,
14:32,41.925,41.56841,0.850542636,0.127156428,0.35659,0.35659,,,,,
14:34,42.3625,41.9608,0.94824432,0.16136289,0.4017,0.4017,,,,,
14:36,42.45,42.06656,0.903274441,0.147026234,0.38344,0.38344,,,,,
14:38,42.1,41.67782,1.00280285,0.178235952,0.42218,0.42218,,,,,
14:40,42.25,41.86921,0.901278107,0.145001024,0.38079,0.38079,,,,,
14:42,42.0125,41.67521,0.80283249,0.113764544,0.33729,0.33729,,,,,
14:44,41.95,41.52266,1.018688915,0.182619476,0.42734,0.42734,,,,,
14:46,42.1,41.71528,0.913824228,0.148009478,0.38472,0.38472,,,,,
14:48,42.425,42.014,0.968768415,0.168921,0.411,0.411,,,,,
14:50,41.95,41.5912,0.855303933,0.12873744,0.3588,0.3588,,,,,
14:52,42.25,41.83749,0.97635503,0.1701645,0.41251,0.41251,,,,,
14:54,42.3875,42.05196,0.791601298,0.112587092,0.33554,0.33554,,,,,
14:56,42.5,42.17703,0.759929412,0.104309621,0.32297,0.32297,,,,,
14:58,42.3,41.91185,0.917612293,0.150660422,0.38815,0.38815,,,,,
15:00,42.125,41.76888,0.845388724,0.126821454,0.35612,0.35612,,,,,
15:02,42.5625,42.19555,0.862143906,0.134652303,0.36695,0.36695,,,,,
15:04,43.1125,42.71105,0.931168455,0.161162102,0.40145,0.40145,,,,,
15:06,42.7375,42.26618,1.102825388,0.222142542,0.47132,0.47132,,,,,
15:08,42.5625,41.95136,1.435864905,0.3734921,0.61114,0.61114,,,,,
15:10,42.425,41.90653,1.222086034,0.268811141,0.51847,0.51847,,,,,
15:12,42.0125,41.67303,0.808021422,0.115239881,0.33947,0.33947,,,,,
15:14,41.95,41.59188,0.853682956,0.128249934,0.35812,0.35812,,,,,
15:16,42.3625,41.96376,0.941257008,0.158993588,0.39874,0.39874,,,,,
15:18,42.65,42.30065,0.819109027,0.122045423,0.34935,0.34935,,,,,
15:20,42.125,41.77042,0.841732938,0.125726976,0.35458,0.35458,,,,,
15:22,42.425,42.01655,0.962757808,0.166831402,0.40845,0.40845,,,,,
15:24,42.125,41.80545,0.758575668,0.102112203,0.31955,0.31955,,,,,
15:26,42.65,42.23512,0.972754982,0.172125414,0.41488,0.41488,,,,,
15:28,41.7875,41.32637,1.103511816,0.212640877,0.46113,0.46113,,,,,
15:30,42.675,42.2208,1.064323374,0.20629764,0.4542,0.4542,,,,,
15:32,42.5625,42.12796,1.020945668,0.188825012,0.43454,0.43454,,,,,
15:34,42.3625,41.9981,0.860194748,0.13278736,0.3644,0.3644,,,,,
15:36,41.6375,41.13542,1.205836085,0.252084326,0.50208,0.50208,,,,,
15:38,41.2875,40.88255,0.980805328,0.163984503,0.40495,0.40495,,,,,
15:40,41.7875,41.43097,0.853197727,0.127113641,0.35653,0.35653,,,,,
15:42,41.375,41.06132,0.758138973,0.098395142,0.31368,0.31368,,,,,
15:44,41.525,41.21985,0.734858519,0.093116522,0.30515,0.30515,,,,,
15:46,41.525,41.39382,0.315906081,0.017208192,0.13118,0.13118,,,,,
15:48,41.8375,41.61565,0.53026591,0.049217422,0.22185,0.22185,,,,,
15:50,41.6375,41.45249,0.444335035,0.0342287,0.18501,0.18501,,,,,
15:52,41.6625,41.40478,0.618589859,0.066419598,0.25772,0.25772,,,,,
15:54,41.525,41.22407,0.724695966,0.090558865,0.30093,0.30093,,,,,
15:56,41.725,41.45627,0.64405033,0.072215813,0.26873,0.26873,,,,,
15:58,41.35,41.04769,0.731100363,0.091391336,0.30231,0.30231,,,,,
16:00,41.95,41.7089,0.574731824,0.05812921,0.2411,0.2411,,,,,
16:02,41.525,41.39637,0.309765202,0.016545677,0.12863,0.12863,,,,,
16:04,41.2375,41.09255,0.351500455,0.021010502,0.14495,0.14495,,,,,
16:06,41.4875,41.23117,0.61784875,0.065705069,0.25633,0.25633,,,,,
16:08,41.7875,41.51115,0.661322166,0.076369323,0.27635,0.27635,,,,,
16:10,41.575,41.37125,0.490078172,0.041514062,0.20375,0.20375,,,,,
16:12,40.975,40.67534,0.731323978,0.089796116,0.29966,0.29966,,,,,
16:14,41.0875,40.90505,0.444052327,0.033288002,0.18245,0.18245,,,,,
16:16,41.2,41.03289,0.405606796,0.027925752,0.16711,0.16711,,,,,
16:18,41.15,41.05992,0.21890644,0.008114406,0.09008,0.09008,,,,,
16:20,40.9375,40.6496,0.703267176,0.08288641,0.2879,0.2879,,,,,
16:22,40.8625,40.72383,0.339357602,0.019229369,0.13867,0.13867,,,,,
16:24,40.9375,40.85518,0.201087023,0.006776582,0.08232,0.08232,,,,,
16:26,40.475,40.30485,0.420382952,0.028951022,0.17015,0.17015,,,,,
16:28,40.275,40.10759,0.415667287,0.028026108,0.16741,0.16741,,,,,
16:30,39.6375,39.51579,0.307057711,0.014813324,0.12171,0.12171,,,,,
16:32,39.7,39.63898,0.153702771,0.00372344,0.06102,0.06102,,,,,
16:34,40.05,40.17118,0.302571785,0.014684592,-0.12118,0.12118,,,,,
16:36,38.8875,38.70197,0.477094182,0.034421381,0.18553,0.18553,,,,,
16:38,38.5375,38.38175,0.4041518,0.024258063,0.15575,0.15575,,,,,
16:40,38.25,38.28196,0.083555556,0.001021442,-0.03196,0.03196,,,,,
16:42,38.1625,38.35276,0.498552244,0.036198868,-0.19026,0.19026,,,,,
16:44,37.9375,38.10134,0.431868204,0.026843546,-0.16384,0.16384,,,,,
16:46,37.65,37.8008,0.400531208,0.02274064,-0.1508,0.1508,,,,,
16:48,37.2125,37.40754,0.524124958,0.038040602,-0.19504,0.19504,,,,,
16:50,37.475,37.8735,1.063375584,0.15880225,-0.3985,0.3985,,,,,
16:52,37.325,37.5807,0.68506363,0.06538249,-0.2557,0.2557,,,,,
16:54,37.325,37.86327,1.442116544,0.289734593,-0.53827,0.53827,,,,,
16:56,37.875,38.28678,1.087207921,0.169562768,-0.41178,0.41178,,,,,
16:58,37.9,38.44923,1.449155673,0.301653593,-0.54923,0.54923,,,,,
17:00,38.05,38.6416,1.554796321,0.34999056,-0.5916,0.5916,,,,,
17:02,38.3625,38.89965,1.400195503,0.288530123,-0.53715,0.53715,,,,,
17:04,38.025,38.33329,0.810756082,0.095042724,-0.30829,0.30829,,,,,
17:06,38.225,38.6757,1.179071288,0.20313049,-0.4507,0.4507,,,,,
17:08,38.45,38.82422,0.973263979,0.140040608,-0.37422,0.37422,,,,,
17:10,38.45,38.9655,1.340702211,0.26574025,-0.5155,0.5155,,,,,
17:12,38.5125,38.87369,0.937851347,0.130458216,-0.36119,0.36119,,,,,
17:14,38.4875,38.85154,0.945865541,0.132525122,-0.36404,0.36404,,,,,
17:16,38.4,38.74343,0.894348958,0.117944165,-0.34343,0.34343,,,,,
17:18,37.9625,38.34662,1.011840632,0.147548174,-0.38412,0.38412,,,,,
17:20,38.45,38.89413,1.155084525,0.197251457,-0.44413,0.44413,,,,,
17:22,38.45,38.75145,0.784005202,0.090872102,-0.30145,0.30145,,,,,
17:24,38.9125,39.3469,1.116350787,0.18870336,-0.4344,0.4344,,,,,
17:26,38.775,39.12361,0.899058672,0.121528932,-0.34861,0.34861,,,,,
17:28,38.6875,38.98053,0.75742811,0.085866581,-0.29303,0.29303,,,,,
17:30,38.075,38.47351,1.04664478,0.15881022,-0.39851,0.39851,,,,,
17:32,38.025,38.36339,0.88991453,0.114507792,-0.33839,0.33839,,,,,
17:34,38.25,38.6238,0.977254902,0.13972644,-0.3738,0.3738,,,,,
17:36,37.875,38.27902,1.066719472,0.16323216,-0.40402,0.40402,,,,,
17:38,38.45,38.82856,0.984551365,0.143307674,-0.37856,0.37856,,,,,
17:40,38.2,38.62211,1.105,0.178176852,-0.42211,0.42211,,,,,
17:42,38.6,39.05961,1.190699482,0.211241352,-0.45961,0.45961,,,,,
17:44,38.95,39.52688,1.481078306,0.332790534,-0.57688,0.57688,,,,,
17:46,38.6,38.84175,0.626295337,0.058443062,-0.24175,0.24175,,,,,
17:48,38.5125,38.87593,0.94366764,0.132081365,-0.36343,0.36343,,,,,
17:50,37.525,37.77676,0.670912725,0.063383098,-0.25176,0.25176,,,,,
17:52,37.2375,37.64909,1.105310507,0.169406328,-0.41159,0.41159,,,,,
17:54,37.0625,37.50803,1.202104553,0.198496981,-0.44553,0.44553,,,,,
17:56,37.5,37.94905,1.197466667,0.201645903,-0.44905,0.44905,,,,,
17:58,37.0625,37.62321,1.512876897,0.314395704,-0.56071,0.56071,,,,,
18:00,37.2375,37.77431,1.441584424,0.288164976,-0.53681,0.53681,,,,,
18:02,37.3875,37.93613,1.46741558,0.300994877,-0.54863,0.54863,,,,,
18:04,37.2375,37.81156,1.541617993,0.329544884,-0.57406,0.57406,,,,,
18:06,37.7375,38.22795,1.299635641,0.240541203,-0.49045,0.49045,,,,,
18:08,37.4375,38.01456,1.541395659,0.332998244,-0.57706,0.57706,,,,,
18:10,37.0625,37.5963,1.440269815,0.28494244,-0.5338,0.5338,,,,,
18:12,37.0125,37.59275,1.56771361,0.336690062,-0.58025,0.58025,,,,,
18:14,37.0375,37.61576,1.561282484,0.334384628,-0.57826,0.57826,,,,,
18:16,36.95,37.54507,1.610473613,0.354108305,-0.59507,0.59507,,,,,
18:18,36.925,37.56313,1.728178741,0.407209897,-0.63813,0.63813,,,,,
18:20,36.6375,37.21942,1.58831798,0.338630886,-0.58192,0.58192,,,,,
18:22,36.6375,37.4356,2.178369157,0.63696361,-0.7981,0.7981,,,,,
18:24,37.1875,37.82361,1.710547899,0.404635932,-0.63611,0.63611,,,,,
18:26,37.3,38.02321,1.938900804,0.523032704,-0.72321,0.72321,,,,,
18:28,36.8,37.39288,1.611086957,0.351506694,-0.59288,0.59288,,,,,
18:30,37.1,37.82116,1.943827493,0.520071746,-0.72116,0.72116,,,,,
18:32,36.6625,37.42021,2.066716672,0.574124444,-0.75771,0.75771,,,,,
18:34,37.2375,37.82983,1.590681437,0.350854829,-0.59233,0.59233,,,,,
18:36,37.0375,37.73486,1.882848464,0.48631097,-0.69736,0.69736,,,,,
18:38,37.2125,37.80889,1.602660396,0.355681032,-0.59639,0.59639,,,,,
18:40,37.0625,37.72034,1.774947723,0.432753466,-0.65784,0.65784,,,,,
18:42,36.8875,37.50512,1.674334124,0.381454464,-0.61762,0.61762,,,,,
18:44,37.2375,37.86827,1.693910708,0.397870793,-0.63077,0.63077,,,,,
18:46,37.15,37.86555,1.926110363,0.512011803,-0.71555,0.71555,,,,,
18:48,37.15,37.83091,1.832866756,0.463638428,-0.68091,0.68091,,,,,
18:50,37.1,37.78861,1.856091644,0.474183732,-0.68861,0.68861,,,,,
18:52,36.95,37.55731,1.643599459,0.368825436,-0.60731,0.60731,,,,,
18:54,36.8625,37.55739,1.88508647,0.482872112,-0.69489,0.69489,,,,,
18:56,37.325,37.98033,1.755740121,0.429457409,-0.65533,0.65533,,,,,
18:58,37.325,37.97932,1.753034159,0.428134662,-0.65432,0.65432,,,,,
19:00,37.0625,37.68853,1.68911973,0.391913561,-0.62603,0.62603,,,,,
19:02,37.0375,37.70457,1.801066487,0.444982385,-0.66707,0.66707,,,,,
19:04,37.1875,37.82963,1.726736134,0.412330937,-0.64213,0.64213,,,,,
19:06,37.1875,37.8661,1.824806723,0.46049796,-0.6786,0.6786,,,,,
19:08,37.1,37.75745,1.772102426,0.432240502,-0.65745,0.65745,,,,,
19:10,36.8875,37.54481,1.781931549,0.432056436,-0.65731,0.65731,,,,,
19:12,37.2375,37.87382,1.708815039,0.404903142,-0.63632,0.63632,,,,,
19:14,37.2125,37.85291,1.720953981,0.410124968,-0.64041,0.64041,,,,,
19:16,37.2375,37.76766,1.423726083,0.281069626,-0.53016,0.53016,,,,,
19:18,37.0125,37.79345,2.10996285,0.609882902,-0.78095,0.78095,,,,,
19:20,37.7375,38.28851,1.46011262,0.30361202,-0.55101,0.55101,,,,,
19:22,37.2375,37.90794,1.800443102,0.449489794,-0.67044,0.67044,,,,,
19:24,37.2375,37.90832,1.801463578,0.449999472,-0.67082,0.67082,,,,,
19:26,37.1875,37.83066,1.729505882,0.413654786,-0.64316,0.64316,,,,,
19:28,37.4375,38.03953,1.608093489,0.362440121,-0.60203,0.60203,,,,,
19:30,37.0375,37.67032,1.708592643,0.400461152,-0.63282,0.63282,,,,,
19:32,37.0125,37.651,1.725092874,0.40768225,-0.6385,0.6385,,,,,
19:34,37.0625,37.76583,1.897686341,0.494673089,-0.70333,0.70333,,,,,
19:36,37.1875,37.76355,1.549042017,0.331833603,-0.57605,0.57605,,,,,
19:38,36.95,37.63832,1.862841678,0.473784422,-0.68832,0.68832,,,,,
19:40,37.1,37.80058,1.888355795,0.490812336,-0.70058,0.70058,,,,,
19:42,37.0625,37.62661,1.52205059,0.318220092,-0.56411,0.56411,,,,,
19:44,36.8625,37.56816,1.914303154,0.497956036,-0.70566,0.70566,,,,,
19:46,36.8625,37.63938,2.10750763,0.603542534,-0.77688,0.77688,,,,,
19:48,37.0375,37.71566,1.831009112,0.459900986,-0.67816,0.67816,,,,,
19:50,37.3,37.93409,1.69997319,0.402070128,-0.63409,0.63409,,,,,
19:52,37.1,37.80285,1.894474394,0.493998122,-0.70285,0.70285,,,,,
19:54,37.325,37.98963,1.780656397,0.441733037,-0.66463,0.66463,,,,,
19:56,37.0375,37.64218,1.632615592,0.365637902,-0.60468,0.60468,,,,,
19:58,36.8875,37.48432,1.617946459,0.356194112,-0.59682,0.59682,,,,,
20:00,37.7375,38.33355,1.579463398,0.355275603,-0.59605,0.59605,,,,,
20:02,37.9,38.53725,1.681398417,0.406087563,-0.63725,0.63725,,,,,
20:04,37.475,38.11047,1.695717145,0.403822121,-0.63547,0.63547,,,,,
20:06,37.2375,37.84176,1.622719033,0.365130148,-0.60426,0.60426,,,,,
20:08,37.35,38.00736,1.76,0.43212217,-0.65736,0.65736,,,,,
20:10,37.2375,37.84214,1.62373951,0.36558953,-0.60464,0.60464,,,,,
20:12,37.1,37.76559,1.794043127,0.443010048,-0.66559,0.66559,,,,,
20:14,38.075,38.93786,2.266211425,0.74452738,-0.86286,0.86286,,,,,
20:16,38.625,39.53076,2.345009709,0.820401178,-0.90576,0.90576,,,,,
20:18,39.2125,39.86097,1.653732866,0.420513341,-0.64847,0.64847,,,,,
20:20,38.8875,39.2981,1.055866281,0.16859236,-0.4106,0.4106,,,,,
20:22,38.95,39.27396,0.831732991,0.104950082,-0.32396,0.32396,,,,,
20:24,38.6,39.01858,1.084404145,0.175209216,-0.41858,0.41858,,,,,
20:26,38.225,38.60149,0.984931328,0.14174472,-0.37649,0.37649,,,,,
20:28,38.6875,39.02094,0.861880452,0.111182234,-0.33344,0.33344,,,,,
20:30,38.3125,38.67643,0.949898858,0.132445045,-0.36393,0.36393,,,,,
20:32,38.4875,39.00099,1.334173433,0.26367198,-0.51349,0.51349,,,,,
20:34,38.3625,38.79108,1.117184751,0.183680816,-0.42858,0.42858,,,,,
20:36,38.1625,38.51972,0.936049787,0.127606128,-0.35722,0.35722,,,,,
20:38,38.4875,39.1472,1.714063007,0.43520409,-0.6597,0.6597,,,,,
20:40,40.1,40.94635,2.110598504,0.716308323,-0.84635,0.84635,,,,,
20:42,41.2,41.8395,1.552184466,0.40896025,-0.6395,0.6395,,,,,
20:44,41.0625,41.2822,0.535038052,0.04826809,-0.2197,0.2197,,,,,
20:46,40.775,40.93229,0.385751073,0.024740144,-0.15729,0.15729,,,,,
20:48,40.5375,40.62781,0.222781375,0.008155896,-0.09031,0.09031,,,,,
20:50,40.05,39.98196,0.16988764,0.004629442,0.06804,0.06804,,,,,
20:52,39.4625,39.4969,0.087171365,0.00118336,-0.0344,0.0344,,,,,
20:54,39.5,39.6007,0.254936709,0.01014049,-0.1007,0.1007,,,,,
20:56,39.55,39.75012,0.505992415,0.040048014,-0.20012,0.20012,,,,,
20:58,39.675,39.89159,0.545910523,0.046911228,-0.21659,0.21659,,,,,
21:00,39.7625,40.03552,0.686626847,0.07453992,-0.27302,0.27302,,,,,
21:02,40.1,40.2802,0.449376559,0.03247204,-0.1802,0.1802,,,,,
21:04,39.675,39.92717,0.635589162,0.063589709,-0.25217,0.25217,,,,,
21:06,39.85,39.76062,0.224291092,0.007988784,0.08938,0.08938,,,,,
21:08,39.7625,39.75683,0.014259667,3.21E-05,0.00567,0.00567,,,,,
21:10,40.05,40.27459,0.560774032,0.050440668,-0.22459,0.22459,,,,,
21:12,40.6875,40.69004,0.006242704,6.45E-06,-0.00254,0.00254,,,,,
21:14,42.1625,42.68347,1.235624074,0.271409741,-0.52097,0.52097,,,,,
21:16,42.7375,42.96181,0.524855221,0.050314976,-0.22431,0.22431,,,,,
21:18,43.175,43.13004,0.104134337,0.002021402,0.04496,0.04496,,,,,
21:20,43.225,43.12948,0.220983227,0.00912407,0.09552,0.09552,,,,,
21:22,43.0875,42.69631,0.907896722,0.153029616,0.39119,0.39119,,,,,
21:24,42.5625,42.12718,1.022778267,0.189503502,0.43532,0.43532,,,,,
21:26,42.65,42.23173,0.9807034,0.174949793,0.41827,0.41827,,,,,
21:28,42.3625,42.13674,0.532924166,0.050967578,0.22576,0.22576,,,,,
21:30,41.9875,41.72898,0.615707056,0.06683259,0.25852,0.25852,,,,,
21:32,41.7,41.49594,0.489352518,0.041640484,0.20406,0.20406,,,,,
21:34,41.6375,41.38015,0.618072651,0.066229023,0.25735,0.25735,,,,,
21:36,41.2375,41.05419,0.444522583,0.033602556,0.18331,0.18331,,,,,
21:38,40.8,40.73042,0.170539216,0.004841376,0.06958,0.06958,,,,,
21:40,41.35,41.29191,0.140483676,0.003374448,0.05809,0.05809,,,,,
21:42,41.2375,41.09896,0.33595635,0.019193332,0.13854,0.13854,,,,,
21:44,41.2625,41.05275,0.508330809,0.043995062,0.20975,0.20975,,,,,
21:46,41.4875,41.41074,0.185019584,0.005892098,0.07676,0.07676,,,,,
21:48,41.2875,41.21151,0.184050863,0.00577448,0.07599,0.07599,,,,,
21:50,41.2875,41.17771,0.265915834,0.012053844,0.10979,0.10979,,,,,
21:52,40.825,40.69429,0.320171464,0.017085104,0.13071,0.13071,,,,,
21:54,41.0625,40.75608,0.746228311,0.093893216,0.30642,0.30642,,,,,
21:56,41.1125,41.07066,0.101769535,0.001750586,0.04184,0.04184,,,,,
21:58,40.8625,40.76239,0.244992352,0.010022012,0.10011,0.10011,,,,,
22:00,40.25,40.39197,0.352720497,0.020155481,-0.14197,0.14197,,,,,
22:02,41.375,41.36234,0.030598187,0.000160276,0.01266,0.01266,,,,,
22:04,41.4125,41.35618,0.135997585,0.003171942,0.05632,0.05632,,,,,
22:06,41.2875,41.35689,0.168065395,0.004814972,-0.06939,0.06939,,,,,
22:08,41.7,41.62837,0.17177458,0.005130857,0.07163,0.07163,,,,,
22:10,41.35,41.06411,0.691390568,0.081733092,0.28589,0.28589,,,,,
22:12,40.9125,40.76946,0.349624198,0.020460442,0.14304,0.14304,,,,,
22:14,41.1125,41.03859,0.179775008,0.005462688,0.07391,0.07391,,,,,
22:16,40.975,40.89295,0.200244051,0.006732203,0.08205,0.08205,,,,,
22:18,41.4375,41.34144,0.231819005,0.009227524,0.09606,0.09606,,,,,
22:20,40.625,40.60438,0.050756923,0.000425184,0.02062,0.02062,,,,,
22:22,41.4125,41.32323,0.215562934,0.007969133,0.08927,0.08927,,,,,
22:24,41.35,41.37539,0.06140266,0.000644652,-0.02539,0.02539,,,,,
22:26,41.375,41.1553,0.530996979,0.04826809,0.2197,0.2197,,,,,
22:28,41.525,41.38095,0.346899458,0.020750403,0.14405,0.14405,,,,,
22:30,41.2875,41.08236,0.496857402,0.04208242,0.20514,0.20514,,,,,
22:32,41.35,41.2358,0.27617896,0.01304164,0.1142,0.1142,,,,,
22:34,41.2875,41.21881,0.166369967,0.004718316,0.06869,0.06869,,,,,
22:36,41.925,41.88048,0.106189624,0.00198203,0.04452,0.04452,,,,,
22:38,41.525,41.27602,0.599590608,0.06199104,0.24898,0.24898,,,,,
22:40,41.725,41.54286,0.436524865,0.03317498,0.18214,0.18214,,,,,
22:42,41.6625,41.49048,0.412889289,0.02959088,0.17202,0.17202,,,,,
22:44,41.55,41.36336,0.449193742,0.03483449,0.18664,0.18664,,,,,
22:46,41.55,41.32986,0.529819495,0.04846162,0.22014,0.22014,,,,,
22:48,41.55,41.39809,0.365607702,0.023076648,0.15191,0.15191,,,,,
22:50,41.6625,41.49114,0.411305131,0.02936425,0.17136,0.17136,,,,,
22:52,41.575,41.34973,0.541840048,0.050746573,0.22527,0.22527,,,,,
22:54,42.075,41.79273,0.67087344,0.079676353,0.28227,0.28227,,,,,
22:56,42.45,42.09529,0.835594817,0.125819184,0.35471,0.35471,,,,,
22:58,42.275,42.02096,0.600922531,0.064536322,0.25404,0.25404,,,,,
23:00,42.5625,42.21771,0.810079295,0.118880144,0.34479,0.34479,,,,,
23:02,42.9375,42.62465,0.728617176,0.097875122,0.31285,0.31285,,,,,
23:04,42.7375,42.42475,0.731792922,0.097812562,0.31275,0.31275,,,,,
23:06,42.5875,42.19898,0.912286469,0.15094779,0.38852,0.38852,,,,,
23:08,42.975,42.57987,0.919441536,0.156127717,0.39513,0.39513,,,,,
23:10,42.7125,42.33162,0.891729587,0.145069574,0.38088,0.38088,,,,,
23:12,42.675,42.30157,0.875055653,0.139449965,0.37343,0.37343,,,,,
23:14,42.8875,42.50846,0.883800641,0.143671322,0.37904,0.37904,,,,,
23:16,42.8875,42.40276,1.1302594,0.234972868,0.48474,0.48474,,,,,
23:18,42.8,42.29332,1.183831776,0.256724622,0.50668,0.50668,,,,,
23:20,42.5375,42.29159,0.578101675,0.060471728,0.24591,0.24591,,,,,
23:22,42.425,42.13054,0.694071892,0.086706692,0.29446,0.29446,,,,,
23:24,42.675,42.23211,1.037820738,0.196151552,0.44289,0.44289,,,,,
23:26,42.5,42.15894,0.802494118,0.116321924,0.34106,0.34106,,,,,
23:28,42.5875,42.16022,1.00329909,0.182568198,0.42728,0.42728,,,,,
23:30,43.1125,42.72491,0.899020006,0.150226008,0.38759,0.38759,,,,,
23:32,42.8875,42.47213,0.968510638,0.172532237,0.41537,0.41537,,,,,
23:34,42.975,42.61145,0.845956952,0.132168603,0.36355,0.36355,,,,,
23:36,43.4,42.88392,1.189124424,0.266338566,0.51608,0.51608,,,,,
23:38,43.4375,43.05465,0.881381295,0.146574122,0.38285,0.38285,,,,,
23:40,43.1125,42.68622,0.98876196,0.181714638,0.42628,0.42628,,,,,
23:42,42.975,42.22319,1.749412449,0.565218276,0.75181,0.75181,,,,,
23:44,42.5875,42.04562,1.272392134,0.293633934,0.54188,0.54188,,,,,
23:46,42.8875,42.39261,1.153925969,0.244916112,0.49489,0.49489,,,,,
23:48,42.8875,42.82159,0.153681143,0.004344128,0.06591,0.06591,,,,,
23:50,42.8875,42.76173,0.293255611,0.015818093,0.12577,0.12577,,,,,
23:52,42.8875,42.76525,0.285048091,0.014945063,0.12225,0.12225,,,,,
23:54,42.8875,42.76645,0.282250073,0.014653103,0.12105,0.12105,,,,,
23:56,42.8875,42.76787,0.278939085,0.014311337,0.11963,0.11963,,,,,
23:58,42.8875,42.76888,0.276584086,0.014070704,0.11862,0.11862,,,,,
